SRR10507653|k141_36978_6	satD|WP_444613358.1	40.4	188	105	4	20	201	29	215	9.2e-26	119.4
SRR10507653|k141_110824_7	siaM|siaM_36773_bv	100.0	430	0	0	1	430	1	430	3.4e-231	802.7
SRR10507653|k141_110824_8	siaQ|siaQ_3551_bv	100.0	151	0	0	1	151	1	151	1.3e-79	297.7
SRR10507653|k141_73953_1	nanA|nanA_9368_uniprot	44.6	130	72	0	1	130	9	138	2.0e-27	124.4
SRR10507653|k141_73960_2	nanU|nanU_209811_bv	99.5	415	2	0	1	415	1	415	4.3e-247	855.5
SRR10507653|k141_74007_11	nagB|nagB_4699_bv	100.0	247	0	0	1	247	1	247	6.7e-139	495.4
SRR10507653|k141_74007_12	nagA|nagA_2194_bv	100.0	366	0	0	1	366	1	366	5.7e-211	735.3
SRR10507653|k141_246_1	satB|WP_263079827.1	45.0	271	149	0	1	271	34	304	5.3e-60	233.4
SRR10507653|k141_246_4	satD|WP_075371712.1	46.2	253	134	2	8	260	20	270	8.8e-62	239.6
SRR10507653|k141_74081_3	nanR|nanR_1299_uniprot	42.7	225	128	1	1	225	1	224	9.7e-44	179.1
SRR10507653|k141_37159_84	satD|XZE89459.1	40.5	220	124	6	21	234	37	255	2.3e-38	161.4
SRR10507653|k141_111123_1	siaP|siaP_771664_bv	69.5	131	40	0	33	163	1	131	2.1e-48	194.1
SRR10507653|k141_111153_17	SIAE|SIAE_49004_bv	99.8	477	1	0	1	477	1	477	2.3e-292	1006.1
SRR10507653|k141_37272_31	satD|WP_103464044.1	40.0	235	123	7	14	236	37	265	2.6e-34	147.9
SRR10507653|k141_74385_1	SIAE|SIAE_85436_bv	96.1	206	8	0	1	206	17	222	1.0e-116	421.4
SRR10507653|k141_74425_3	nanK|nanK_31635_bv	42.3	305	159	6	4	306	2	291	4.4e-58	227.3
SRR10507653|k141_37334_12	satD|WP_271417843.1	44.1	256	134	5	40	289	17	269	3.9e-52	207.6
SRR10507653|k141_387_1	nagA|nagA_144194_bv	98.5	266	4	0	1	266	3	268	1.0e-148	528.1
SRR10507653|k141_111431_4	nanE|nanE_242_bv	100.0	234	0	0	1	234	1	234	1.6e-129	464.2
SRR10507653|k141_37395_37	nagA|nagA_10055_bv	100.0	379	0	0	1	379	1	379	4.2e-225	782.3
SRR10507653|k141_37644_2	nanQ|nanQ_2720_uniprot	98.7	154	2	0	1	154	1	154	1.5e-83	310.8
SRR10507653|k141_37644_3	siaP|siaP_387218_bv	73.5	279	74	0	54	332	2	280	1.1e-115	418.7
SRR10507653|k141_74717_1	satD|WP_264030952.1	40.6	217	127	1	16	230	44	260	5.3e-37	156.8
SRR10507653|k141_74764_5	SIAE|SIAE_1192_uniprot	96.5	508	18	0	1	508	1	508	9.8e-302	1037.3
SRR10507653|k141_37789_1	satB|WP_348478366.1	40.1	232	128	4	2	226	35	262	3.5e-41	170.6
SRR10507653|k141_74863_19	nanK|nanK_28066_bv	44.8	308	154	5	7	313	5	297	4.2e-61	237.3
SRR10507653|k141_74863_24	nagB|nagB_19478_bv	100.0	241	0	0	1	241	28	268	3.6e-137	489.6
SRR10507653|k141_74863_25	nagA|nagA_57430_bv	99.7	384	1	0	1	384	1	384	7.6e-222	771.5
SRR10507653|k141_74868_4	ompF|ompF_4074_bv	64.3	361	117	5	1	350	1	360	4.3e-131	469.9
SRR10507653|k141_37921_1	siaP|siaP_639380_bv	70.1	284	83	2	1	284	1	282	4.7e-111	403.3
SRR10507653|k141_933_1	kpsT|kpsT_10521_bv	49.1	228	116	0	5	232	1	228	3.0e-57	224.2
SRR10507653|k141_953_25	nanK|nanK_28066_bv	45.5	299	151	3	7	305	5	291	8.1e-57	223.0
SRR10507653|k141_75029_1	satD|WP_417218302.1	41.7	192	108	4	6	193	72	263	6.5e-29	129.8
SRR10507653|k141_111720_89	nagA|nagA_114685_bv	99.7	386	1	0	12	397	1	386	3.9e-221	769.2
SRR10507653|k141_111720_107	satD|WP_428904357.1	41.0	251	138	4	1	241	7	257	7.9e-42	173.3
SRR10507653|k141_111769_1	kpsM|kpsM_890_bv	49.8	233	117	0	1	233	5	237	3.8e-59	230.3
SRR10507653|k141_111876_2	nagA|nagA_939_bv	100.0	386	0	0	1	386	1	386	2.9e-221	769.6
SRR10507653|k141_38445_2	satD|WP_204878079.1	45.2	263	142	2	1	263	13	273	1.2e-65	252.3
SRR10507653|k141_75347_1	nanK|nanK_11278_bv	96.2	159	6	0	1	159	31	189	1.6e-85	317.4
SRR10507653|k141_111927_50	nanH|nanH_57301_bv	67.5	520	169	0	23	542	31	550	2.7e-209	730.3
SRR10507653|k141_75375_39	nanE|nanE_1311_bv	100.0	229	0	0	1	229	1	229	2.5e-127	456.8
SRR10507653|k141_38647_3	kpsM|kpsM_253_bv	64.4	264	93	1	18	281	15	277	3.9e-90	333.6
SRR10507653|k141_75520_15	kpsT|kpsT_10521_bv	45.5	244	132	1	4	246	2	245	8.1e-60	232.6
SRR10507653|k141_75520_16	kpsM|kpsM_245_uniprot	44.8	259	135	3	5	263	21	271	1.4e-49	198.7
SRR10507653|k141_112075_2	nagB|nagB_173245_bv	49.6	236	119	0	1	236	1	236	6.5e-62	239.6
SRR10507653|k141_1550_1	nanK|nanK_7216_bv	43.3	300	147	5	4	303	1	277	5.1e-56	220.3
SRR10507653|k141_112160_9	satD|WP_066299715.1	47.9	257	131	2	6	261	11	265	2.5e-64	248.1
SRR10507653|k141_112160_13	satB|OPL08662.1	40.3	315	177	2	1	315	1	304	2.2e-62	241.5
SRR10507653|k141_112213_2	nanU|nanU_332844_bv	53.0	438	180	7	2	437	101	514	1.8e-126	454.9
SRR10507653|k141_112241_2	satD|WP_378900728.1	40.2	209	112	6	17	216	30	234	3.1e-26	120.9
SRR10507653|k141_1664_1	satD|WP_373777344.1	41.0	212	117	7	2	206	52	262	1.9e-33	144.8
SRR10507653|k141_75639_6	nanK|nanK_7216_bv	40.5	309	172	4	12	317	4	303	2.2e-57	224.9
SRR10507653|k141_38858_1	nagB|nagB_8340_bv	98.8	170	2	0	1	170	72	241	1.4e-90	334.3
SRR10507653|k141_112280_47	kpsM|kpsM_245_uniprot	47.4	266	132	4	2	265	12	271	6.5e-55	216.5
SRR10507653|k141_112280_48	kpsT|kpsT_10521_bv	46.2	240	128	1	7	245	2	241	8.5e-60	232.6
SRR10507653|k141_112280_80	kpsM|kpsM_604_bv	48.8	281	141	2	12	292	2	279	2.8e-75	284.3
SRR10507653|k141_39061_5	siaM|siaM_145447_bv	100.0	424	0	0	1	424	1	424	6.0e-212	738.8
SRR10507653|k141_39061_6	siaQ|siaQ_480775_bv	99.4	169	1	0	1	169	1	169	5.2e-82	305.8
SRR10507653|k141_76020_1	nanA|nanA_5035_uniprot	51.1	88	43	0	3	90	1	88	4.8e-18	92.4
SRR10507653|k141_112510_9	nagB|nagB_4535_bv	100.0	242	0	0	1	242	1	242	1.2e-140	501.1
SRR10507653|k141_112510_10	nagA|nagA_28063_bv	100.0	375	0	0	1	375	1	375	5.5e-217	755.4
SRR10507653|k141_2051_8	nanU|nanU_204315_bv	68.7	530	166	0	10	539	1	530	1.4e-218	761.1
SRR10507653|k141_2052_38	nanU|nanU_105788_bv	98.6	423	4	1	97	517	1	423	4.1e-247	855.9
SRR10507653|k141_76051_31	nanU|nanU_298447_bv	98.2	544	10	0	1	544	1	544	0.0e+00	1124.4
SRR10507653|k141_76051_38	nanU|nanU_194521_bv	99.8	517	1	0	1	517	1	517	3.6e-312	1072.0
SRR10507653|k141_39372_2	siaP|siaP_512963_bv	97.2	108	3	0	1	108	1	108	2.7e-52	206.5
SRR10507653|k141_112611_5	nanQ|nanQ_1286_uniprot	95.6	158	7	0	1	158	1	158	1.2e-80	301.2
SRR10507653|k141_112611_20	nanQ|nanQ_2890_uniprot	99.4	160	1	0	1	160	1	160	5.6e-86	318.9
SRR10507653|k141_112657_3	kpsM|kpsM_253_bv	62.6	265	98	1	14	278	14	277	2.7e-88	327.4
SRR10507653|k141_39455_2	nanQ|nanQ_1719_bv	100.0	140	0	0	1	140	1	140	2.6e-79	296.6
SRR10507653|k141_76201_1	satD|MEG0096441.1	41.5	212	120	4	1	208	52	263	1.5e-36	155.6
SRR10507653|k141_76208_9	siaQ|siaQ_849_uniprot	44.9	138	76	0	2	139	1	138	6.4e-24	112.8
SRR10507653|k141_76208_10	siaT|siaT_53151_uniprot	99.5	427	2	0	1	427	1	427	4.0e-224	779.2
SRR10507653|k141_76208_12	nanQ|nanQ_2434_uniprot	98.7	152	2	0	1	152	14	165	2.6e-88	326.6
SRR10507653|k141_2172_2	satD|WP_049376393.1	50.8	238	113	3	23	260	34	267	8.1e-57	223.0
SRR10507653|k141_39661_2	kpsT|kpsT_13997_bv	53.1	226	106	0	9	234	8	233	5.1e-67	256.5
SRR10507653|k141_112927_1	satB|HQY31891.1	40.9	323	175	4	1	317	1	313	7.5e-58	226.5
SRR10507653|k141_39736_1	nanK|nanK_3774_bv	97.0	134	4	0	1	134	20	153	8.8e-69	261.5
SRR10507653|k141_112949_24	kpsM|kpsM_245_uniprot	45.9	266	136	4	2	265	12	271	4.6e-53	210.3
SRR10507653|k141_112949_25	kpsT|kpsT_10521_bv	46.2	240	128	1	9	247	2	241	5.0e-60	233.4
SRR10507653|k141_39988_1	satD|WP_129626403.1	40.4	223	125	7	21	237	37	257	8.1e-33	142.9
SRR10507653|k141_113328_2	nanK|nanK_17845_bv	40.0	275	158	6	33	304	3	273	4.4e-47	190.7
SRR10507653|k141_76588_2	nagB|nagB_45463_bv	100.0	242	0	0	1	242	1	242	2.5e-130	466.8
SRR10507653|k141_113441_2	nagA|nagA_4470_bv	100.0	369	0	0	1	369	23	391	8.6e-215	748.0
SRR10507653|k141_2602_2	nanU|nanU_6501_bv	100.0	503	0	0	1	503	11	513	1.5e-299	1030.0
SRR10507653|k141_40231_12	nanQ|nanQ_32_uniprot	100.0	146	0	0	1	146	1	146	3.9e-78	292.7
SRR10507653|k141_113476_1	SIAE|SIAE_102017_bv	100.0	466	0	0	1	466	40	505	5.6e-288	991.5
SRR10507653|k141_113536_5	nanA|nanA_24001_bv	99.1	224	2	0	80	303	1	224	1.3e-123	444.9
SRR10507653|k141_113536_6	nanQ|nanQ_5992_uniprot	49.7	151	72	3	1	148	1	150	4.1e-38	159.8
SRR10507653|k141_113554_2	nanU|nanU_464377_bv	99.6	487	2	0	15	501	1	487	1.2e-288	993.8
SRR10507653|k141_113627_5	nanU|nanU_317574_bv	100.0	511	0	0	1	511	6	516	1.1e-308	1060.4
SRR10507653|k141_113627_13	nanU|nanU_497957_bv	54.2	485	80	2	11	353	2	486	2.6e-136	487.3
SRR10507653|k141_76897_9	kpsT|kpsT_10521_bv	50.0	194	96	1	3	195	52	245	2.1e-50	201.1
SRR10507653|k141_76905_3	satD|WP_303378146.1	42.5	266	151	2	1	266	1	264	1.9e-59	231.9
SRR10507653|k141_76905_6	satB|WP_102345104.1	47.6	313	156	1	1	305	1	313	2.0e-71	271.6
SRR10507653|k141_113855_2	ompF|ompF_3972_bv	100.0	359	0	0	1	359	2	360	8.1e-210	731.5
SRR10507653|k141_40515_3	siaQ|siaQ_117426_bv	100.0	150	0	0	1	150	1	150	8.9e-78	291.6
SRR10507653|k141_77011_2	nanU|nanU_441088_bv	40.7	624	336	14	3	612	2	605	3.4e-123	444.5
SRR10507653|k141_3004_1	siaP|siaP_366340_bv	77.6	263	59	0	28	290	1	263	4.1e-114	413.3
SRR10507653|k141_3048_2	nanQ|nanQ_7778_uniprot	100.0	148	0	0	1	148	1	148	9.2e-83	308.1
SRR10507653|k141_3050_1	nanU|nanU_192445_bv	68.9	537	167	0	7	543	1	537	6.5e-235	815.5
SRR10507653|k141_77124_14	nanU|nanU_273398_bv	99.8	543	1	0	1	543	1	543	0.0e+00	1125.5
SRR10507653|k141_40846_14	siaM|siaM_207437_bv	99.1	113	1	0	1	113	1	113	4.0e-54	212.6
SRR10507653|k141_40866_20	siaM|siaM_5181_bv	100.0	432	0	0	1	432	1	432	3.6e-228	792.7
SRR10507653|k141_77442_1	nanA|nanA_21876_bv	99.2	259	2	0	1	259	41	299	6.0e-146	518.8
SRR10507653|k141_40959_2	nanE|nanE_19693_bv	98.1	158	3	0	1	158	1	158	3.2e-86	319.7
SRR10507653|k141_77480_2	satB|WP_044748530.1	40.4	312	181	1	1	307	1	312	6.4e-62	240.0
SRR10507653|k141_114651_1	nanQ|nanQ_4539_uniprot	99.3	149	1	0	1	149	1	149	1.9e-83	310.5
SRR10507653|k141_77518_1	nagB|nagB_14883_bv	100.0	270	0	0	1	270	1	270	1.0e-156	554.7
SRR10507653|k141_77639_3	siaQ|siaQ_989_uniprot	72.8	169	46	0	1	169	1	169	5.7e-65	249.2
SRR10507653|k141_3641_1	nanU|nanU_402827_bv	41.9	487	251	14	1	474	116	583	2.8e-93	344.7
SRR10507653|k141_77728_3	ompC|ompC_6963_bv	99.7	365	1	0	1	365	1	365	1.5e-211	737.3
SRR10507653|k141_3649_1	ompF|ompF_4556_bv	98.9	94	1	0	1	94	12	105	6.5e-48	191.8
SRR10507653|k141_41251_19	siaM|siaM_50696_bv	100.0	433	0	0	1	433	1	433	9.1e-224	778.1
SRR10507653|k141_41251_20	siaQ|siaQ_8475_bv	100.0	169	0	0	1	169	1	169	1.5e-84	314.3
SRR10507653|k141_114885_21	satB|MCD8010789.1	46.4	317	167	2	1	316	1	315	5.1e-70	266.9
SRR10507653|k141_114885_24	satD|WP_255793737.1	41.8	256	142	2	3	252	13	267	1.0e-54	216.1
SRR10507653|k141_41387_1	satD|WP_047261589.1	42.1	240	119	4	1	240	14	233	7.5e-42	172.9
SRR10507653|k141_41468_2	neuA|neuA_40988_bv	61.6	237	89	2	4	240	3	237	1.8e-75	285.0
SRR10507653|k141_115161_1	siaP|siaP_416657_bv	78.1	114	25	0	1	114	16	129	1.7e-47	190.7
SRR10507653|k141_115161_2	siaQ|siaQ_293538_bv	82.4	187	30	1	1	184	1	187	4.5e-79	296.2
SRR10507653|k141_115161_3	siaM|siaM_259333_bv	99.5	398	2	0	1	398	1	398	6.9e-194	678.7
SRR10507653|k141_78183_2	satD|WP_066299715.1	47.5	257	132	2	6	261	11	265	5.5e-64	246.9
SRR10507653|k141_3887_3	satD|WP_387533728.1	40.3	211	118	4	17	220	29	238	5.4e-31	136.7
SRR10507653|k141_115393_2	siaM|siaM_20647_bv	100.0	433	0	0	1	433	1	433	5.9e-223	775.4
SRR10507653|k141_78391_2	satD|WP_445507519.1	40.4	230	134	2	22	250	31	258	5.5e-43	176.8
SRR10507653|k141_4079_37	nanU|nanU_628889_bv	99.8	527	1	0	13	539	1	527	9.5e-313	1073.9
SRR10507653|k141_4079_57	nanU|nanU_253799_bv	99.8	577	1	0	12	588	1	577	0.0e+00	1213.4
SRR10507653|k141_4162_1	nagA|nagA_731_bv	100.0	360	0	0	1	360	1	360	7.6e-208	724.9
SRR10507653|k141_42008_29	nanK|nanK_22814_bv	40.4	314	180	5	2	310	7	318	9.9e-55	216.1
SRR10507653|k141_42111_1	nanU|nanU_412423_bv	94.9	276	14	0	1	276	116	391	1.7e-151	537.3
SRR10507653|k141_115885_1	nanU|nanU_18239_bv	100.0	569	0	0	1	569	8	576	0.0e+00	1181.0
SRR10507653|k141_78907_1	nanU|nanU_431313_bv	75.5	413	99	2	1	411	145	557	9.4e-186	651.7
SRR10507653|k141_4572_2	nanQ|nanQ_481_bv	100.0	154	0	0	1	154	1	154	2.9e-87	323.2
SRR10507653|k141_4603_2	nanE|nanE_2826_bv	100.0	228	0	0	1	228	1	228	2.5e-127	456.8
SRR10507653|k141_4603_3	nanA|nanA_995_bv	100.0	300	0	0	1	300	1	300	9.6e-172	604.7
SRR10507653|k141_4612_41	satD|HIR91678.1	40.2	219	126	3	20	234	30	247	7.6e-38	159.8
SRR10507653|k141_42578_2	siaQ|siaQ_989_uniprot	97.1	173	5	0	1	173	1	173	9.0e-90	331.6
SRR10507653|k141_42578_3	siaM|siaM_130947_bv	99.3	446	3	0	1	446	1	446	7.7e-234	811.6
SRR10507653|k141_42837_3	kpsM|kpsM_162_bv	56.2	256	112	0	4	259	3	258	2.8e-79	297.4
SRR10507653|k141_42945_2	SIAE|SIAE_29671_refseq	99.8	403	1	0	1	403	7	409	3.7e-235	815.8
SRR10507653|k141_79415_23	kpsT|kpsT_10521_bv	48.3	238	122	1	6	242	2	239	1.6e-60	235.0
SRR10507653|k141_79415_24	kpsM|kpsM_932_bv	99.6	258	1	0	1	258	1	258	2.1e-135	483.8
SRR10507653|k141_116407_1	siaM|siaM_579548_bv	99.4	177	1	0	1	177	1	177	2.4e-85	317.0
SRR10507653|k141_5068_2	nanH|nanH_30571_bv	47.9	349	169	3	13	358	9	347	7.9e-96	352.8
SRR10507653|k141_79635_1	nanQ|nanQ_2508_uniprot	100.0	149	0	0	1	149	1	149	1.2e-82	307.8
SRR10507653|k141_5119_26	nanK|nanK_28066_bv	42.8	304	163	3	7	310	5	297	1.1e-56	222.6
SRR10507653|k141_43218_1	nagB|nagB_44984_bv	97.8	134	3	0	1	134	1	134	9.5e-71	268.1
SRR10507653|k141_43227_1	satD|WP_354232700.1	44.6	258	137	2	5	257	10	266	6.9e-55	216.5
SRR10507653|k141_5144_10	kpsM|kpsM_163_bv	66.4	262	83	1	1	262	1	257	4.4e-88	326.6
SRR10507653|k141_116605_18	satD|WP_271417843.1	44.1	263	138	5	2	258	10	269	2.7e-52	208.0
SRR10507653|k141_79895_27	nanK|nanK_28066_bv	43.6	305	157	6	7	311	5	294	1.6e-52	208.8
SRR10507653|k141_79895_52	satD|WP_251840777.1	43.3	263	142	4	3	260	2	262	5.2e-56	220.3
SRR10507653|k141_43389_47	siaP|siaP_503766_bv	79.0	262	51	2	5	262	1	262	1.2e-109	398.7
SRR10507653|k141_5270_83	kpsM|kpsM_193_bv	53.9	271	111	3	1	270	1	258	3.5e-72	273.9
SRR10507653|k141_5270_84	kpsT|kpsT_10521_bv	48.8	240	122	1	6	244	1	240	1.0e-62	242.3
SRR10507653|k141_116836_6	siaQ|siaQ_42400_bv	100.0	162	0	0	29	190	1	162	3.7e-84	313.2
SRR10507653|k141_43549_5	nanK|nanK_297_bv	48.3	300	148	4	5	302	3	297	2.0e-71	271.6
SRR10507653|k141_43549_6	nanE|nanE_16171_bv	100.0	234	0	0	1	234	1	234	4.6e-129	462.6
SRR10507653|k141_43549_7	nanQ|nanQ_2947_uniprot	97.3	149	4	0	1	149	1	149	9.9e-85	314.7
SRR10507653|k141_43549_8	nanA|nanA_31404_bv	99.0	309	3	0	1	309	1	309	8.9e-173	608.2
SRR10507653|k141_116976_1	satB|WP_101552959.1	48.4	248	128	0	1	248	1	248	8.4e-57	222.6
SRR10507653|k141_43704_3	siaM|siaM_385679_bv	99.8	422	1	0	1	422	1	422	1.7e-214	747.3
SRR10507653|k141_43704_4	siaQ|siaQ_149581_bv	98.8	167	2	0	1	167	1	167	1.5e-81	304.3
SRR10507653|k141_43860_1	nanQ|nanQ_55_uniprot	99.3	146	1	0	1	146	3	148	3.6e-79	296.2
SRR10507653|k141_43939_2	satD|WP_271417843.1	47.0	236	120	2	27	262	39	269	3.3e-56	221.1
SRR10507653|k141_43939_5	satB|OPL08187.1	40.9	313	174	4	1	303	1	312	4.4e-55	217.2
SRR10507653|k141_117358_1	nanQ|nanQ_3133_uniprot	99.3	137	1	0	1	137	12	148	2.2e-75	283.5
SRR10507653|k141_117382_1	nanK|nanK_28066_bv	47.3	245	117	2	17	261	65	297	2.1e-53	211.5
SRR10507653|k141_117453_2	satD|WP_219752381.1	40.7	214	114	7	21	225	44	253	9.8e-29	129.4
SRR10507653|k141_80497_4	nagA|nagA_8441_bv	100.0	384	0	0	1	384	1	384	3.2e-220	766.1
SRR10507653|k141_5795_2	neuA|neuA_12749_uniprot	100.0	228	0	0	1	228	1	228	8.1e-131	468.4
SRR10507653|k141_5828_1	nanA|nanA_9509_uniprot	65.6	93	32	0	7	99	2	94	4.0e-26	119.4
SRR10507653|k141_117613_2	nanU|nanU_612529_bv	56.9	503	208	4	1	501	1	496	2.8e-160	567.4
SRR10507653|k141_117620_1	nanK|nanK_8349_bv	40.0	260	142	3	3	256	65	316	4.9e-47	190.3
SRR10507653|k141_80548_26	satD|WP_207616619.1	45.5	268	139	4	1	263	1	266	8.2e-60	233.0
SRR10507653|k141_80548_34	satD|MFQ7554379.1	40.8	260	150	3	16	274	10	266	1.5e-48	195.7
SRR10507653|k141_80548_93	satB|WP_292596291.1	40.3	308	184	0	6	313	6	313	1.0e-62	242.7
SRR10507653|k141_80548_96	satD|WP_406812420.1	44.7	255	125	2	5	244	11	264	3.7e-52	207.2
SRR10507653|k141_44230_2	siaP|siaP_353133_bv	67.3	257	82	1	101	355	1	257	4.7e-93	343.6
SRR10507653|k141_44230_3	siaM|siaM_377188_bv	100.0	425	0	0	1	425	1	425	3.5e-220	766.1
SRR10507653|k141_44350_1	nanA|nanA_5035_uniprot	48.3	89	44	1	3	91	1	87	8.2e-18	91.7
SRR10507653|k141_5843_51	satB|MCD6321403.1	40.3	305	179	2	1	303	1	304	7.0e-53	209.9
SRR10507653|k141_5843_54	satD|WP_271417843.1	46.9	245	125	2	20	264	30	269	4.1e-59	230.7
SRR10507653|k141_5843_300	nagB|nagB_12693_bv	100.0	240	0	0	1	240	1	240	7.5e-135	481.9
SRR10507653|k141_117658_12	satB|MCL2228095.1	42.9	308	175	1	1	308	1	307	1.2e-66	255.8
SRR10507653|k141_117658_15	satD|MER1996714.1	44.4	257	137	1	3	253	10	266	9.7e-58	226.1
SRR10507653|k141_80782_1	siaM|siaM_339103_bv	99.5	220	1	0	1	220	49	268	1.2e-110	401.4
SRR10507653|k141_5931_27	nagA|nagA_107202_bv	100.0	380	0	0	1	380	1	380	2.7e-224	779.6
SRR10507653|k141_5931_79	siaT|siaT_43426_uniprot	99.5	429	2	0	1	429	1	429	8.4e-222	771.5
SRR10507653|k141_5931_80	siaQ|siaQ_298229_bv	48.4	153	79	0	5	157	7	159	2.0e-30	134.4
SRR10507653|k141_117894_1	siaP|siaP_448920_bv	79.4	354	69	2	1	354	9	358	4.0e-161	569.7
SRR10507653|k141_44755_9	siaQ|siaQ_5956_bv	100.0	163	0	0	1	163	1	163	5.2e-87	322.4
SRR10507653|k141_44755_10	siaM|siaM_10862_bv	100.0	429	0	0	1	429	1	429	1.1e-221	771.2
SRR10507653|k141_44887_7	nanQ|nanQ_1286_uniprot	99.4	158	1	0	1	158	1	158	2.6e-83	310.1
SRR10507653|k141_44914_4	satD|WP_255793737.1	43.1	255	140	1	5	254	13	267	2.0e-58	228.4
SRR10507653|k141_6146_25	nagB|nagB_19689_bv	100.0	244	0	0	1	244	1	244	2.3e-139	496.9
SRR10507653|k141_6146_26	nagA|nagA_167406_bv	100.0	379	0	0	1	379	1	379	6.3e-221	768.5
SRR10507653|k141_6239_1	nanU|nanU_196140_bv	42.5	442	239	7	1	442	16	442	1.3e-95	352.4
SRR10507653|k141_118191_38	nanU|nanU_18478_bv	96.7	541	18	0	1	541	1	541	5.5e-311	1068.1
SRR10507653|k141_118191_106	nanU|nanU_311719_bv	55.9	494	208	3	1	491	1	487	2.4e-156	554.3
SRR10507653|k141_118218_2	siaQ|siaQ_28148_bv	99.4	167	1	0	1	167	1	167	5.1e-82	305.8
SRR10507653|k141_6301_2	satD|WP_278012708.1	41.0	251	138	4	1	241	5	255	6.6e-42	173.3
SRR10507653|k141_118311_1	siaP|siaP_196179_bv	98.8	164	2	0	1	164	56	219	7.5e-86	318.5
SRR10507653|k141_118378_2	nanU|nanU_415551_bv	59.4	436	174	2	1	436	4	436	2.2e-145	517.7
SRR10507653|k141_6465_1	nanU|nanU_590899_bv	60.8	365	136	3	16	378	3	362	3.9e-130	466.8
SRR10507653|k141_118428_3	nanA|nanA_46610_refseq	98.7	78	1	0	1	78	1	78	6.2e-37	155.2
SRR10507653|k141_81677_3	satB|WP_101552959.1	40.8	306	180	1	1	306	1	305	5.2e-64	246.9
SRR10507653|k141_118441_15	nanK|nanK_28066_bv	47.4	308	148	4	6	313	4	297	6.7e-67	256.5
SRR10507653|k141_6574_2	siaQ|siaQ_37311_bv	100.0	169	0	0	1	169	1	169	1.4e-82	307.8
SRR10507653|k141_6574_3	siaM|siaM_18426_bv	99.8	433	1	0	1	433	1	433	7.0e-224	778.5
SRR10507653|k141_81863_1	satD|WP_259288227.1	41.2	194	111	2	1	194	9	199	1.3e-31	138.7
SRR10507653|k141_81896_8	siaM|siaM_26090_bv	100.0	398	0	0	37	434	37	434	5.4e-208	725.7
SRR10507653|k141_81896_9	siaQ|siaQ_555646_bv	100.0	157	0	0	1	157	1	157	1.9e-78	293.9
SRR10507653|k141_81896_10	siaP|siaP_387218_bv	93.9	279	17	0	58	336	2	280	5.7e-149	529.3
SRR10507653|k141_81896_11	nanQ|nanQ_2400_uniprot	99.4	155	1	0	21	175	1	155	3.6e-86	319.7
SRR10507653|k141_82153_2	satD|MFY9634147.1	43.4	189	106	1	1	188	74	262	2.9e-36	154.1
SRR10507653|k141_6729_41	kpsM|kpsM_209_bv	59.6	277	111	1	1	276	1	277	1.2e-96	355.1
SRR10507653|k141_82353_2	nanU|nanU_91253_bv	57.0	579	241	6	16	591	14	587	1.0e-185	652.1
SRR10507653|k141_6824_1	nanE|nanE_4596_bv	100.0	165	0	0	1	165	65	229	4.1e-92	339.3
SRR10507653|k141_82359_1	nanA|nanA_79941_refseq	61.2	103	40	0	1	103	14	116	7.2e-34	145.2
SRR10507653|k141_46026_1	kpsT|kpsT_13997_bv	55.4	195	87	0	2	196	48	242	1.1e-57	225.7
SRR10507653|k141_82373_19	nanA|nanA_10135_bv	96.1	309	12	0	1	309	2	310	1.6e-169	597.4
SRR10507653|k141_82373_20	nanQ|nanQ_2340_uniprot	85.1	148	22	0	1	148	1	148	3.5e-74	279.6
SRR10507653|k141_82373_21	nanE|nanE_28998_bv	99.1	234	2	0	1	234	1	234	1.0e-128	461.5
SRR10507653|k141_82373_22	nanK|nanK_297_bv	47.3	298	150	4	7	302	5	297	2.0e-68	261.5
SRR10507653|k141_118749_2	nanA|nanA_14117_refseq	43.1	102	58	0	1	102	10	111	1.5e-21	104.4
SRR10507653|k141_7126_10	kpsT|kpsT_10521_bv	46.7	229	121	1	5	233	2	229	4.6e-59	230.3
SRR10507653|k141_7126_11	kpsM|kpsM_159_bv	63.8	257	93	0	5	261	2	258	4.1e-94	346.7
SRR10507653|k141_7126_39	kpsM|kpsM_209_bv	96.4	277	10	0	1	277	1	277	6.0e-152	538.9
SRR10507653|k141_119005_4	nanK|nanK_28066_bv	43.9	305	156	6	18	322	5	294	1.2e-53	212.6
SRR10507653|k141_46656_1	siaP|siaP_623122_bv	96.8	94	3	0	1	94	1	94	3.7e-45	182.6
SRR10507653|k141_7363_9	nanK|nanK_28066_bv	45.8	312	154	4	3	314	1	297	1.3e-65	252.3
SRR10507653|k141_46709_1	nanU|nanU_24278_bv	46.1	471	230	14	1	457	1	461	1.2e-107	392.5
SRR10507653|k141_83046_3	kpsD|kpsD_6685_bv	72.0	657	176	3	1	650	143	798	3.4e-275	949.5
SRR10507653|k141_119396_2	nanQ|nanQ_6021_uniprot	72.5	149	39	2	1	148	1	148	5.4e-59	229.2
SRR10507653|k141_7453_2	siaQ|siaQ_476084_bv	88.4	215	15	2	1	215	1	205	5.6e-97	355.9
SRR10507653|k141_7453_3	siaM|siaM_48497_bv	100.0	429	0	0	1	429	1	429	5.8e-223	775.4
SRR10507653|k141_119461_1	nanU|nanU_253382_bv	99.3	428	3	0	1	428	30	457	5.2e-248	858.6
SRR10507653|k141_7547_2	satD|WP_069102428.1	41.9	260	147	3	7	263	11	269	4.2e-56	220.7
SRR10507653|k141_119615_1	satD|GAB3794624.1	44.1	238	118	3	3	226	5	241	2.8e-46	187.6
SRR10507653|k141_83330_4	SIAE|SIAE_11677_refseq	100.0	249	0	0	1	249	1	249	1.7e-145	517.3
SRR10507653|k141_7683_15	satD|WP_152351914.1	41.6	255	145	3	1	254	12	263	1.1e-46	189.1
SRR10507653|k141_83542_1	satD|WP_373767893.1	40.0	235	120	6	22	248	40	261	3.8e-36	154.1
SRR10507653|k141_7696_2	nanQ|nanQ_2862_uniprot	100.0	154	0	0	1	154	1	154	1.1e-86	321.2
SRR10507653|k141_119875_1	nagB|nagB_165833_bv	100.0	125	0	0	1	125	18	142	2.5e-65	250.0
SRR10507653|k141_83599_41	nagA|nagA_128853_bv	100.0	379	0	0	1	379	2	380	3.6e-224	779.2
SRR10507653|k141_83599_45	nagB|nagB_14672_bv	100.0	242	0	0	1	242	1	242	6.0e-140	498.8
SRR10507653|k141_83601_1	nanU|nanU_295025_bv	99.8	508	1	0	22	529	1	508	6.0e-302	1038.1
SRR10507653|k141_83629_7	satD|WP_186939118.1	40.6	229	123	6	17	234	48	274	2.6e-32	141.4
SRR10507653|k141_83629_15	satD|WP_070835456.1	40.9	257	142	4	1	247	21	277	1.6e-40	169.1
SRR10507653|k141_47334_1	nanK|nanK_7216_bv	40.3	308	171	5	4	308	4	301	1.2e-55	219.2
SRR10507653|k141_83737_4	satD|WP_227924124.1	43.8	258	139	1	2	253	10	267	3.0e-59	231.1
SRR10507653|k141_83737_7	satB|WP_263079827.1	49.8	309	154	1	1	309	1	308	8.7e-83	309.3
SRR10507653|k141_7909_28	nanK|nanK_28066_bv	43.3	305	161	3	7	311	5	297	2.1e-57	224.9
SRR10507653|k141_47377_3	satD|MFC2360929.1	46.2	260	132	4	6	260	17	273	1.8e-56	221.9
SRR10507653|k141_47377_11	nagB|nagB_8397_bv	100.0	242	0	0	1	242	1	242	3.9e-139	496.1
SRR10507653|k141_7951_1	nagB|nagB_10111_bv	100.0	242	0	0	1	242	1	242	1.2e-140	501.1
SRR10507653|k141_83816_14	nanK|nanK_22396_bv	51.4	315	142	5	2	308	3	314	3.7e-73	277.3
SRR10507653|k141_47423_5	nanK|nanK_40_bv	47.4	312	163	1	3	313	2	313	1.5e-82	308.5
SRR10507653|k141_83912_42	nanK|nanK_297_bv	46.7	304	157	3	5	307	3	302	6.8e-72	273.1
SRR10507653|k141_83912_43	nanE|nanE_6346_bv	99.6	234	1	0	1	234	1	234	1.0e-128	461.5
SRR10507653|k141_83912_44	nanQ|nanQ_2891_uniprot	98.7	153	2	0	1	153	1	153	1.2e-88	327.8
SRR10507653|k141_83912_45	nanA|nanA_10135_bv	97.4	309	8	0	1	309	2	310	7.5e-172	605.1
SRR10507653|k141_120245_1	nanH|nanH_15173_bv	85.2	393	58	0	146	538	1	393	1.4e-202	708.0
SRR10507653|k141_120249_1	SIAE|SIAE_91077_bv	99.6	470	2	0	1	470	1	470	2.0e-280	966.5
SRR10507653|k141_8012_42	nanU|nanU_573757_bv	63.5	496	175	3	16	505	10	505	8.5e-189	662.1
SRR10507653|k141_84046_1	nagA|nagA_10918_uniprot	100.0	374	0	0	1	374	8	381	1.1e-217	757.7
SRR10507653|k141_8054_40	nanK|nanK_40_bv	50.0	312	155	1	4	314	2	313	7.2e-85	316.2
SRR10507653|k141_8092_23	nanH|nanH_10344_bv	99.6	448	2	0	1	448	1	448	3.3e-269	929.1
SRR10507653|k141_84137_1	nanK|nanK_539_uniprot	99.7	313	1	0	1	313	1	313	9.0e-181	634.8
SRR10507653|k141_120532_2	nagA|nagA_71303_bv	100.0	381	0	0	1	381	7	387	9.2e-220	764.6
SRR10507653|k141_84315_1	nanU|nanU_110100_bv	52.3	499	227	7	1	491	48	543	1.4e-140	501.9
SRR10507653|k141_8288_1	satB|OPL08187.1	40.2	256	153	0	1	256	56	311	2.6e-48	194.5
SRR10507653|k141_120608_6	satA|MBM7000706.1	43.5	533	277	6	3	531	1	513	6.8e-120	433.3
SRR10507653|k141_120608_7	satB|WP_055251823.1	100.0	318	0	0	1	318	1	318	1.2e-169	597.8
SRR10507653|k141_120608_8	satC|WP_251840778.1	61.7	661	234	5	4	658	1	648	1.5e-220	768.1
SRR10507653|k141_120608_9	satD|WP_006236159.1	100.0	275	0	0	1	275	1	275	1.3e-151	537.7
SRR10507653|k141_120608_13	nanK|nanK_842_bv	100.0	321	0	0	1	321	1	321	6.8e-184	645.2
SRR10507653|k141_120608_14	nanE|nanE_10458_bv	97.8	228	5	0	1	228	1	228	1.8e-125	450.7
SRR10507653|k141_120662_1	nagA|nagA_18743_bv	100.0	430	0	0	1	430	1	430	1.1e-248	860.9
SRR10507653|k141_120705_5	siaQ|siaQ_142797_bv	99.4	169	1	0	1	169	1	169	5.0e-85	315.8
SRR10507653|k141_120705_6	siaM|siaM_11892_bv	100.0	433	0	0	1	433	1	433	2.2e-217	756.9
SRR10507653|k141_120778_2	nanU|nanU_517737_bv	44.2	407	212	8	1	402	47	443	8.1e-81	303.1
SRR10507653|k141_84538_2	siaQ|siaQ_214594_bv	100.0	167	0	0	1	167	1	167	2.6e-86	320.1
SRR10507653|k141_84538_3	siaM|siaM_109389_bv	95.4	197	9	0	1	197	1	197	3.8e-92	339.7
SRR10507653|k141_8632_3	nagB|nagB_116274_bv	98.3	242	4	0	1	242	1	242	7.3e-138	491.9
SRR10507653|k141_84576_30	kpsT|kpsT_10521_bv	47.5	240	125	1	4	242	1	240	2.5e-61	237.7
SRR10507653|k141_84576_31	kpsM|kpsM_889_bv	57.3	267	109	2	1	267	1	262	2.0e-75	284.6
SRR10507653|k141_121050_2	kpsM|kpsM_539_bv	55.9	472	204	3	1	469	1	471	9.8e-139	495.7
SRR10507653|k141_121050_3	kpsT|kpsT_10521_bv	46.7	240	127	1	1	239	2	241	1.0e-59	232.3
SRR10507653|k141_84620_3	satD|MEG2615610.1	47.7	258	128	2	4	255	14	270	1.5e-58	228.8
SRR10507653|k141_48183_1	nanK|nanK_13303_bv	97.6	167	4	0	1	167	17	183	1.6e-88	327.4
SRR10507653|k141_48194_3	siaP|siaP_133032_bv	42.1	323	186	1	9	330	7	329	1.9e-70	268.5
SRR10507653|k141_48194_4	siaQ|siaQ_19762_bv	100.0	152	0	0	1	152	1	152	3.7e-79	296.2
SRR10507653|k141_48194_5	siaM|siaM_27310_bv	100.0	422	0	0	1	422	1	422	1.1e-213	744.6
SRR10507653|k141_48262_6	nagA|nagA_126832_bv	46.9	320	163	3	3	318	75	391	1.3e-76	288.9
SRR10507653|k141_8893_2	satD|WP_136640697.1	41.2	257	148	2	7	262	5	259	1.4e-47	192.2
SRR10507653|k141_85055_1	siaM|siaM_442057_bv	96.2	132	5	0	1	132	24	155	7.9e-62	238.4
SRR10507653|k141_9020_3	nanE|nanE_4599_bv	100.0	240	0	0	1	240	1	240	2.0e-135	483.8
SRR10507653|k141_9024_1	satD|WP_400294658.1	40.1	212	119	4	17	221	29	239	5.4e-31	136.7
SRR10507653|k141_85158_1	siaM|siaM_467639_bv	98.2	282	5	0	1	282	44	325	5.0e-146	519.2
SRR10507653|k141_121486_8	nanK|nanK_28066_bv	42.6	305	163	3	7	311	5	297	1.8e-56	221.9
SRR10507653|k141_48452_9	nanK|nanK_325_bv	47.0	313	163	2	1	311	1	312	1.5e-71	271.9
SRR10507653|k141_9254_1	nagB|nagB_79050_bv	42.8	187	104	2	70	255	33	217	9.7e-32	139.4
SRR10507653|k141_9359_1	nanU|nanU_257230_bv	94.5	456	25	0	1	456	62	517	3.2e-259	896.0
SRR10507653|k141_9450_26	siaM|siaM_286735_bv	98.8	430	5	0	1	430	1	430	1.0e-222	774.6
SRR10507653|k141_9508_67	nanE|nanE_1216_bv	100.0	232	0	0	1	232	1	232	6.6e-128	458.8
SRR10507653|k141_9508_73	nanK|nanK_297_bv	51.8	309	138	2	8	316	3	300	2.8e-84	314.3
SRR10507653|k141_9544_3	nagA|nagA_3185_bv	100.0	378	0	0	1	378	1	378	2.2e-221	770.0
SRR10507653|k141_9544_4	nagB|nagB_4592_bv	100.0	243	0	0	1	243	1	243	1.4e-141	504.2
SRR10507653|k141_85842_2	siaQ|siaQ_967_uniprot	75.6	172	42	0	1	172	1	172	1.5e-68	261.2
SRR10507653|k141_85842_3	siaM|siaM_3270_bv	100.0	431	0	0	1	431	1	431	7.9e-228	791.6
SRR10507653|k141_85842_5	siaP|siaP_438286_bv	54.2	301	128	3	32	330	36	328	1.3e-87	325.5
SRR10507653|k141_122031_1	kpsM|kpsM_209_bv	49.5	206	100	1	1	202	53	258	1.1e-49	198.7
SRR10507653|k141_85888_10	nanQ|nanQ_6007_uniprot	56.8	148	64	0	1	148	1	148	4.0e-46	186.4
SRR10507653|k141_122186_1	nanA|nanA_80147_refseq	51.9	52	24	1	7	57	7	58	2.0e-06	53.1
SRR10507653|k141_122234_2	nagB|nagB_29935_bv	99.2	129	1	0	1	129	1	129	8.2e-72	271.6
SRR10507653|k141_122240_8	siaQ|siaQ_82859_bv	100.0	167	0	0	1	167	1	167	4.5e-86	319.3
SRR10507653|k141_122240_9	siaM|siaM_37312_bv	100.0	435	0	0	1	435	1	435	3.6e-228	792.7
SRR10507653|k141_122241_1	nanU|nanU_231159_bv	64.3	490	169	3	2	485	9	498	8.2e-189	662.1
SRR10507653|k141_9829_16	satD|WP_003792262.1	40.3	211	119	6	21	225	30	239	7.5e-29	129.8
SRR10507653|k141_9852_6	nagB|nagB_18062_bv	100.0	242	0	0	1	242	1	242	2.3e-136	486.9
SRR10507653|k141_9852_7	nagA|nagA_33656_bv	100.0	377	0	0	1	377	1	377	1.5e-219	763.8
SRR10507653|k141_49360_1	nagB|nagB_74787_bv	100.0	183	0	0	3	185	63	245	1.2e-103	377.9
SRR10507653|k141_122455_2	nanU|nanU_108721_bv	41.0	544	298	10	6	548	2	523	9.5e-109	396.4
SRR10507653|k141_9975_2	neuA|neuA_44813_bv	94.7	227	12	0	1	227	3	229	3.5e-118	426.4
SRR10507653|k141_86332_2	satB|WP_062515624.1	43.9	303	157	3	9	303	15	312	6.8e-64	246.5
SRR10507653|k141_49706_2	nanK|nanK_29727_bv	45.8	310	157	2	7	316	3	301	7.3e-77	289.7
SRR10507653|k141_49706_5	nagB|nagB_5664_bv	99.6	247	1	0	1	247	1	247	8.0e-140	498.4
SRR10507653|k141_49706_6	nagA|nagA_63721_bv	100.0	369	0	0	1	369	1	369	2.1e-213	743.4
SRR10507653|k141_10239_4	nanU|nanU_566500_bv	94.0	480	29	0	32	511	1	480	1.4e-268	927.2
SRR10507653|k141_122661_79	nagA|nagA_15009_bv	100.0	381	0	0	1	381	1	381	6.8e-223	775.0
SRR10507653|k141_122723_9	satD|WP_076810361.1	40.4	265	149	4	14	278	18	273	1.3e-47	192.6
SRR10507653|k141_122837_3	siaQ|siaQ_7646_bv	100.0	167	0	0	1	167	1	167	6.7e-82	305.4
SRR10507653|k141_122837_4	siaM|siaM_37309_bv	100.0	433	0	0	1	433	1	433	9.1e-224	778.1
SRR10507653|k141_49998_8	kpsT|kpsT_10521_bv	49.8	245	111	3	4	244	2	238	4.7e-63	243.4
SRR10507653|k141_49998_9	kpsM|kpsM_200_bv	68.3	205	60	1	1	200	63	267	3.7e-71	270.0
SRR10507653|k141_10457_28	nagA|nagA_16783_bv	99.7	379	1	0	1	379	35	413	4.1e-220	765.8
SRR10507653|k141_10476_17	kpsM|kpsM_209_bv	46.9	273	136	3	5	271	8	277	9.9e-67	255.8
SRR10507653|k141_87035_2	nanU|nanU_551912_bv	48.0	569	281	8	14	571	4	568	3.1e-147	524.2
SRR10507653|k141_87083_1	satD|QIW15883.1	41.0	195	108	6	2	190	53	246	5.7e-25	116.7
SRR10507653|k141_87122_1	kpsT|kpsT_10521_bv	52.7	186	88	0	1	186	39	224	2.3e-54	214.2
SRR10507653|k141_122996_11	nagA|nagA_119146_bv	100.0	385	0	0	1	385	1	385	1.1e-223	777.7
SRR10507653|k141_123008_6	neuB|neuB_18891_bv	99.7	331	1	0	1	331	1	331	2.8e-188	659.8
SRR10507653|k141_123008_7	neuC|neuC_2297_refseq	99.2	395	3	0	1	395	1	395	9.8e-225	781.2
SRR10507653|k141_123008_10	neuA|neuA_13348_uniprot	99.2	253	2	0	1	253	1	253	7.1e-144	511.9
SRR10507653|k141_123008_16	kpsT|kpsT_13997_bv	44.9	236	128	1	3	238	7	240	4.9e-57	223.4
SRR10507653|k141_123008_17	kpsM|kpsM_603_bv	51.0	249	122	0	18	266	12	260	1.3e-63	245.4
SRR10507653|k141_123022_1	kpsD|kpsD_13379_bv	100.0	90	0	0	12	101	1	90	6.1e-46	185.3
SRR10507653|k141_87471_4	satD|WP_066299715.1	41.5	289	143	4	1	287	1	265	7.2e-54	213.4
SRR10507653|k141_11111_1	nanQ|nanQ_3961_bv	99.1	110	1	0	1	110	16	125	2.1e-60	233.4
SRR10507653|k141_87531_97	nanK|nanK_22396_bv	45.2	310	170	0	3	312	5	314	9.0e-72	272.7
SRR10507653|k141_87531_122	nanK|nanK_28066_bv	43.6	305	160	3	7	311	5	297	4.8e-57	223.8
SRR10507653|k141_50945_1	nanK|nanK_28066_bv	42.2	306	164	3	7	312	5	297	1.2e-55	219.2
SRR10507653|k141_87621_6	satD|WP_443424392.1	40.0	210	121	3	21	225	38	247	3.0e-29	131.0
SRR10507653|k141_11263_1	nagA|nagA_1883_bv	100.0	367	0	0	1	367	1	367	9.4e-214	744.6
SRR10507653|k141_51232_2	nanU|nanU_114568_bv	44.5	598	315	13	22	609	48	638	1.5e-142	508.8
SRR10507653|k141_11350_16	satD|WP_271417843.1	44.4	257	132	6	9	258	17	269	2.3e-51	204.9
SRR10507653|k141_87867_39	nanQ|nanQ_5727_uniprot	99.4	156	1	0	1	156	1	156	2.8e-82	306.6
SRR10507653|k141_123720_1	siaM|siaM_68208_bv	100.0	347	0	0	1	347	1	347	3.5e-178	626.3
SRR10507653|k141_11604_1	satD|WP_298128765.1	49.1	212	105	2	3	214	30	238	1.8e-47	191.4
SRR10507653|k141_123914_1	satA|WP_370766215.1	99.8	515	1	0	1	515	1	515	9.6e-305	1047.3
SRR10507653|k141_123939_1	nanU|nanU_401450_bv	45.2	385	205	5	2	385	101	480	5.5e-87	323.6
SRR10507653|k141_88064_1	nanU|nanU_371050_bv	51.9	422	194	4	1	422	128	540	9.5e-125	449.1
SRR10507653|k141_51524_33	nanK|nanK_28066_bv	40.7	305	169	3	7	311	5	297	2.4e-56	221.5
SRR10507653|k141_88126_8	SIAE|SIAE_3761_refseq	98.8	520	6	0	1	520	1	520	0.0e+00	1078.5
SRR10507653|k141_124289_1	nagB|nagB_30235_bv	98.4	191	3	0	1	191	24	214	2.0e-106	387.1
SRR10507653|k141_51709_1	siaP|siaP_511882_bv	79.1	187	39	0	1	187	35	221	2.9e-86	320.1
SRR10507653|k141_88336_15	satD|WP_283490273.1	47.3	262	124	5	5	257	27	283	1.4e-53	212.2
SRR10507653|k141_124405_12	nanU|nanU_230315_bv	99.8	510	1	0	4	513	18	527	1.6e-307	1056.6
SRR10507653|k141_12194_1	nagB|nagB_77339_bv	99.4	162	1	0	1	162	26	187	1.7e-90	334.0
SRR10507653|k141_88538_8	satD|WP_165171208.1	40.2	224	127	5	44	262	47	268	3.5e-33	144.4
SRR10507653|k141_51852_35	nanH|nanH_60833_bv	45.3	961	477	21	2	930	3	946	1.9e-213	745.0
SRR10507653|k141_88552_2	kpsT|kpsT_13997_bv	40.5	237	138	2	69	305	7	240	2.5e-45	184.9
SRR10507653|k141_124533_1	kpsE|kpsE_641_bv	49.7	183	92	0	1	183	11	193	4.8e-41	169.9
SRR10507653|k141_124594_15	siaQ|siaQ_266125_bv	59.7	149	58	1	12	160	9	155	1.2e-43	178.3
SRR10507653|k141_124594_16	siaM|siaM_137846_bv	99.8	427	1	0	1	427	1	427	2.1e-225	783.5
SRR10507653|k141_124594_18	nanQ|nanQ_3129_uniprot	100.0	148	0	0	1	148	1	148	2.4e-83	310.1
SRR10507653|k141_124699_1	siaM|siaM_358598_bv	100.0	280	0	0	35	314	35	314	3.3e-143	510.0
SRR10507653|k141_124699_2	siaQ|siaQ_209780_bv	82.3	158	28	0	1	158	1	158	9.9e-67	255.0
SRR10507653|k141_124699_3	siaP|siaP_387218_bv	75.6	279	68	0	48	326	2	280	9.3e-120	432.2
SRR10507653|k141_124699_4	nanQ|nanQ_2720_uniprot	100.0	154	0	0	1	154	1	154	3.0e-84	313.2
SRR10507653|k141_52160_1	siaP|siaP_116611_bv	64.5	107	20	1	1	107	1	89	2.9e-22	106.7
SRR10507653|k141_12741_12	satB|WP_292596291.1	46.8	312	165	1	1	312	1	311	6.5e-70	266.5
SRR10507653|k141_12749_3	siaM|siaM_118622_bv	100.0	442	0	0	1	442	1	442	1.1e-232	807.7
SRR10507653|k141_12880_3	satD|WP_411805946.1	46.0	261	140	1	3	263	13	272	3.6e-63	244.2
SRR10507653|k141_124996_48	nanU|nanU_2491_bv	100.0	625	0	0	1	625	1	625	0.0e+00	1277.7
SRR10507653|k141_52396_4	satD|WP_259810262.1	40.4	223	121	4	26	246	40	252	2.2e-33	144.8
SRR10507653|k141_125010_17	siaM|siaM_391923_bv	100.0	429	0	0	1	429	1	429	1.9e-221	770.4
SRR10507653|k141_125010_18	siaQ|siaQ_30100_bv	100.0	205	0	0	1	205	1	205	1.8e-108	394.0
SRR10507653|k141_89352_5	kpsM|kpsM_194_bv	46.4	250	134	0	17	266	10	259	3.8e-63	243.8
SRR10507653|k141_89352_6	kpsT|kpsT_10521_bv	46.4	237	126	1	4	239	2	238	1.9e-56	221.5
SRR10507653|k141_12943_50	satB|MFC2030935.1	40.1	319	186	2	1	315	1	318	1.1e-59	232.6
SRR10507653|k141_12943_53	satD|GAB3585997.1	45.9	231	124	1	27	257	31	260	2.4e-51	204.9
SRR10507653|k141_89476_4	SIAE|SIAE_19013_uniprot	98.6	357	5	0	4	360	1	357	3.7e-208	726.5
SRR10507653|k141_125188_2	nagA|nagA_1948_bv	100.0	347	0	0	1	347	42	388	7.4e-200	698.4
SRR10507653|k141_125413_1	nanQ|nanQ_4631_bv	99.2	120	1	0	1	120	1	120	6.5e-63	241.9
SRR10507653|k141_125494_12	kpsM|kpsM_245_uniprot	45.2	259	134	3	5	263	21	271	4.0e-49	197.2
SRR10507653|k141_89690_15	nanK|nanK_28910_bv	64.0	211	76	0	83	293	1	211	1.9e-79	298.1
SRR10507653|k141_89736_1	nagA|nagA_45362_bv	100.0	266	0	0	1	266	111	376	5.3e-158	558.9
SRR10507653|k141_52779_44	kpsM|kpsM_380_bv	54.6	284	126	1	4	287	2	282	3.6e-83	310.5
SRR10507653|k141_52779_62	kpsD|kpsD_1302_bv	54.6	830	344	4	1	830	1	797	3.7e-258	893.3
SRR10507653|k141_89903_1	satB|HYI23826.1	41.7	295	163	2	2	288	22	315	7.2e-55	216.5
SRR10507653|k141_52881_2	SIAE|SIAE_27375_bv	98.5	463	7	0	7	469	14	476	1.7e-276	953.4
SRR10507653|k141_125660_46	nanU|nanU_124334_bv	56.5	550	224	7	23	562	9	553	7.8e-175	615.9
SRR10507653|k141_89955_3	nanK|nanK_392_bv	44.5	310	170	2	5	313	7	315	1.5e-74	282.0
SRR10507653|k141_89972_2	satB|MFN4189717.1	44.1	304	169	1	27	330	1	303	4.6e-74	280.4
SRR10507653|k141_89974_1	nanU|nanU_11991_bv	99.5	444	2	0	1	444	41	484	8.6e-270	931.0
SRR10507653|k141_13372_1	nanK|nanK_28066_bv	44.6	222	111	3	7	228	5	214	6.4e-43	176.4
SRR10507653|k141_13399_3	satD|WP_003792262.1	40.2	214	115	7	21	225	30	239	5.7e-29	130.2
SRR10507653|k141_125853_1	satB|WP_263079827.1	56.4	227	99	0	3	229	12	238	1.1e-66	255.4
SRR10507653|k141_125949_1	satD|CEA06890.1	40.4	193	108	6	28	214	40	231	5.4e-28	126.7
SRR10507653|k141_90263_14	satD|WP_427016335.1	45.3	256	134	2	9	258	7	262	6.3e-60	233.4
SRR10507653|k141_126129_1	nanU|nanU_277065_bv	99.2	362	3	0	54	415	1	362	5.9e-212	738.8
SRR10507653|k141_90529_1	nanK|nanK_297_bv	51.9	297	138	3	7	302	5	297	8.9e-80	299.3
SRR10507653|k141_90529_2	nanE|nanE_4595_bv	99.0	209	2	0	1	209	26	234	9.2e-113	408.3
SRR10507653|k141_13642_44	satD|WP_049366570.1	41.0	261	148	3	21	279	11	267	3.4e-48	194.5
SRR10507653|k141_90554_1	siaM|siaM_32677_bv	98.4	182	3	0	1	182	1	182	1.0e-88	328.2
SRR10507653|k141_126226_40	nagA|nagA_60459_bv	100.0	379	0	0	1	379	1	379	1.6e-224	780.4
SRR10507653|k141_126226_41	nagB|nagB_164905_bv	100.0	241	0	0	1	241	2	242	8.6e-139	495.0
SRR10507653|k141_13748_3	siaM|siaM_293540_bv	94.4	432	24	0	1	432	1	432	8.8e-219	761.5
SRR10507653|k141_53591_4	satB|MEQ6388065.1	40.2	316	176	3	1	307	1	312	8.2e-57	223.0
SRR10507653|k141_13888_2	siaP|siaP_302285_bv	98.6	288	4	0	54	341	1	288	6.6e-161	568.9
SRR10507653|k141_13888_3	siaQ|siaQ_501631_bv	51.0	155	76	0	1	155	1	155	2.5e-39	164.1
SRR10507653|k141_13888_4	siaM|siaM_5808_bv	100.0	425	0	0	1	425	1	425	4.0e-224	779.2
SRR10507653|k141_90940_2	satD|WP_209906647.1	44.2	265	141	3	1	260	1	263	1.2e-55	219.2
SRR10507653|k141_126440_1	siaT|siaT_64863_uniprot	68.5	330	104	0	1	330	98	427	2.1e-127	457.6
SRR10507653|k141_90952_1	nanK|nanK_28675_bv	40.2	244	134	8	9	249	5	239	6.3e-36	153.3
SRR10507653|k141_91084_21	neuB|neuB_28894_bv	100.0	331	0	0	1	331	1	331	3.7e-193	676.0
SRR10507653|k141_91084_22	neuC|neuC_2908_refseq	100.0	396	0	0	1	396	1	396	2.0e-225	783.5
SRR10507653|k141_91084_25	neuA|neuA_17083_uniprot	100.0	253	0	0	1	253	1	253	2.8e-148	526.6
SRR10507653|k141_91133_2	nanU|nanU_223470_bv	99.3	536	4	0	43	578	20	555	0.0e+00	1101.3
SRR10507653|k141_14068_1	nagB|nagB_36671_bv	100.0	207	0	0	1	207	1	207	6.3e-114	412.1
SRR10507653|k141_54145_1	nanU|nanU_619410_bv	98.0	491	10	0	1	491	2	492	1.4e-281	970.3
SRR10507653|k141_126686_8	nanK|nanK_28066_bv	40.5	306	170	3	20	325	4	297	1.4e-54	215.7
SRR10507653|k141_91350_1	SIAE|SIAE_54428_bv	40.5	607	187	4	11	612	10	447	1.7e-127	458.8
SRR10507653|k141_14186_1	kpsD|kpsD_5447_bv	53.3	845	358	8	6	822	1	836	5.7e-251	869.4
SRR10507653|k141_14186_21	nagB|nagB_110009_bv	100.0	263	0	0	1	263	4	266	5.1e-153	542.3
SRR10507653|k141_126916_1	satD|WP_018142900.1	44.3	230	127	1	1	230	32	260	2.5e-47	191.4
SRR10507653|k141_14382_1	nanA|nanA_3437_bv	76.5	204	48	0	1	204	85	288	5.8e-88	325.9
SRR10507653|k141_54448_3	nanK|nanK_28066_bv	42.7	307	162	5	7	313	5	297	2.6e-55	218.0
SRR10507653|k141_54512_1	nanA|nanA_8637_uniprot	86.7	83	11	0	1	83	1	83	1.1e-35	151.4
SRR10507653|k141_91717_1	nanK|nanK_7216_bv	40.0	320	177	6	8	325	4	310	9.5e-56	219.5
SRR10507653|k141_14565_2	nanA|nanA_9368_uniprot	45.7	138	75	0	5	142	1	138	4.7e-29	129.8
SRR10507653|k141_54548_4	SIAE|SIAE_626_uniprot	100.0	474	0	0	1	474	7	480	2.2e-287	989.6
SRR10507653|k141_127368_4	siaQ|siaQ_425405_bv	94.7	171	9	0	1	171	1	171	8.4e-88	325.1
SRR10507653|k141_127368_5	siaM|siaM_501534_bv	99.8	429	1	0	1	429	1	429	4.5e-223	775.8
SRR10507653|k141_54644_1	siaM|siaM_132530_bv	99.5	379	2	0	1	379	103	481	5.6e-200	699.1
SRR10507653|k141_14677_2	nanQ|nanQ_3681_bv	97.4	155	4	0	1	155	1	155	7.9e-85	315.1
SRR10507653|k141_54670_12	nanU|nanU_266727_bv	99.4	506	3	0	1	506	11	516	2.4e-300	1032.7
SRR10507653|k141_91870_53	nanK|nanK_28066_bv	43.4	304	158	5	6	305	4	297	8.6e-59	229.6
SRR10507653|k141_14870_3	nanK|nanK_498_uniprot	40.5	296	163	5	15	301	16	307	9.3e-53	209.5
SRR10507653|k141_127846_2	nanQ|nanQ_1234_bv	99.4	158	1	0	1	158	1	158	1.7e-90	334.0
SRR10507653|k141_92047_1	siaP|siaP_377459_bv	81.0	211	39	1	29	239	4	213	4.2e-92	340.1
SRR10507653|k141_127880_1	kpsM|kpsM_603_bv	50.6	249	123	0	18	266	12	260	3.2e-62	240.7
SRR10507653|k141_54990_2	siaQ|siaQ_202793_bv	100.0	126	0	0	1	126	40	165	2.6e-62	240.0
SRR10507653|k141_128012_13	kpsM|kpsM_209_bv	51.5	270	127	1	5	270	8	277	4.6e-72	273.5
SRR10507653|k141_92349_3	nagA|nagA_128472_bv	100.0	373	0	0	1	373	1	373	5.4e-217	755.4
SRR10507653|k141_15308_2	SIAE|SIAE_7984_uniprot	98.7	300	4	0	1	300	3	302	2.1e-174	613.6
SRR10507653|k141_92423_2	siaM|siaM_122119_bv	100.0	425	0	0	1	425	1	425	1.4e-224	780.8
SRR10507653|k141_92424_1	satB|MEA2597038.1	41.3	276	152	3	1	269	1	273	5.2e-52	206.8
SRR10507653|k141_15486_2	satD|NKY23514.1	44.6	233	128	1	6	238	20	251	2.5e-50	201.1
SRR10507653|k141_128306_2	nanU|nanU_403585_bv	89.2	572	50	2	2	572	1	561	2.6e-303	1042.7
SRR10507653|k141_55382_2	nanU|nanU_572409_bv	43.5	462	248	6	69	526	134	586	2.6e-100	368.2
SRR10507653|k141_55409_1	nanA|nanA_16896_bv	100.0	154	0	0	1	154	57	210	6.6e-84	312.0
SRR10507653|k141_55409_2	nagB|nagB_41861_bv	100.0	243	0	0	1	243	1	243	4.6e-140	499.2
SRR10507653|k141_92542_126	neuB|neuB_4129_bv	55.7	348	152	1	1	348	49	394	1.4e-110	401.7
SRR10507653|k141_92542_127	neuA|neuA_4325_bv	99.5	185	1	0	45	229	1	185	2.9e-104	380.2
SRR10507653|k141_92542_128	cpsK|cpsK_23_bv	68.6	353	111	0	8	360	3	355	2.3e-148	527.3
SRR10507653|k141_92542_224	kpsM|kpsM_209_bv	49.1	273	135	2	61	330	6	277	2.9e-68	261.2
SRR10507653|k141_128433_9	kpsT|kpsT_11441_bv	44.8	241	129	3	5	242	23	262	1.1e-53	212.2
SRR10507653|k141_55503_1	nanK|nanK_7216_bv	44.7	266	125	5	36	298	58	304	2.6e-52	208.0
SRR10507653|k141_55575_2	satB|MEQ6376283.1	42.9	319	176	1	1	319	1	313	1.3e-70	268.9
SRR10507653|k141_55630_2	nagA|nagA_1026_bv	100.0	389	0	0	1	389	1	389	9.6e-233	807.7
SRR10507653|k141_55630_7	nanQ|nanQ_190_bv	100.0	157	0	0	1	157	1	157	2.0e-88	327.0
SRR10507653|k141_15788_3	nanU|nanU_349474_bv	98.6	495	7	0	8	502	1	495	7.7e-291	1001.1
SRR10507653|k141_55674_2	nanU|nanU_181331_bv	76.5	485	109	1	2	486	49	528	2.7e-224	780.0
SRR10507653|k141_55691_1	nanU|nanU_656288_bv	55.3	548	234	5	11	549	13	558	3.6e-169	597.0
SRR10507653|k141_55691_3	nanU|nanU_1200_bv	43.0	602	279	16	1	570	31	600	2.9e-121	438.0
SRR10507653|k141_55908_5	nanQ|nanQ_473_uniprot	100.0	150	0	0	1	150	1	150	2.7e-82	306.6
SRR10507653|k141_55979_35	nanK|nanK_28066_bv	47.1	306	149	4	6	311	5	297	2.9e-62	241.1
SRR10507653|k141_15900_2	nanU|nanU_650163_bv	100.0	497	0	0	1	497	2	498	5.1e-295	1015.0
SRR10507653|k141_56089_1	nanU|nanU_601173_bv	99.1	562	5	0	1	562	12	573	0.0e+00	1150.2
SRR10507653|k141_128949_6	kpsT|kpsT_10521_bv	47.7	239	124	1	5	242	1	239	8.3e-65	249.2
SRR10507653|k141_128949_7	kpsM|kpsM_650_bv	99.2	258	2	0	1	258	1	258	7.5e-133	475.3
SRR10507653|k141_128952_4	siaQ|siaQ_199973_bv	72.7	161	44	0	1	161	1	161	4.2e-65	249.6
SRR10507653|k141_128952_5	siaM|siaM_433082_bv	100.0	428	0	0	1	428	1	428	9.0e-224	778.1
SRR10507653|k141_93129_56	nagB|nagB_10306_bv	97.9	242	5	0	1	242	1	242	4.3e-138	492.7
SRR10507653|k141_93171_1	satD|WP_171483497.1	40.0	225	129	5	18	237	48	271	2.5e-37	157.9
SRR10507653|k141_93215_4	siaQ|siaQ_161701_bv	93.8	160	10	0	1	160	1	160	9.9e-75	281.6
SRR10507653|k141_93215_5	siaM|siaM_42965_bv	100.0	424	0	0	1	424	1	424	3.4e-223	776.2
SRR10507653|k141_93245_8	siaP|siaP_99094_bv	90.3	247	24	0	95	341	1	247	4.5e-125	449.9
SRR10507653|k141_129162_2	satB|MFN4189717.1	41.4	336	164	3	1	336	1	303	3.8e-68	260.8
SRR10507653|k141_93421_1	satD|WP_116413521.1	44.4	189	105	0	1	189	75	263	3.4e-42	173.7
SRR10507653|k141_16152_89	nanE|nanE_6523_bv	100.0	228	0	0	1	228	1	228	1.2e-126	454.5
SRR10507653|k141_16152_91	nagB|nagB_76113_bv	100.0	242	0	0	1	242	1	242	1.5e-135	484.2
SRR10507653|k141_16176_3	satD|WP_105551456.1	40.1	212	119	5	17	221	29	239	7.1e-31	136.3
SRR10507653|k141_93487_9	kpsM|kpsM_966_bv	59.0	251	103	0	25	275	12	262	5.5e-81	303.1
SRR10507653|k141_93487_10	kpsT|kpsT_10521_bv	47.7	241	125	1	6	245	1	241	1.4e-59	231.9
SRR10507653|k141_129563_1	nagB|nagB_189957_bv	99.2	133	1	0	1	133	1	133	1.3e-72	274.2
SRR10507653|k141_16570_1	nanK|nanK_28066_bv	44.6	312	158	4	3	314	1	297	2.0e-63	245.0
SRR10507653|k141_94014_15	nanK|nanK_22396_bv	50.9	318	145	5	3	312	4	318	4.8e-73	276.9
SRR10507653|k141_94030_1	satD|WP_058093566.1	40.0	210	120	5	13	217	43	251	6.3e-35	149.8
SRR10507653|k141_16630_113	nanK|nanK_40_bv	58.9	314	127	2	1	313	1	313	1.2e-103	378.6
SRR10507653|k141_16661_1	nanE|nanE_284_bv	100.0	197	0	0	1	197	12	208	3.1e-110	399.8
SRR10507653|k141_129996_1	kpsM|kpsM_643_bv	100.0	222	0	0	1	222	20	241	4.8e-120	432.6
SRR10507653|k141_16686_1	nanK|nanK_4187_bv	41.0	161	95	0	2	162	4	164	7.1e-28	125.9
SRR10507653|k141_16687_1	siaT|siaT_43448_uniprot	86.9	329	43	0	1	329	1	329	1.2e-156	554.7
SRR10507653|k141_16814_1	nagB|nagB_28453_bv	100.0	270	0	0	1	270	2	271	1.3e-156	554.3
SRR10507653|k141_16855_1	nagB|nagB_185605_bv	96.7	209	7	0	1	209	33	241	1.5e-115	417.5
SRR10507653|k141_16859_2	nanU|nanU_179674_bv	43.1	620	305	12	9	609	10	600	4.0e-132	474.2
SRR10507653|k141_16865_2	nagB|nagB_79943_bv	99.2	243	2	0	9	251	1	243	7.6e-138	491.9
SRR10507653|k141_16865_3	nagA|nagA_12130_bv	94.2	433	25	0	1	433	1	433	8.8e-227	788.1
SRR10507653|k141_94171_2	neuD|neuD_3606_uniprot	96.4	220	8	0	1	220	1	220	1.2e-78	295.0
SRR10507653|k141_94171_5	neuA|neuA_29101_uniprot	90.0	261	26	0	1	261	1	261	6.8e-132	472.2
SRR10507653|k141_16916_1	kpsM|kpsM_956_bv	52.6	213	101	0	1	213	37	249	1.7e-58	228.0
SRR10507653|k141_130073_35	nanK|nanK_297_bv	46.1	306	160	3	5	309	3	304	1.5e-71	271.9
SRR10507653|k141_130073_36	nanE|nanE_988_bv	100.0	234	0	0	3	236	1	234	2.7e-129	463.4
SRR10507653|k141_130073_37	nanQ|nanQ_2944_uniprot	100.0	152	0	0	1	152	1	152	1.7e-87	323.9
SRR10507653|k141_130073_38	nanA|nanA_29593_bv	98.4	309	5	0	1	309	4	312	1.2e-172	607.8
SRR10507653|k141_16952_55	satD|WP_255793737.1	42.6	256	146	1	13	268	13	267	9.6e-56	219.5
SRR10507653|k141_94374_1	nanA|nanA_9368_uniprot	46.7	137	72	1	2	137	2	138	2.5e-30	134.0
SRR10507653|k141_130207_1	nanU|nanU_575580_bv	43.6	621	302	18	2	602	4	596	2.2e-135	485.0
SRR10507653|k141_94377_1	satB|WP_045669688.1	40.3	238	133	3	11	240	46	282	1.2e-39	165.6
SRR10507653|k141_57334_1	siaM|siaM_547195_bv	99.6	272	1	0	1	272	1	272	4.8e-138	492.7
SRR10507653|k141_57334_2	siaQ|siaQ_150357_bv	100.0	143	0	0	1	143	30	172	7.3e-77	288.5
SRR10507653|k141_94398_1	nanU|nanU_411096_bv	51.0	410	192	6	2	408	134	537	6.6e-115	416.4
SRR10507653|k141_57352_1	SIAE|SIAE_59753_bv	57.6	561	204	8	127	684	1	530	2.6e-172	607.8
SRR10507653|k141_17002_2	kpsT|kpsT_13997_bv	47.3	220	114	1	8	227	8	225	6.7e-54	213.0
SRR10507653|k141_17012_4	nagA|nagA_73109_bv	99.7	376	1	0	1	376	1	376	7.7e-219	761.5
SRR10507653|k141_17012_5	nagB|nagB_15199_bv	100.0	243	0	0	1	243	1	243	2.5e-138	493.4
SRR10507653|k141_94453_4	siaP|siaP_507255_bv	95.2	248	12	0	94	341	1	248	5.8e-133	476.1
SRR10507653|k141_94453_5	siaQ|siaQ_14586_bv	100.0	184	0	0	1	184	1	184	1.5e-95	350.9
SRR10507653|k141_94453_6	siaM|siaM_211571_bv	100.0	433	0	0	1	433	1	433	1.6e-215	750.7
SRR10507653|k141_94453_7	siaP|siaP_78909_bv	90.8	294	22	1	1	294	1	289	1.1e-149	531.6
SRR10507653|k141_17080_8	kpsM|kpsM_209_bv	50.0	268	130	2	7	270	10	277	4.7e-69	263.5
SRR10507653|k141_130365_1	siaM|siaM_468263_bv	99.5	210	1	0	1	210	1	210	5.2e-108	392.5
SRR10507653|k141_130395_1	satD|WP_048777128.1	46.0	211	113	1	4	214	7	216	1.4e-47	191.8
SRR10507653|k141_57785_4	neuA|neuA_13206_uniprot	100.0	231	0	0	1	231	1	231	8.0e-134	478.4
SRR10507653|k141_57790_1	nanT|nanT_12764_bv	48.5	233	118	2	11	241	29	261	1.4e-51	205.3
SRR10507653|k141_17213_1	nanA|nanA_25777_refseq	45.2	310	153	4	9	311	9	308	3.2e-69	264.2
SRR10507653|k141_130660_1	siaP|siaP_466556_bv	92.9	141	10	0	1	141	2	142	2.1e-73	276.9
SRR10507653|k141_17233_5	nagA|nagA_77969_bv	54.2	365	164	2	1	362	1	365	6.1e-104	379.8
SRR10507653|k141_17233_6	nanK|nanK_13642_bv	41.4	285	154	5	5	278	5	287	1.2e-51	205.7
SRR10507653|k141_57862_3	satD|WP_307014400.1	40.5	237	133	3	18	252	31	261	4.9e-39	163.7
SRR10507653|k141_57863_9	satD|WP_420176145.1	40.0	250	130	8	4	236	9	255	3.1e-35	151.0
SRR10507653|k141_130717_17	kpsT|kpsT_13997_bv	45.5	231	126	0	1	231	2	232	3.0e-54	214.2
SRR10507653|k141_130717_18	kpsM|kpsM_887_bv	48.0	256	131	2	1	254	3	258	2.0e-61	238.0
SRR10507653|k141_130778_5	satD|WP_179899760.1	47.0	253	132	2	36	288	17	267	4.7e-61	237.3
SRR10507653|k141_17286_22	satB|HMA59673.1	42.7	314	177	2	1	313	1	312	3.9e-59	230.7
SRR10507653|k141_17286_23	satD|WP_290245837.1	47.1	263	138	1	8	270	6	267	3.8e-66	254.2
SRR10507653|k141_57937_6	kpsM|kpsM_163_bv	65.3	262	86	1	1	262	1	257	8.3e-87	322.4
SRR10507653|k141_94858_1	nanA|nanA_9368_uniprot	43.5	138	78	0	5	142	1	138	1.1e-28	128.6
SRR10507653|k141_17317_1	SIAE|SIAE_8129_uniprot	100.0	1064	0	0	1	1064	3	1066	0.0e+00	2191.4
SRR10507653|k141_17384_2	satD|WP_320926183.1	45.9	259	136	2	9	264	14	271	1.8e-59	231.9
SRR10507653|k141_94984_1	nanU|nanU_291350_bv	99.8	418	1	0	1	418	39	456	1.3e-243	844.0
SRR10507653|k141_95205_14	kpsT|kpsT_10521_bv	48.5	229	118	0	8	236	1	229	3.0e-57	224.2
SRR10507653|k141_95205_20	nagB|nagB_5686_bv	100.0	241	0	0	1	241	1	241	3.1e-136	486.5
SRR10507653|k141_58321_2	nagA|nagA_56318_bv	99.7	375	1	0	1	375	1	375	4.5e-219	762.3
SRR10507653|k141_95529_1	siaP|siaP_127830_bv	43.9	164	91	1	1	163	30	193	6.6e-34	146.0
SRR10507653|k141_58375_35	nagA|nagA_84731_bv	100.0	375	0	0	1	375	1	375	3.1e-220	766.1
SRR10507653|k141_17783_6	siaQ|siaQ_412358_bv	71.7	180	51	0	1	180	1	180	3.4e-63	243.4
SRR10507653|k141_17783_7	siaM|siaM_84491_bv	100.0	437	0	0	1	437	1	437	3.3e-237	822.8
SRR10507653|k141_58506_1	nanU|nanU_430047_bv	51.9	401	185	6	1	399	1	395	2.4e-114	414.5
SRR10507653|k141_131585_24	nanH|nanH_9978_bv	99.2	400	3	0	1	400	1	400	4.6e-238	825.5
SRR10507653|k141_58652_1	nagA|nagA_125570_bv	100.0	280	0	0	1	280	109	388	7.8e-160	565.1
SRR10507653|k141_58690_4	nanU|nanU_32141_bv	100.0	487	0	0	1	487	1	487	3.6e-293	1008.8
SRR10507653|k141_17870_85	neuA|neuA_17564_uniprot	100.0	233	0	0	1	233	1	233	7.8e-137	488.4
SRR10507653|k141_17870_108	nagB|nagB_61903_bv	100.0	281	0	0	1	281	1	281	6.4e-162	572.0
SRR10507653|k141_95883_17	satB|OPL08187.1	40.4	312	186	0	6	317	1	312	4.7e-60	233.8
SRR10507653|k141_95883_20	satD|WP_270975481.1	44.4	261	139	2	1	256	1	260	5.4e-56	220.3
SRR10507653|k141_95961_2	nanA|nanA_49137_refseq	49.6	113	57	0	3	115	1	113	1.1e-24	114.8
SRR10507653|k141_58821_28	cpsK|cpsK_23_bv	54.6	361	158	2	1	361	1	355	1.2e-115	418.7
SRR10507653|k141_58821_31	neuA|neuA_49575_bv	83.5	230	14	1	1	230	1	206	7.2e-103	375.6
SRR10507653|k141_95970_83	nanU|nanU_71571_bv	44.1	675	356	13	1	667	1	662	6.7e-157	556.6
SRR10507653|k141_96007_2	nanU|nanU_98380_bv	71.9	477	130	4	1	476	100	573	4.1e-209	729.6
SRR10507653|k141_131891_47	neuC|neuC_61_refseq	53.7	387	172	2	1	383	1	384	5.8e-113	409.8
SRR10507653|k141_131891_48	neuB|neuB_3004_refseq	64.3	328	117	0	5	332	3	330	2.6e-117	424.1
SRR10507653|k141_131891_49	neuD|neuD_2026_uniprot	58.2	189	79	0	1	189	3	191	9.4e-40	165.6
SRR10507653|k141_131922_1	siaQ|siaQ_989_uniprot	76.7	172	40	0	1	172	1	172	1.0e-69	265.0
SRR10507653|k141_131922_2	siaM|siaM_10884_bv	100.0	407	0	0	1	407	1	407	4.7e-214	745.7
SRR10507653|k141_131944_3	nanU|nanU_223553_bv	40.9	536	296	7	6	536	9	528	3.7e-105	384.4
SRR10507653|k141_131948_1	nanK|nanK_7216_bv	40.4	245	136	3	1	243	67	303	4.4e-45	183.7
SRR10507653|k141_131989_2	kpsT|kpsT_10521_bv	62.6	243	90	1	1	242	1	243	1.3e-84	315.1
SRR10507653|k141_131997_4	nagB|nagB_40150_bv	100.0	241	0	0	1	241	1	241	2.3e-136	486.9
SRR10507653|k141_18257_15	nanK|nanK_40_bv	53.1	318	148	1	1	317	1	318	4.5e-95	350.1
SRR10507653|k141_59141_1	siaP|siaP_670178_bv	47.0	151	80	0	2	152	6	156	1.2e-34	148.3
SRR10507653|k141_59216_1	nanU|nanU_430414_bv	47.2	536	254	7	5	539	104	611	1.8e-136	488.4
SRR10507653|k141_59346_1	ompF|ompF_5343_bv	72.3	354	90	5	1	350	25	374	2.3e-140	500.7
SRR10507653|k141_59456_4	nanQ|nanQ_810_uniprot	89.9	159	16	0	1	159	1	159	4.9e-74	279.3
SRR10507653|k141_96641_1	nanU|nanU_85720_bv	72.0	486	127	3	1	480	38	520	4.1e-212	739.6
SRR10507653|k141_59599_1	neuB|neuB_19920_bv	49.0	288	137	1	3	280	20	307	1.5e-70	268.5
SRR10507653|k141_59632_2	nanU|nanU_10752_bv	99.3	553	4	0	1	553	1	553	0.0e+00	1129.8
SRR10507653|k141_96819_1	nanU|nanU_376933_bv	53.6	366	164	1	1	366	1	360	1.6e-112	408.3
SRR10507653|k141_132559_82	satD|WP_413450927.1	44.9	263	138	3	1	258	1	261	4.6e-60	233.8
SRR10507653|k141_96861_1	siaP|siaP_468494_bv	99.1	466	4	0	1	466	17	482	2.4e-272	939.9
SRR10507653|k141_59760_8	satD|WP_227924124.1	42.9	266	146	2	1	260	1	266	1.6e-60	235.3
SRR10507653|k141_132645_15	siaP|siaP_336634_bv	45.2	259	132	1	3	261	4	252	9.9e-59	229.6
SRR10507653|k141_132645_16	siaQ|siaQ_476153_bv	50.9	161	79	0	6	166	5	165	1.3e-37	158.3
SRR10507653|k141_132645_17	siaT|siaT_50750_uniprot	78.9	427	90	0	3	429	2	428	1.6e-183	644.4
SRR10507653|k141_132764_3	nanK|nanK_5394_bv	86.7	196	25	1	1	196	1	195	2.0e-95	350.9
SRR10507653|k141_19232_2	kpsT|kpsT_10521_bv	48.1	237	122	1	8	243	2	238	3.6e-63	243.8
SRR10507653|k141_19232_3	kpsM|kpsM_966_bv	53.4	262	122	0	1	262	1	262	4.0e-73	276.9
SRR10507653|k141_97017_5	kpsT|kpsT_10521_bv	46.8	237	125	1	5	240	2	238	1.6e-60	235.0
SRR10507653|k141_97017_6	kpsM|kpsM_639_bv	95.1	266	13	0	1	266	1	266	9.2e-142	505.0
SRR10507653|k141_19361_1	SIAE|SIAE_41068_bv	99.0	299	3	0	1	299	1	299	7.8e-174	611.7
SRR10507653|k141_60013_2	satD|HEX7804913.1	45.3	236	126	2	1	234	22	256	6.4e-51	203.4
SRR10507653|k141_97078_1	nanK|nanK_28066_bv	45.3	236	120	1	1	236	71	297	2.5e-45	184.5
SRR10507653|k141_132921_2	satD|WP_320926183.1	45.9	259	136	2	9	264	14	271	1.8e-59	231.9
SRR10507653|k141_132921_5	nagB|nagB_15856_bv	100.0	242	0	0	1	242	1	242	2.1e-137	490.3
SRR10507653|k141_97204_1	siaP|siaP_31276_bv	77.1	166	38	0	1	166	31	196	9.3e-68	258.5
SRR10507653|k141_60204_1	siaM|siaM_178591_bv	99.3	304	2	0	1	304	56	359	1.4e-159	564.3
SRR10507653|k141_133086_2	satD|WP_223944689.1	49.4	265	129	2	1	263	5	266	2.0e-66	255.0
SRR10507653|k141_19572_1	nanK|nanK_30968_bv	48.3	116	48	1	38	141	8	123	5.1e-22	106.3
SRR10507653|k141_19770_3	nanE|nanE_1920_bv	100.0	226	0	0	1	226	1	226	6.4e-128	458.8
SRR10507653|k141_19825_1	nanU|nanU_278447_bv	59.6	413	144	8	1	409	136	529	3.8e-131	470.3
SRR10507653|k141_133356_10	nanK|nanK_40_bv	51.0	312	152	1	3	313	2	313	3.6e-84	313.9
SRR10507653|k141_97679_2	siaQ|siaQ_505022_bv	100.0	151	0	0	1	151	10	160	8.2e-79	295.0
SRR10507653|k141_19888_1	SIAE|SIAE_26209_bv	98.7	159	2	0	1	159	7	165	2.2e-87	323.6
SRR10507653|k141_133451_1	satB|MBI5878579.1	40.7	312	177	2	1	304	1	312	4.6e-60	233.8
SRR10507653|k141_60618_1	neuB|neuB_36155_bv	42.9	280	152	6	6	284	18	290	6.0e-54	213.4
SRR10507653|k141_20205_2	nanA|nanA_767_refseq	44.3	131	72	1	4	133	2	132	2.2e-25	117.5
SRR10507653|k141_20224_2	nanU|nanU_115339_bv	56.5	623	260	5	4	626	3	614	2.3e-204	714.1
SRR10507653|k141_20251_1	nagB|nagB_6051_bv	99.4	180	1	0	1	180	1	180	1.8e-104	380.6
SRR10507653|k141_98061_1	nanK|nanK_24214_bv	99.2	123	1	0	15	137	1	123	2.8e-68	260.0
SRR10507653|k141_60706_59	nanU|nanU_700_bv	100.0	529	0	0	1	529	1	529	0.0e+00	1101.7
SRR10507653|k141_98227_11	nanK|nanK_28066_bv	42.6	305	163	3	9	313	5	297	7.9e-60	233.0
SRR10507653|k141_20331_9	siaM|siaM_234904_bv	99.8	428	1	0	1	428	1	428	9.0e-232	804.7
SRR10507653|k141_20331_10	siaQ|siaQ_812_uniprot	40.5	173	102	1	1	172	1	173	2.8e-30	134.0
SRR10507653|k141_98401_11	satD|WP_216335384.1	40.6	234	125	6	25	253	33	257	1.4e-33	145.6
SRR10507653|k141_98462_2	neuB|neuB_12236_bv	100.0	341	0	0	1	341	1	341	7.7e-194	678.3
SRR10507653|k141_134136_3	siaM|siaM_10886_bv	100.0	430	0	0	1	430	1	430	1.8e-219	763.8
SRR10507653|k141_134136_5	siaP|siaP_501135_bv	44.1	297	129	3	38	332	38	299	4.2e-59	230.7
SRR10507653|k141_61075_3	nanU|nanU_536296_bv	98.9	529	6	0	1	529	1	529	0.0e+00	1098.2
SRR10507653|k141_98618_4	satB|MCD6321403.1	42.4	314	171	3	1	314	1	304	3.1e-64	247.7
SRR10507653|k141_134264_2	neuD|neuD_1978_uniprot	51.3	156	75	1	3	157	2	157	1.7e-39	164.5
SRR10507653|k141_98744_2	satD|WP_245637405.1	49.2	236	118	2	17	251	33	267	2.2e-55	218.0
SRR10507653|k141_20616_2	nanU|nanU_186766_bv	99.2	516	4	0	1	516	4	519	6.6e-306	1051.2
SRR10507653|k141_20616_54	nanU|nanU_53127_bv	52.4	532	236	6	8	536	15	532	4.1e-165	583.6
SRR10507653|k141_61329_6	siaP|siaP_503766_bv	80.9	262	48	1	1	260	1	262	1.1e-112	408.7
SRR10507653|k141_61354_14	satD|WP_342100215.1	44.5	263	137	3	1	257	14	273	2.5e-53	211.5
SRR10507653|k141_61358_2	nanU|nanU_28472_bv	60.8	576	216	4	1	576	1	566	2.3e-206	720.7
SRR10507653|k141_134500_12	kpsM|kpsM_245_uniprot	45.7	267	137	3	3	269	13	271	3.1e-52	207.6
SRR10507653|k141_134500_13	kpsT|kpsT_10521_bv	45.5	244	132	1	4	246	2	245	2.8e-60	234.2
SRR10507653|k141_61449_1	kpsT|kpsT_10521_bv	45.7	243	131	1	5	246	2	244	6.9e-59	229.6
SRR10507653|k141_61528_4	nanU|nanU_619586_bv	59.5	400	157	3	1	399	98	493	3.6e-134	480.3
SRR10507653|k141_61554_31	satD|WP_026427159.1	44.6	269	141	3	1	264	1	266	1.6e-57	225.3
SRR10507653|k141_99170_1	satB|WP_143432864.1	96.2	131	5	0	1	131	18	148	2.7e-62	240.0
SRR10507653|k141_61583_4	satD|WP_108832684.1	49.2	258	126	4	21	277	21	274	3.1e-62	241.1
SRR10507653|k141_99225_2	nagA|nagA_8500_bv	100.0	284	0	0	1	284	95	378	9.1e-164	578.2
SRR10507653|k141_99335_3	satD|GAB2742427.1	40.2	209	119	6	25	228	33	240	5.8e-29	130.2
SRR10507653|k141_21143_1	kpsT|kpsT_10521_bv	50.3	189	93	1	15	203	22	209	9.7e-51	202.2
SRR10507653|k141_134784_10	satD|WP_132501181.1	40.4	235	119	5	23	249	40	261	1.1e-32	142.5
SRR10507653|k141_134860_6	nagA|nagA_47559_bv	100.0	369	0	0	1	369	1	369	6.4e-210	731.9
SRR10507653|k141_134860_7	nagB|nagB_10919_bv	100.0	244	0	0	1	244	2	245	1.1e-138	494.6
SRR10507653|k141_134896_2	satD|WP_152351914.1	44.0	225	123	2	31	254	41	263	6.6e-44	179.9
SRR10507653|k141_134983_3	kpsD|kpsD_12100_bv	58.1	688	280	3	56	737	147	832	2.0e-239	830.9
SRR10507653|k141_21456_2	nanQ|nanQ_5414_bv	100.0	158	0	0	1	158	1	158	2.2e-90	333.6
SRR10507653|k141_99569_33	SIAE|SIAE_69771_bv	99.7	690	2	0	1	690	1	690	0.0e+00	1443.3
SRR10507653|k141_99573_1	neuB|neuB_16825_uniprot	97.6	294	7	0	1	294	42	335	6.1e-163	575.5
SRR10507653|k141_99578_1	siaP|siaP_494234_bv	96.0	100	4	0	1	100	27	126	2.8e-51	203.0
SRR10507653|k141_21507_1	nanA|nanA_10102_uniprot	50.8	120	59	0	2	121	39	158	2.2e-28	127.5
SRR10507653|k141_21763_2	nanQ|nanQ_576_uniprot	100.0	207	0	0	1	207	1	207	3.8e-119	429.5
SRR10507653|k141_21785_2	kpsT|kpsT_13997_bv	51.3	236	115	0	3	238	5	240	2.5e-66	254.2
SRR10507653|k141_135350_1	siaP|siaP_96716_bv	100.0	125	0	0	1	125	1	125	9.5e-65	248.1
SRR10507653|k141_62470_6	nanU|nanU_142440_bv	100.0	512	0	0	1	512	5	516	2.5e-305	1049.3
SRR10507653|k141_62550_1	satD|MDU0968534.1	40.3	211	122	4	17	223	30	240	5.3e-34	146.7
SRR10507653|k141_22053_2	nanQ|nanQ_1775_uniprot	100.0	149	0	0	1	149	1	149	6.2e-87	322.0
SRR10507653|k141_22053_3	nanE|nanE_11580_bv	97.2	72	2	0	1	72	1	72	5.1e-31	135.2
SRR10507653|k141_22054_2	nanE|nanE_11580_bv	97.2	72	2	0	1	72	1	72	5.1e-31	135.2
SRR10507653|k141_62621_35	nagA|nagA_2756_bv	100.0	387	0	0	1	387	1	387	9.6e-225	781.2
SRR10507653|k141_22078_56	siaM|siaM_10594_bv	100.0	434	0	0	1	434	1	434	3.2e-229	796.2
SRR10507653|k141_22078_57	siaQ|siaQ_1155_uniprot	100.0	173	0	0	1	173	1	173	1.5e-89	330.9
SRR10507653|k141_100193_50	satB|WP_045669688.1	41.1	314	182	2	1	313	1	312	7.2e-61	236.5
SRR10507653|k141_100193_51	satD|WP_227924124.1	47.5	261	131	2	5	265	12	266	1.6e-66	255.4
SRR10507653|k141_135718_2	nanQ|nanQ_2336_uniprot	100.0	155	0	0	1	155	1	155	1.4e-89	330.9
SRR10507653|k141_62776_1	satD|WP_277105213.1	47.7	264	134	2	4	267	3	262	4.7e-66	253.8
SRR10507653|k141_135807_3	neuA|neuA_46098_bv	81.7	186	25	2	51	227	26	211	9.1e-82	305.4
SRR10507653|k141_100369_1	nanU|nanU_330237_bv	63.6	525	190	1	18	542	9	532	1.3e-199	698.4
SRR10507653|k141_100388_1	siaP|siaP_665985_bv	71.2	208	59	1	15	222	9	215	5.7e-81	302.8
SRR10507653|k141_135846_2	nanU|nanU_245761_bv	50.2	584	268	8	1	571	1	574	1.0e-169	599.0
SRR10507653|k141_135851_7	nagB|nagB_3694_bv	100.0	242	0	0	1	242	1	242	1.3e-139	497.7
SRR10507653|k141_135900_3	nanU|nanU_378294_bv	99.6	277	1	0	1	277	1	277	2.3e-159	563.5
SRR10507653|k141_136030_1	nanU|nanU_97494_bv	41.6	495	256	15	2	487	83	553	6.9e-95	350.1
SRR10507653|k141_136099_1	satD|WP_278012708.1	40.9	230	133	2	19	247	28	255	1.4e-43	178.7
SRR10507653|k141_100756_5	nagB|nagB_2675_bv	100.0	242	0	0	1	242	1	242	3.9e-139	496.1
SRR10507653|k141_100758_13	nanR|nanR_1299_uniprot	42.1	216	124	1	10	225	10	224	1.1e-42	175.6
SRR10507653|k141_136130_10	kpsM|kpsM_252_bv	40.1	257	154	0	1	257	22	278	4.8e-55	216.9
SRR10507653|k141_136130_13	kpsT|kpsT_13613_bv	40.0	240	143	1	69	308	6	244	2.5e-45	184.9
SRR10507653|k141_22554_16	satB|HUX88249.1	44.7	311	164	1	1	303	1	311	1.7e-67	258.5
SRR10507653|k141_22554_19	satD|WP_204878079.1	41.7	259	149	2	8	266	17	273	9.5e-56	219.5
SRR10507653|k141_100988_1	nanM|nanM_4805_bv	57.4	310	131	1	3	312	33	341	8.8e-112	406.0
SRR10507653|k141_101005_1	satD|HIR00976.1	41.0	244	136	4	6	241	19	262	2.3e-38	161.8
SRR10507653|k141_63267_5	siaQ|siaQ_16866_bv	100.0	164	0	0	1	164	1	164	8.3e-85	315.1
SRR10507653|k141_63267_6	siaM|siaM_1481_bv	100.0	429	0	0	1	429	1	429	1.7e-222	773.9
SRR10507653|k141_22787_1	nanA|nanA_30230_bv	99.3	138	1	0	1	138	1	138	2.3e-72	273.5
SRR10507653|k141_63309_16	satD|WP_445507519.1	40.2	214	114	7	34	238	30	238	2.6e-29	131.3
SRR10507653|k141_101131_3	satD|HLR28547.1	42.5	252	141	2	8	259	17	264	1.6e-54	215.3
SRR10507653|k141_63330_1	nanU|nanU_115687_bv	42.6	411	204	10	12	413	86	473	1.0e-78	296.2
SRR10507653|k141_136429_3	satD|WP_283456099.1	45.6	259	135	2	7	260	15	272	2.5e-56	221.5
SRR10507653|k141_22818_2	SIAE|SIAE_1393_bv	100.0	473	0	0	1	473	1	473	2.0e-288	993.0
SRR10507653|k141_136459_20	nanK|nanK_40_bv	59.1	318	127	2	1	317	1	316	1.4e-104	381.7
SRR10507653|k141_22885_2	nagB|nagB_14266_bv	100.0	236	0	0	1	236	1	236	5.1e-136	485.7
SRR10507653|k141_22955_1	nanQ|nanQ_2941_uniprot	81.1	148	25	1	1	148	1	145	2.3e-65	250.4
SRR10507653|k141_101289_5	siaP|siaP_690391_bv	48.2	307	159	0	71	377	25	331	1.6e-83	312.0
SRR10507653|k141_101289_6	siaQ|siaQ_16030_bv	99.4	165	1	0	1	165	1	165	1.5e-86	320.9
SRR10507653|k141_101289_7	siaM|siaM_156436_bv	100.0	432	0	0	1	432	1	432	8.6e-182	638.6
SRR10507653|k141_136529_16	nagA|nagA_2820_bv	100.0	375	0	0	1	375	1	375	5.0e-218	758.8
SRR10507653|k141_136529_17	nagB|nagB_27156_bv	100.0	242	0	0	1	242	45	286	6.0e-140	498.8
SRR10507653|k141_63575_1	siaM|siaM_388791_bv	96.8	93	3	0	1	93	1	93	1.1e-33	144.4
SRR10507653|k141_63575_2	siaQ|siaQ_36530_bv	100.0	138	0	0	1	138	30	167	2.4e-69	263.5
SRR10507653|k141_101537_1	nagB|nagB_4554_bv	99.5	204	1	0	1	204	11	214	1.1e-115	417.9
SRR10507653|k141_136745_1	siaP|siaP_319760_bv	78.7	211	45	0	1	211	16	226	3.8e-90	333.2
SRR10507653|k141_136788_3	satD|WP_297186591.1	40.0	210	113	6	19	219	30	235	4.8e-27	123.6
SRR10507653|k141_23335_15	siaT|siaT_73244_uniprot	100.0	436	0	0	1	436	1	436	1.7e-225	783.9
SRR10507653|k141_137023_1	nagB|nagB_3271_bv	83.4	187	31	0	2	188	1	187	3.0e-91	336.7
SRR10507653|k141_101855_2	satD|WP_315914060.1	46.5	258	129	2	7	258	16	270	3.3e-61	237.7
SRR10507653|k141_101905_2	siaP|siaP_418419_bv	67.0	206	68	0	3	208	2	207	2.4e-81	303.9
SRR10507653|k141_137165_1	satD|MDF2442142.1	46.7	199	105	1	25	223	2	199	2.2e-40	167.9
SRR10507653|k141_102060_1	nagA|nagA_95623_bv	96.1	254	10	0	1	254	1	254	1.9e-141	503.8
SRR10507653|k141_137291_5	satD|WP_271417843.1	48.2	245	122	2	18	262	30	269	2.9e-60	234.6
SRR10507653|k141_64163_18	satD|HJC70536.1	45.3	225	120	2	31	254	13	235	4.5e-45	183.7
SRR10507653|k141_64163_32	siaQ|siaQ_480775_bv	48.8	162	83	0	4	165	1	162	8.3e-32	139.0
SRR10507653|k141_64163_33	siaM|siaM_19740_bv	100.0	424	0	0	1	424	1	424	4.9e-222	772.3
SRR10507653|k141_64299_3	nanK|nanK_28066_bv	43.8	251	122	8	7	255	5	238	3.7e-39	164.1
SRR10507653|k141_64303_2	siaQ|siaQ_989_uniprot	90.7	172	16	0	1	172	1	172	5.1e-85	315.8
SRR10507653|k141_64303_3	siaM|siaM_294041_bv	100.0	446	0	0	1	446	2	447	1.8e-235	817.0
SRR10507653|k141_137503_2	nanU|nanU_590222_bv	48.6	578	276	10	1	573	1	562	1.4e-150	535.4
SRR10507653|k141_102489_1	satD|WP_440292989.1	40.7	253	137	5	3	244	4	254	8.7e-41	169.9
SRR10507653|k141_137627_15	satD|WP_441443397.1	40.0	210	114	7	31	232	42	247	7.3e-26	119.8
SRR10507653|k141_64424_1	satD|WP_256841055.1	50.2	217	102	3	1	216	55	266	9.6e-49	195.7
SRR10507653|k141_102783_1	nanU|nanU_96286_bv	42.4	510	266	12	2	489	38	541	2.2e-109	398.3
SRR10507653|k141_64673_1	nagB|nagB_142620_bv	96.3	161	6	0	1	161	8	168	2.1e-88	327.0
SRR10507653|k141_137961_2	nanU|nanU_305779_bv	61.0	597	229	2	1	597	1	593	6.2e-223	775.8
SRR10507653|k141_24305_5	nanK|nanK_28066_bv	42.3	305	161	7	43	347	5	294	3.4e-51	204.5
SRR10507653|k141_138015_32	nanH|nanH_61381_bv	56.6	424	168	4	8	429	17	426	2.5e-141	504.2
SRR10507653|k141_64931_42	kpsT|kpsT_10521_bv	48.8	240	122	1	6	244	3	242	1.8e-60	235.0
SRR10507653|k141_64931_43	kpsM|kpsM_647_bv	69.0	258	80	0	1	258	1	258	5.6e-96	352.8
SRR10507653|k141_24454_1	satD|WP_223944689.1	44.5	256	141	1	4	259	12	266	6.1e-60	233.4
SRR10507653|k141_138152_6	nanK|nanK_28066_bv	41.4	304	167	4	6	309	5	297	1.8e-51	205.3
SRR10507653|k141_102998_7	satD|KPG67219.1	40.1	207	122	1	19	223	40	246	2.5e-36	154.8
SRR10507653|k141_138156_76	satB|WP_292596291.1	44.5	317	170	1	1	317	1	311	6.4e-65	250.0
SRR10507653|k141_24539_3	satD|GAB2535797.1	40.5	242	124	8	21	255	37	265	2.7e-37	157.9
SRR10507653|k141_103130_1	nanA|nanA_9790_uniprot	50.4	125	62	0	4	128	3	127	2.1e-30	134.0
SRR10507653|k141_103171_1	siaM|siaM_598724_bv	100.0	179	0	0	1	179	1	179	1.8e-88	327.4
SRR10507653|k141_65143_2	SIAE|SIAE_713_bv	100.0	477	0	0	1	477	1	477	5.4e-286	984.9
SRR10507653|k141_65154_13	kpsT|kpsT_13997_bv	45.0	238	128	2	13	250	6	240	8.7e-57	222.6
SRR10507653|k141_65154_14	kpsM|kpsM_246_uniprot	50.0	264	123	2	18	281	4	258	9.6e-65	249.2
SRR10507653|k141_65203_1	neuA|neuA_24025_uniprot	75.6	168	41	0	1	168	40	207	1.1e-71	271.6
SRR10507653|k141_24757_2	nanH|nanH_2566_bv	100.0	358	0	0	1	358	18	375	2.1e-213	743.4
SRR10507653|k141_65364_2	nanU|nanU_563802_bv	98.5	388	6	0	1	388	1	388	1.2e-235	817.4
SRR10507653|k141_24822_1	kpsD|kpsD_1302_bv	53.7	709	324	3	1	708	25	730	4.9e-219	763.1
SRR10507653|k141_65372_3	siaQ|siaQ_24135_bv	100.0	165	0	0	1	165	8	172	2.6e-86	320.1
SRR10507653|k141_103495_2	siaQ|siaQ_576469_bv	98.1	156	3	0	1	156	1	156	3.9e-76	286.2
SRR10507653|k141_103495_3	siaM|siaM_161844_bv	100.0	428	0	0	1	428	1	428	8.1e-225	781.6
SRR10507653|k141_103592_2	satD|WP_223944689.1	46.5	269	142	2	1	268	1	268	4.8e-63	243.8
SRR10507653|k141_65558_1	siaM|siaM_94944_bv	95.5	419	19	0	1	419	1	419	5.8e-207	722.2
SRR10507653|k141_65558_2	siaQ|siaQ_255795_bv	100.0	176	0	0	1	176	1	176	1.8e-93	344.0
SRR10507653|k141_24914_8	nagB|nagB_74529_bv	99.6	263	1	0	1	263	1	263	1.3e-151	537.7
SRR10507653|k141_24914_25	nagA|nagA_158775_bv	100.0	387	0	0	1	387	18	404	1.9e-225	783.5
SRR10507653|k141_24914_29	nanM|nanM_3259_bv	42.4	363	193	6	44	406	6	352	8.9e-72	273.1
SRR10507653|k141_24914_32	SIAE|SIAE_4538_bv	99.9	687	1	0	1	687	1	687	0.0e+00	1436.0
SRR10507653|k141_24914_36	nanU|nanU_574902_bv	99.6	500	2	0	1	500	2	501	1.7e-298	1026.5
SRR10507653|k141_24923_3	nanU|nanU_68107_bv	99.8	534	1	0	5	538	18	551	0.0e+00	1099.0
SRR10507653|k141_138961_4	nanK|nanK_28066_bv	41.4	304	166	3	8	311	5	296	2.2e-57	224.9
SRR10507653|k141_25074_1	siaP|siaP_60828_bv	57.4	312	132	1	14	325	1	311	8.8e-102	372.5
SRR10507653|k141_103841_1	satD|WP_047240803.1	41.8	194	106	6	22	209	36	228	6.0e-27	123.2
SRR10507653|k141_103862_1	kpsD|kpsD_12088_bv	59.5	640	257	2	1	640	182	819	3.2e-225	783.5
SRR10507653|k141_65833_4	nanU|nanU_422891_bv	99.4	489	3	0	14	502	21	509	1.9e-294	1013.1
SRR10507653|k141_103903_1	nagB|nagB_98902_bv	43.4	212	111	5	12	221	17	221	3.1e-34	147.5
SRR10507653|k141_139206_2	satB|MEA2597038.1	41.6	315	174	3	1	308	1	312	9.9e-63	242.7
SRR10507653|k141_25115_85	neuB|neuB_15408_bv	100.0	346	0	0	1	346	1	346	5.3e-198	692.2
SRR10507653|k141_25115_87	neuB|neuB_5784_bv	100.0	342	0	0	1	342	1	342	2.7e-202	706.4
SRR10507653|k141_25179_2	siaT|siaT_53800_uniprot	100.0	431	0	0	1	431	1	431	2.4e-232	806.6
SRR10507653|k141_66104_2	nanU|nanU_572409_bv	42.2	462	254	6	69	526	134	586	1.6e-97	359.0
SRR10507653|k141_139522_1	SIAE|SIAE_27082_refseq	100.0	278	0	0	1	278	1	278	3.1e-164	579.7
SRR10507653|k141_139554_4	kpsT|kpsT_10521_bv	55.4	222	98	1	2	222	18	239	3.7e-67	256.9
SRR10507653|k141_104456_1	satD|WP_298128765.1	47.0	219	113	2	1	219	43	258	6.6e-47	189.9
SRR10507653|k141_25666_6	satD|WP_237188952.1	40.2	239	127	8	22	254	64	292	1.1e-30	136.0
SRR10507653|k141_139841_4	siaM|siaM_169435_bv	100.0	429	0	0	1	429	1	429	1.2e-223	777.7
SRR10507653|k141_139841_5	siaQ|siaQ_480775_bv	44.9	158	86	1	4	161	1	157	2.2e-25	117.9
SRR10507653|k141_66368_1	SIAE|SIAE_28550_refseq	100.0	478	0	0	1	478	8	485	1.3e-274	947.2
SRR10507653|k141_25798_2	nagB|nagB_38416_bv	98.8	246	3	0	1	246	1	246	4.6e-140	499.2
SRR10507653|k141_25855_2	siaQ|siaQ_84856_bv	44.4	135	75	0	3	137	23	157	9.1e-27	122.1
SRR10507653|k141_66660_21	kpsM|kpsM_657_bv	67.1	258	85	0	1	258	1	258	2.7e-90	334.0
SRR10507653|k141_104894_3	siaM|siaM_13047_bv	99.8	436	1	0	1	436	1	436	5.0e-222	772.3
SRR10507653|k141_104894_4	siaQ|siaQ_9117_bv	100.0	168	0	0	1	168	1	168	5.0e-85	315.8
SRR10507653|k141_104894_5	siaP|siaP_194100_bv	76.5	255	60	0	81	335	1	255	3.2e-107	390.6
SRR10507653|k141_26029_5	satD|WP_132501181.1	41.0	229	120	5	26	244	39	262	6.5e-33	143.3
SRR10507653|k141_140449_1	nanU|nanU_444_bv	100.0	409	0	0	1	409	85	493	5.0e-240	832.0
SRR10507653|k141_105014_1	kpsM|kpsM_209_bv	52.7	203	92	1	3	201	18	220	1.2e-50	201.8
SRR10507653|k141_140515_1	siaP|siaP_303384_bv	90.6	160	15	0	47	206	1	160	8.6e-79	295.4
SRR10507653|k141_105059_2	nanQ|nanQ_4357_bv	99.1	111	1	0	1	111	48	158	9.7e-61	234.6
SRR10507653|k141_105070_2	satD|WP_146323771.1	46.0	237	126	2	24	260	26	260	9.4e-56	219.5
SRR10507653|k141_105070_5	satB|HUX88249.1	43.2	308	165	2	4	302	5	311	1.3e-62	242.3
SRR10507653|k141_26179_1	nanU|nanU_517875_bv	50.4	498	232	7	2	489	62	554	4.4e-134	480.3
SRR10507653|k141_140552_1	nanU|nanU_611102_bv	99.7	286	1	0	1	286	118	403	1.8e-167	590.5
SRR10507653|k141_105160_1	nanA|nanA_1070_bv	99.3	286	2	0	1	286	2	287	7.7e-163	575.1
SRR10507653|k141_26249_1	siaM|siaM_473714_bv	100.0	284	0	0	1	284	6	289	5.0e-146	519.2
SRR10507653|k141_66983_2	nanK|nanK_28066_bv	47.4	308	148	4	9	316	4	297	4.7e-68	260.4
SRR10507653|k141_140787_1	nanK|nanK_40_bv	49.1	269	130	4	3	264	2	270	9.0e-65	249.2
SRR10507653|k141_26585_29	satB|MGI6127559.1	40.0	315	178	3	38	342	1	314	6.4e-55	216.9
SRR10507653|k141_26585_32	satD|MFC2360929.1	46.4	233	123	2	23	255	43	273	2.4e-56	221.5
SRR10507653|k141_26678_2	nagB|nagB_32250_bv	99.6	251	1	0	1	251	23	273	3.2e-144	513.1
SRR10507653|k141_105755_2	nanK|nanK_28066_bv	45.8	275	136	3	3	277	36	297	5.0e-58	226.9
SRR10507653|k141_141049_4	siaQ|siaQ_39381_bv	98.5	206	3	0	1	206	1	206	5.0e-111	402.5
SRR10507653|k141_141049_5	siaM|siaM_22627_bv	100.0	429	0	0	1	429	1	429	2.5e-218	760.0
SRR10507653|k141_105863_17	nanK|nanK_297_bv	51.7	300	143	2	6	304	3	301	1.9e-74	281.6
SRR10507653|k141_105863_18	nanE|nanE_1195_bv	100.0	233	0	0	1	233	1	233	5.4e-130	465.7
SRR10507653|k141_105863_19	nanQ|nanQ_1378_uniprot	98.0	149	3	0	1	149	1	149	1.3e-84	314.3
SRR10507653|k141_105863_20	nanA|nanA_1223_bv	100.0	309	0	0	1	309	1	309	1.0e-176	621.3
SRR10507653|k141_67496_1	satD|WP_115921681.1	42.3	239	124	2	1	239	44	268	1.6e-44	181.8
SRR10507653|k141_67520_2	nanK|nanK_26250_bv	40.4	302	169	5	7	308	6	296	7.4e-58	226.5
SRR10507653|k141_141251_12	nanK|nanK_17844_bv	99.1	221	2	0	74	294	1	221	6.4e-128	459.1
SRR10507653|k141_106019_1	nanA|nanA_10616_bv	93.8	128	8	0	1	128	21	148	2.8e-64	246.5
SRR10507653|k141_141271_19	nanK|nanK_7216_bv	41.7	309	168	4	12	317	4	303	4.0e-59	230.7
SRR10507653|k141_67741_2	nanU|nanU_517875_bv	50.4	552	256	8	3	543	11	555	1.4e-149	531.9
SRR10507653|k141_67771_2	SIAE|SIAE_15547_refseq	99.8	429	1	0	1	429	1	429	1.8e-256	886.7
SRR10507653|k141_67817_1	satB|OPL08187.1	41.0	312	173	4	1	302	1	311	8.2e-54	213.0
SRR10507653|k141_106160_1	satD|WP_400927634.1	42.1	247	142	1	5	250	18	264	1.8e-46	188.3
SRR10507653|k141_27142_29	nanE|nanE_669_bv	100.0	232	0	0	1	232	1	232	1.2e-129	464.5
SRR10507653|k141_27142_30	nanA|nanA_11768_bv	99.7	304	1	0	1	304	1	304	4.8e-171	602.4
SRR10507653|k141_106439_1	nanK|nanK_30968_bv	54.1	98	33	1	1	86	26	123	8.7e-20	98.2
SRR10507653|k141_68063_1	SIAE|SIAE_20276_refseq	99.4	464	3	0	1	464	71	534	2.7e-274	946.0
SRR10507653|k141_106480_29	nagA|nagA_55754_bv	100.0	374	0	0	1	374	1	374	2.2e-218	760.0
SRR10507653|k141_106482_2	nanK|nanK_707_uniprot	58.1	260	106	1	60	316	11	270	1.3e-78	295.4
SRR10507653|k141_68310_20	kpsM|kpsM_604_bv	46.6	279	147	2	7	285	3	279	4.7e-67	256.9
SRR10507653|k141_68316_1	nanQ|nanQ_5214_uniprot	60.3	126	50	0	1	126	1	126	3.3e-41	169.9
SRR10507653|k141_27482_2	nanA|nanA_10102_uniprot	48.4	153	79	0	6	158	6	158	9.1e-39	162.5
SRR10507653|k141_68429_1	nanU|nanU_105517_bv	96.9	484	15	0	1	484	49	532	1.2e-288	993.8
SRR10507653|k141_141498_23	satD|MFQ7554379.1	50.6	233	113	2	30	262	37	267	6.2e-57	223.4
SRR10507653|k141_141498_47	nagB|nagB_145306_bv	100.0	241	0	0	1	241	13	253	4.0e-136	486.1
SRR10507653|k141_141498_48	nagA|nagA_84065_bv	100.0	380	0	0	1	380	1	380	2.0e-219	763.5
SRR10507653|k141_141498_82	neuA|neuA_25108_bv	53.7	246	93	1	1	225	1	246	5.4e-66	253.1
SRR10507653|k141_141498_83	neuB|neuB_10083_uniprot	92.9	350	25	0	1	350	1	350	1.4e-190	667.5
SRR10507653|k141_141518_1	siaQ|siaQ_5195_bv	43.8	130	73	0	2	131	11	140	7.2e-23	109.0
SRR10507653|k141_106991_1	nanU|nanU_3469_bv	100.0	509	0	0	1	509	1	509	3.2e-305	1048.9
SRR10507653|k141_141718_2	nanU|nanU_119814_bv	59.5	457	185	0	16	472	25	481	2.5e-150	534.3
SRR10507653|k141_27982_2	nanU|nanU_472641_bv	40.1	591	270	16	13	603	23	529	5.0e-90	334.3
SRR10507653|k141_28100_2	nanU|nanU_623982_bv	70.0	556	166	1	9	564	2	556	3.1e-240	833.2
SRR10507653|k141_107317_2	satB|WP_085028910.1	40.3	258	147	2	2	253	57	313	6.9e-46	186.4
SRR10507653|k141_28135_2	satB|MCB1069314.1	41.5	318	174	2	1	310	1	314	3.9e-59	230.7
SRR10507653|k141_28149_3	nanU|nanU_556657_bv	46.9	618	289	11	1	613	1	584	1.6e-152	542.0
SRR10507653|k141_142024_6	nanU|nanU_548226_bv	61.9	514	191	4	3	513	1	512	1.1e-194	681.8
SRR10507653|k141_107433_8	kpsM|kpsM_245_uniprot	46.2	264	130	5	2	263	18	271	3.9e-52	207.2
SRR10507653|k141_107433_9	kpsT|kpsT_10521_bv	45.5	244	132	1	4	246	2	245	7.4e-61	236.1
SRR10507653|k141_28256_1	neuA|neuA_11269_bv	90.7	97	9	0	1	97	1	97	1.0e-42	174.5
SRR10507653|k141_69030_1	kpsT|kpsT_13997_bv	44.1	236	130	1	1	234	7	242	5.0e-51	203.4
SRR10507653|k141_69081_2	satD|WP_105657809.1	41.4	215	109	9	1	202	49	259	3.2e-25	117.5
SRR10507653|k141_142114_2	nanU|nanU_449473_bv	98.8	402	5	0	1	402	21	422	8.7e-237	821.2
SRR10507653|k141_107497_1	satD|WP_255793737.1	42.4	210	111	4	5	210	9	212	2.0e-43	177.9
SRR10507653|k141_142136_1	nanA|nanA_9368_uniprot	46.8	111	58	1	5	114	1	111	1.2e-21	104.8
SRR10507653|k141_142225_7	siaQ|siaQ_8436_bv	100.0	163	0	0	1	163	1	163	1.1e-81	304.7
SRR10507653|k141_142225_8	siaM|siaM_13355_bv	99.8	433	1	0	1	433	1	433	6.5e-222	771.9
SRR10507653|k141_28403_3	nanK|nanK_28066_bv	45.2	270	137	6	1	269	1	260	1.2e-48	195.7
SRR10507653|k141_28448_2	siaM|siaM_250694_bv	84.1	63	10	0	1	63	19	81	2.7e-23	109.4
SRR10507653|k141_107622_1	nanQ|nanQ_3293_uniprot	100.0	116	0	0	1	116	1	116	1.7e-60	233.8
SRR10507653|k141_69380_1	satD|WP_378900728.1	41.6	209	109	6	13	212	30	234	1.8e-26	121.7
SRR10507653|k141_107856_1	siaM|siaM_481383_bv	99.6	240	1	0	1	240	1	240	2.4e-117	423.7
SRR10507653|k141_107856_2	siaQ|siaQ_42966_bv	98.8	162	2	0	1	162	4	165	7.9e-80	298.5
SRR10507653|k141_107872_6	kpsT|kpsT_10521_bv	52.5	238	112	1	23	259	2	239	1.7e-68	261.5
SRR10507653|k141_108020_1	nanU|nanU_383909_bv	59.8	430	165	6	1	428	12	435	9.5e-141	502.3
SRR10507653|k141_69621_1	siaP|siaP_114507_bv	40.3	149	80	2	5	145	4	151	8.0e-23	109.0
SRR10507653|k141_28760_125	kpsM|kpsM_604_bv	51.2	281	135	2	4	284	1	279	1.2e-78	295.4
SRR10507653|k141_28792_3	nagA|nagA_174125_bv	99.4	309	2	0	1	309	69	377	8.3e-179	628.2
SRR10507653|k141_69717_4	satB|MCZ7572982.1	42.0	312	170	2	6	310	5	312	2.6e-63	244.6
SRR10507653|k141_142794_2	nanK|nanK_542_bv	42.5	306	155	8	2	293	1	299	1.8e-53	211.8
SRR10507653|k141_142844_4	kpsM|kpsM_889_bv	60.7	262	103	0	1	262	1	262	2.7e-85	317.4
SRR10507653|k141_142844_5	kpsT|kpsT_10521_bv	46.6	223	119	0	6	228	2	224	5.4e-56	219.9
SRR10507653|k141_29046_2	nanA|nanA_9368_uniprot	44.9	138	76	0	3	140	1	138	3.0e-27	123.6
SRR10507653|k141_29068_2	nanU|nanU_534055_bv	43.4	603	317	12	10	595	1	596	5.8e-128	460.3
SRR10507653|k141_70091_1	nanK|nanK_2382_bv	100.0	302	0	0	1	302	1	302	2.9e-176	619.8
SRR10507653|k141_143203_1	nanU|nanU_94767_bv	56.0	541	237	1	6	545	9	549	6.1e-172	606.3
SRR10507653|k141_29228_2	nanU|nanU_198982_bv	57.0	554	222	9	17	563	10	554	5.4e-176	619.8
SRR10507653|k141_108834_1	siaM|siaM_429583_bv	99.5	198	1	0	2	199	1	198	6.9e-102	372.1
SRR10507653|k141_29884_1	siaM|siaM_106035_bv	99.2	118	1	0	1	118	1	118	3.2e-54	213.0
SRR10507653|k141_29884_2	siaQ|siaQ_989_uniprot	97.0	169	5	0	1	169	4	172	1.6e-86	320.9
SRR10507653|k141_143923_9	nanK|nanK_40_bv	59.7	313	125	1	1	312	1	313	4.8e-105	383.3
SRR10507653|k141_29950_1	siaQ|siaQ_486063_bv	58.1	129	54	0	22	150	8	136	1.3e-36	154.8
SRR10507653|k141_70854_1	SIAE|SIAE_31456_refseq	95.1	185	9	0	1	185	1	185	7.3e-98	358.6
SRR10507653|k141_109063_1	satD|WP_209906647.1	51.6	250	120	1	96	345	15	263	1.1e-60	236.1
SRR10507653|k141_70874_1	siaM|siaM_528306_bv	92.9	84	6	0	1	84	27	110	5.1e-38	158.7
SRR10507653|k141_70922_1	SIAE|SIAE_11335_refseq	97.7	129	3	0	3	131	2	130	3.5e-70	266.2
SRR10507653|k141_144036_25	nanK|nanK_26501_bv	46.2	303	157	2	1	303	1	297	8.8e-72	272.7
SRR10507653|k141_144036_40	kpsT|kpsT_5664_bv	41.0	229	128	3	23	250	51	273	3.7e-45	184.1
SRR10507653|k141_30153_1	nanU|nanU_572409_bv	49.2	449	217	3	29	474	98	538	1.6e-120	435.3
SRR10507653|k141_144173_1	satD|WP_019192916.1	43.1	209	118	1	1	208	52	260	2.8e-40	167.5
SRR10507653|k141_144243_1	satD|WP_271417843.1	44.1	245	123	3	27	271	39	269	2.3e-56	221.5
SRR10507653|k141_109508_4	kpsM|kpsM_604_bv	52.2	278	130	2	16	293	5	279	1.1e-79	298.9
SRR10507653|k141_71247_15	kpsM|kpsM_209_bv	54.5	268	119	2	66	330	10	277	7.5e-77	289.7
SRR10507653|k141_71275_2	nanE|nanE_28860_bv	99.5	184	1	0	1	184	52	235	2.4e-101	370.2
SRR10507653|k141_71290_4	satD|WP_245637405.1	49.2	236	118	2	17	251	33	267	7.0e-56	219.9
SRR10507653|k141_30454_3	nanU|nanU_458362_bv	52.5	535	228	8	1	527	1	517	9.3e-154	545.8
SRR10507653|k141_109706_1	siaM|siaM_334882_bv	99.1	225	2	0	1	225	76	300	5.8e-113	409.1
SRR10507653|k141_109719_1	nagB|nagB_207109_bv	53.8	132	61	0	25	156	53	184	1.8e-33	144.4
SRR10507653|k141_30584_1	kpsT|kpsT_13997_bv	49.7	193	97	0	1	193	48	240	6.0e-53	209.5
SRR10507653|k141_109786_4	nagB|nagB_1196_bv	100.0	232	0	0	1	232	12	243	1.4e-130	467.6
SRR10507653|k141_109786_5	nagA|nagA_35628_bv	100.0	376	0	0	1	376	1	376	2.4e-220	766.5
SRR10507653|k141_71507_2	nanU|nanU_363656_bv	62.4	593	206	8	1	590	1	579	6.2e-207	722.6
SRR10507653|k141_109857_1	nanU|nanU_389111_bv	97.8	366	8	0	94	459	1	366	5.3e-206	719.2
SRR10507653|k141_30803_1	satB|WP_085028910.1	40.1	242	133	3	1	231	26	266	5.7e-39	163.3
SRR10507653|k141_71773_2	nanK|nanK_382_bv	98.0	305	6	0	1	305	1	305	1.5e-172	607.4
SRR10507653|k141_110128_35	nanK|nanK_28066_bv	41.3	305	164	6	9	313	5	294	6.8e-51	203.4
SRR10507653|k141_110257_5	satD|WP_413450927.1	40.3	238	139	2	33	270	29	263	4.6e-43	177.2
SRR10507653|k141_31086_2	satD|WP_227924124.1	46.1	267	134	4	1	258	1	266	6.0e-63	243.4
SRR10507653|k141_110286_9	nanR|nanR_3642_bv	40.1	222	122	5	1	218	3	217	1.8e-33	145.2
SRR10507653|k141_110304_5	nanQ|nanQ_672_uniprot	100.0	154	0	0	1	154	1	154	1.4e-86	320.9
SRR10507653|k141_110347_1	nanA|nanA_31654_bv	100.0	208	0	0	1	208	3	210	1.2e-117	424.5
SRR10507653|k141_31242_1	satD|MEO6531490.1	48.6	218	112	0	1	218	51	268	6.0e-54	213.4
SRR10507653|k141_110482_1	nanE|nanE_24636_bv	70.0	240	49	1	2	241	27	243	3.3e-90	333.6
SRR10507653|k141_72103_1	satD|CRH62841.1	45.9	194	104	1	8	201	70	262	4.4e-44	180.3
SRR10507653|k141_145343_2	nanU|nanU_352498_bv	99.8	544	1	0	1	544	3	546	0.0e+00	1138.3
SRR10507653|k141_31588_2	siaP|siaP_364155_bv	49.3	302	151	1	50	351	24	323	7.4e-78	293.1
SRR10507653|k141_145458_1	nanU|nanU_587755_bv	100.0	372	0	0	1	372	83	454	6.6e-223	775.0
SRR10507653|k141_31766_10	nanU|nanU_574553_bv	51.1	536	237	7	3	538	4	514	1.2e-153	545.4
SRR10507653|k141_31935_1	satD|WP_285297560.1	48.0	200	100	3	2	200	75	271	1.0e-40	169.1
SRR10507653|k141_145854_1	nanA|nanA_43723_refseq	58.8	80	33	0	34	113	28	107	4.0e-22	106.3
SRR10507653|k141_72362_48	neuD|neuD_4075_uniprot	99.0	196	2	0	1	196	17	212	2.4e-46	187.6
SRR10507653|k141_72362_49	neuB|neuB_6958_uniprot	99.1	335	3	0	1	335	1	335	2.1e-188	660.2
SRR10507653|k141_72362_50	neuC|neuC_1997_uniprot	99.7	387	1	0	1	387	1	387	1.4e-223	777.3
SRR10507653|k141_32098_3	siaP|siaP_772055_bv	83.4	574	95	0	1	574	74	647	5.1e-291	1001.9
SRR10507653|k141_72483_4	satB|MBI5878579.1	41.3	312	175	2	1	304	1	312	5.4e-61	236.9
SRR10507653|k141_145978_2	nagA|nagA_67390_bv	99.7	382	1	0	19	400	1	382	1.1e-223	777.7
SRR10507653|k141_72561_1	nagA|nagA_1584_bv	100.0	352	0	0	1	352	44	395	2.3e-201	703.4
SRR10507653|k141_72561_2	nagB|nagB_8814_bv	99.6	263	1	0	1	263	1	263	2.1e-151	537.0
SRR10507653|k141_72586_5	nagB|nagB_29372_bv	100.0	243	0	0	1	243	1	243	5.6e-138	492.3
SRR10507653|k141_32293_1	siaQ|siaQ_180704_bv	96.4	112	4	0	1	112	1	112	9.4e-48	191.4
SRR10507653|k141_32323_3	satD|WP_412956920.1	46.3	255	133	3	13	265	5	257	5.2e-57	223.8
SRR10507653|k141_146053_1	siaM|siaM_201281_bv	100.0	307	0	0	1	307	110	416	5.7e-156	552.4
SRR10507653|k141_72820_1	siaM|siaM_94944_bv	96.8	347	11	0	1	347	1	347	1.5e-173	610.9
SRR10507653|k141_72820_2	siaQ|siaQ_31729_bv	100.0	120	0	0	1	120	44	163	8.6e-63	241.5
SRR10507653|k141_72846_1	siaP|siaP_121643_bv	90.5	263	24	1	15	277	16	277	1.8e-140	500.7
SRR10507653|k141_72916_1	nanQ|nanQ_575_uniprot	100.0	132	0	0	1	132	1	132	6.9e-74	278.5
SRR10507653|k141_146188_42	neuB|neuB_19920_bv	49.7	360	171	1	1	350	1	360	7.9e-101	369.4
SRR10507653|k141_146188_43	neuA|neuA_9657_bv	63.2	190	69	1	40	229	1	189	2.7e-65	250.8
SRR10507653|k141_146188_62	nanR|nanR_1299_uniprot	42.5	226	130	0	1	226	1	226	5.6e-39	163.3
SRR10507653|k141_146188_74	nanK|nanK_13641_bv	98.3	240	4	0	54	293	1	240	2.5e-132	473.8
SRR10507653|k141_146188_75	nanE|nanE_4589_uniprot	99.6	231	1	0	1	231	7	237	4.7e-126	452.6
SRR10507653|k141_146188_76	nanQ|nanQ_635_uniprot	99.3	148	1	0	1	148	1	148	5.4e-83	308.9
SRR10507653|k141_146188_77	nanA|nanA_5008_bv	88.0	309	37	0	1	309	1	309	7.6e-156	552.0
SRR10507653|k141_146188_82	nagB|nagB_19708_bv	100.0	242	0	0	1	242	1	242	1.6e-137	490.7
SRR10507653|k141_72994_3	neuA|neuA_17176_uniprot	99.5	217	1	0	1	217	1	217	1.7e-122	440.7
SRR10507653|k141_146353_2	satD|WP_075379571.1	45.8	260	134	3	2	256	13	270	5.9e-58	226.9
SRR10507653|k141_32745_1	siaM|siaM_174727_bv	98.7	235	3	0	1	235	70	304	7.3e-119	428.7
SRR10507653|k141_73185_2	siaP|siaP_708055_bv	41.4	266	155	1	67	332	43	307	9.1e-54	213.0
SRR10507653|k141_73235_1	nanQ|nanQ_902_bv	100.0	149	0	0	15	163	1	149	5.0e-82	305.8
SRR10507653|k141_32904_2	nanU|nanU_154276_bv	54.5	574	249	6	2	573	3	566	3.6e-175	617.1
SRR10507653|k141_32932_4	kpsM|kpsM_163_bv	65.2	256	89	0	1	256	1	256	3.3e-88	327.0
SRR10507653|k141_32984_11	satB|OPL08187.1	40.3	313	176	3	1	303	1	312	1.4e-53	212.2
SRR10507653|k141_32984_14	satD|WP_271417843.1	47.5	236	119	2	29	264	39	269	2.7e-58	228.0
SRR10507653|k141_146573_3	nanU|nanU_415572_bv	99.7	384	1	0	60	443	11	394	1.1e-223	778.1
SRR10507653|k141_146645_13	satD|WP_069102428.1	47.7	243	118	3	27	267	34	269	4.1e-59	230.7
SRR10507653|k141_33200_1	nanQ|nanQ_6528_uniprot	99.3	145	1	0	1	145	1	145	6.9e-83	308.5
SRR10507653|k141_73493_4	neuD|neuD_368_uniprot	100.0	201	0	0	1	201	1	201	3.8e-100	366.3
SRR10507653|k141_73493_30	kpsM|kpsM_242_bv	52.7	281	133	0	1	281	1	281	3.0e-82	307.4
SRR10507653|k141_33213_1	nanH|nanH_34756_bv	100.0	320	0	0	1	320	73	392	3.9e-195	682.6
SRR10507653|k141_146760_1	neuB|neuB_9046_refseq	99.6	272	1	0	1	272	58	329	1.8e-153	543.9
SRR10507653|k141_146760_2	neuC|neuC_5361_refseq	99.3	277	2	0	1	277	1	277	1.5e-155	550.8
SRR10507653|k141_33246_1	satD|WP_283490273.1	40.6	229	129	6	14	236	52	279	8.1e-36	152.9
SRR10507653|k141_73545_4	satB|WP_263079827.1	53.1	307	144	0	1	307	1	307	2.8e-89	330.9
SRR10507653|k141_73545_7	satD|WP_065414814.1	44.6	260	137	2	2	255	17	275	5.8e-58	226.9
SRR10507653|k141_146827_3	nagB|nagB_2457_bv	100.0	245	0	0	1	245	1	245	3.9e-139	496.1
SRR10507653|k141_146878_1	neuA|neuA_1613_bv	100.0	179	0	0	1	179	1	179	1.4e-98	360.9
SRR10507653|k141_33517_1	nanE|nanE_7504_bv	100.0	238	0	0	1	238	1	238	3.2e-130	466.5
SRR10507653|k141_33651_1	satD|MFR3272525.1	40.8	169	89	7	22	180	42	209	8.1e-23	109.4
SRR10507653|k141_33722_1	nanA|nanA_9368_uniprot	47.1	104	55	0	2	105	31	134	1.6e-20	100.9
SRR10507653|k141_33836_1	nanA|nanA_8893_uniprot	40.2	117	68	1	17	133	15	129	2.3e-19	97.4
SRR10507653|k141_147315_1	kpsM|kpsM_604_bv	50.7	280	136	2	3	282	2	279	3.9e-74	280.4
SRR10507653|k141_33871_2	satD|WP_073715496.1	42.3	213	116	2	1	212	52	258	1.6e-40	168.3
SRR10507653|k141_33882_2	satD|PID97652.1	41.5	260	144	3	1	259	4	256	1.1e-46	189.1
SRR10507653|k141_33922_3	SIAE|SIAE_73114_bv	99.9	750	1	0	1	750	1	750	0.0e+00	1564.7
SRR10507653|k141_147438_2	kpsM|kpsM_209_bv	41.9	222	122	3	3	217	12	233	1.2e-46	188.7
SRR10507653|k141_34122_1	satD|WP_204793222.1	41.0	212	116	4	2	204	50	261	4.5e-35	150.6
SRR10507653|k141_34130_2	nanU|nanU_628049_bv	62.2	510	189	2	1	508	1	508	2.9e-189	663.7
SRR10507653|k141_34171_1	satD|WP_157242448.1	41.8	251	141	1	27	272	9	259	1.9e-49	198.4
SRR10507653|k141_34488_2	siaQ|siaQ_256586_bv	100.0	125	0	0	1	125	1	125	7.7e-67	255.0
SRR10507653|k141_34951_1	siaM|siaM_10590_bv	100.0	400	0	0	1	400	29	428	9.7e-212	738.0
SRR10507653|k141_34984_2	siaM|siaM_194986_bv	98.8	425	5	0	1	425	1	425	7.8e-220	765.0
SRR10507653|k141_34984_3	siaQ|siaQ_380198_bv	48.6	144	74	0	1	144	18	161	2.8e-34	147.1
SRR10507653|k141_35268_2	nanU|nanU_46717_bv	60.2	485	188	2	1	480	82	566	2.2e-170	600.9
SRR10507653|k141_35542_2	nanU|nanU_51166_bv	88.3	418	47	1	1	418	107	522	2.7e-217	756.5
SRR10507653|k141_35733_2	nanU|nanU_613934_bv	98.9	462	5	0	17	478	1	462	1.2e-274	947.2
SRR10507653|k141_35867_2	satD|WP_271417843.1	46.1	217	115	2	1	217	55	269	6.0e-51	203.4
SRR10507653|k141_36439_1	kpsM|kpsM_966_bv	54.2	262	120	0	1	262	1	262	3.6e-74	280.4
SRR10507653|k141_36439_2	kpsT|kpsT_10521_bv	48.1	237	122	1	8	243	2	238	8.1e-63	242.7
SRR10507653|k141_36529_5	nanK|nanK_28066_bv	43.6	305	160	3	6	310	5	297	4.4e-58	227.3
SRR10507654|k141_23722_3	neuA|neuA_11023_uniprot	65.1	215	75	0	9	223	3	217	3.9e-83	310.1
SRR10507654|k141_140_13	siaM|siaM_5181_bv	100.0	432	0	0	1	432	1	432	3.6e-228	792.7
SRR10507654|k141_140_20	satD|WP_320926183.1	45.9	259	136	2	9	264	14	271	1.8e-59	231.9
SRR10507654|k141_140_23	nagB|nagB_6048_bv	100.0	242	0	0	1	242	1	242	1.2e-137	491.1
SRR10507654|k141_140_26	siaM|siaM_21316_bv	100.0	424	0	0	1	424	1	424	8.3e-222	771.5
SRR10507654|k141_140_27	siaQ|siaQ_480775_bv	48.8	162	83	0	4	165	1	162	1.8e-31	137.9
SRR10507654|k141_140_41	satD|HJC70536.1	45.3	225	120	2	31	254	13	235	4.5e-45	183.7
SRR10507654|k141_171_18	satD|HIR91678.1	40.2	219	126	3	20	234	30	247	1.0e-37	159.5
SRR10507654|k141_71025_20	nanU|nanU_28779_bv	100.0	460	0	0	1	460	1	460	3.1e-270	932.6
SRR10507654|k141_47648_8	nanU|nanU_446700_bv	48.7	495	245	5	3	496	1	487	6.3e-128	459.9
SRR10507654|k141_23981_5	nanU|nanU_430414_bv	46.8	628	294	9	1	611	5	609	9.4e-158	559.3
SRR10507654|k141_23981_9	nanU|nanU_38453_bv	55.4	578	238	7	17	581	25	595	1.6e-175	618.2
SRR10507654|k141_71090_22	siaP|siaP_503766_bv	79.0	262	51	2	5	262	1	262	3.1e-110	400.6
SRR10507654|k141_71090_24	siaQ|siaQ_989_uniprot	97.7	173	4	0	1	173	1	173	2.4e-90	333.6
SRR10507654|k141_71090_25	siaM|siaM_11374_bv	100.0	446	0	0	1	446	1	446	6.3e-236	818.5
SRR10507654|k141_71126_1	SIAE|SIAE_64512_bv	55.8	651	270	5	1	634	1	650	3.9e-223	776.5
SRR10507654|k141_24066_2	SIAE|SIAE_95637_bv	50.4	657	140	4	8	651	9	492	3.5e-187	657.1
SRR10507654|k141_47732_21	siaM|siaM_20034_bv	100.0	446	0	0	1	446	1	446	2.8e-236	819.7
SRR10507654|k141_47732_22	siaQ|siaQ_989_uniprot	97.1	172	5	0	1	172	1	172	1.7e-88	327.4
SRR10507654|k141_47732_24	siaP|siaP_503766_bv	98.5	262	4	0	1	262	1	262	3.6e-143	510.0
SRR10507654|k141_47757_19	nanU|nanU_24278_bv	44.6	518	252	16	1	504	1	497	5.8e-113	410.2
SRR10507654|k141_47767_5	siaM|siaM_26102_bv	100.0	426	0	0	1	426	1	426	1.7e-219	763.8
SRR10507654|k141_47767_6	siaQ|siaQ_322007_bv	47.3	186	98	0	1	186	1	186	5.7e-40	166.4
SRR10507654|k141_47767_9	nanR|nanR_1299_uniprot	42.9	226	129	0	1	226	1	226	1.9e-39	164.9
SRR10507654|k141_47767_21	nanK|nanK_11611_bv	97.7	87	2	0	1	87	10	96	4.0e-41	169.1
SRR10507654|k141_24149_81	nanQ|nanQ_3372_uniprot	100.0	136	0	0	1	136	1	136	4.2e-74	279.3
SRR10507654|k141_71461_6	siaM|siaM_142492_bv	83.3	436	73	0	1	436	1	436	2.6e-194	680.2
SRR10507654|k141_619_35	nanU|nanU_53127_bv	52.6	532	235	6	8	536	15	532	1.8e-165	584.7
SRR10507654|k141_619_64	SIAE|SIAE_1039_bv	100.0	480	0	0	1	480	1	480	4.3e-291	1001.9
SRR10507654|k141_24302_9	siaQ|siaQ_120781_bv	58.5	193	77	1	1	190	1	193	5.7e-53	209.5
SRR10507654|k141_24302_10	siaM|siaM_522646_bv	100.0	429	0	0	1	429	1	429	9.7e-218	758.1
SRR10507654|k141_48166_34	neuB|neuB_19920_bv	49.7	360	171	1	1	350	1	360	4.6e-101	370.2
SRR10507654|k141_48166_35	neuA|neuA_25108_bv	57.4	244	82	2	3	225	2	244	4.0e-69	263.5
SRR10507654|k141_71622_1	siaQ|siaQ_142491_bv	99.2	124	1	0	5	128	1	124	2.9e-61	236.5
SRR10507654|k141_702_15	kpsM|kpsM_245_uniprot	45.6	259	133	3	5	263	21	271	3.3e-51	204.1
SRR10507654|k141_702_16	kpsT|kpsT_10521_bv	45.1	244	133	1	4	246	2	245	1.5e-58	228.4
SRR10507654|k141_71667_2	nanK|nanK_28066_bv	43.9	305	159	3	26	330	5	297	2.3e-57	224.9
SRR10507654|k141_703_50	nanU|nanU_194521_bv	99.4	517	3	0	1	517	1	517	5.3e-311	1068.1
SRR10507654|k141_704_9	kpsT|kpsT_10521_bv	45.5	244	132	1	4	246	2	245	8.1e-60	232.6
SRR10507654|k141_704_10	kpsM|kpsM_245_uniprot	44.8	259	135	3	5	263	21	271	1.4e-49	198.7
SRR10507654|k141_24455_20	nanU|nanU_273398_bv	99.8	543	1	0	1	543	1	543	0.0e+00	1125.5
SRR10507654|k141_71737_8	siaM|siaM_61006_bv	100.0	638	0	0	1	638	1	638	0.0e+00	1215.3
SRR10507654|k141_24467_12	siaM|siaM_11895_bv	100.0	433	0	0	1	433	1	433	4.5e-223	775.8
SRR10507654|k141_705_8	kpsD|kpsD_13595_bv	55.1	830	340	6	1	830	1	797	2.2e-258	894.0
SRR10507654|k141_705_26	kpsM|kpsM_380_bv	54.6	284	126	1	4	287	2	282	3.6e-83	310.5
SRR10507654|k141_24558_2	nanA|nanA_5035_uniprot	48.8	80	41	0	3	82	1	80	2.8e-17	89.7
SRR10507654|k141_730_1	kpsT|kpsT_10521_bv	48.1	237	122	1	8	243	2	238	6.2e-63	243.0
SRR10507654|k141_730_2	kpsM|kpsM_966_bv	55.0	262	118	0	1	262	1	262	1.1e-75	285.4
SRR10507654|k141_71808_3	kpsM|kpsM_999_bv	41.8	488	276	3	2	488	11	491	1.3e-98	362.5
SRR10507654|k141_71808_4	kpsT|kpsT_10521_bv	49.0	243	123	1	5	246	2	244	8.5e-65	249.2
SRR10507654|k141_24726_1	nagB|nagB_1605_bv	100.0	216	0	0	1	216	55	270	7.0e-124	445.3
SRR10507654|k141_48682_2	nanQ|nanQ_6941_uniprot	99.3	148	1	0	1	148	1	148	8.0e-79	295.0
SRR10507654|k141_48712_1	siaM|siaM_210516_bv	100.0	432	0	0	1	432	1	432	4.2e-221	769.2
SRR10507654|k141_24782_4	nanU|nanU_330865_bv	48.8	572	259	15	7	557	13	571	2.4e-144	514.6
SRR10507654|k141_24782_18	nagB|nagB_1605_bv	100.0	216	0	0	1	216	55	270	7.0e-124	445.3
SRR10507654|k141_48948_1	siaP|siaP_376232_bv	65.9	173	57	1	15	185	22	194	6.0e-62	239.6
SRR10507654|k141_49026_13	nagB|nagB_25993_bv	100.0	270	0	0	1	270	1	270	3.9e-156	552.7
SRR10507654|k141_24861_11	satD|WP_342100215.1	44.5	263	137	3	1	257	14	273	3.2e-53	211.1
SRR10507654|k141_1052_1	satD|WP_402982081.1	44.4	198	110	0	2	199	64	261	3.4e-40	167.5
SRR10507654|k141_24877_14	satD|WP_271417843.1	47.5	236	119	2	29	264	39	269	6.0e-58	226.9
SRR10507654|k141_1082_2	SIAE|SIAE_32994_bv	99.6	467	2	0	11	477	1	467	7.3e-283	974.5
SRR10507654|k141_1096_1	nanK|nanK_28066_bv	43.6	305	157	6	7	311	5	294	1.2e-52	209.1
SRR10507654|k141_49112_8	satD|HJC70536.1	40.2	224	126	6	21	238	12	233	4.7e-36	153.7
SRR10507654|k141_24920_2	satD|WP_334211665.1	48.5	233	119	1	28	260	30	261	1.4e-59	232.3
SRR10507654|k141_72159_2	nanU|nanU_211957_bv	99.5	548	3	0	1	548	1	548	0.0e+00	1105.1
SRR10507654|k141_72203_10	kpsT|kpsT_13997_bv	44.5	236	129	1	9	242	7	242	2.1e-52	208.0
SRR10507654|k141_49208_2	nagB|nagB_219221_bv	98.7	156	2	0	1	156	1	156	1.3e-87	324.3
SRR10507654|k141_72297_3	nanU|nanU_10752_bv	86.1	553	73	1	1	549	1	553	1.1e-290	1000.7
SRR10507654|k141_72324_1	siaM|siaM_207454_bv	100.0	308	0	0	1	308	119	426	1.6e-150	534.3
SRR10507654|k141_72330_2	kpsT|kpsT_42_uniprot	44.2	240	134	0	4	243	5	244	2.0e-58	228.0
SRR10507654|k141_72354_5	satD|WP_108832684.1	49.2	258	126	4	21	277	21	274	3.1e-62	241.1
SRR10507654|k141_72459_6	nagB|nagB_8401_bv	100.0	245	0	0	1	245	1	245	4.6e-140	499.2
SRR10507654|k141_72459_7	nagA|nagA_49943_bv	100.0	370	0	0	1	370	1	370	5.2e-212	738.8
SRR10507654|k141_1254_8	kpsM|kpsM_624_bv	97.3	258	7	0	1	258	1	258	1.0e-137	491.5
SRR10507654|k141_72553_1	kpsM|kpsM_889_bv	57.1	198	85	0	1	198	65	262	1.2e-58	228.4
SRR10507654|k141_1267_3	nanR|nanR_6423_uniprot	48.6	214	110	0	9	222	4	217	1.3e-51	205.3
SRR10507654|k141_72623_4	siaQ|siaQ_10890_bv	100.0	176	0	0	1	176	1	176	1.5e-92	340.9
SRR10507654|k141_72623_5	siaM|siaM_10572_bv	100.0	434	0	0	1	434	1	434	1.8e-232	807.0
SRR10507654|k141_72623_6	siaP|siaP_17236_bv	100.0	331	0	0	1	331	1	331	6.2e-188	658.7
SRR10507654|k141_25307_67	nanU|nanU_572409_bv	43.5	462	248	6	69	526	134	586	2.6e-100	368.2
SRR10507654|k141_25307_70	nanU|nanU_415572_bv	99.0	384	4	0	60	443	11	394	7.0e-223	775.4
SRR10507654|k141_25307_72	nanU|nanU_502776_bv	99.6	480	2	0	13	492	1	480	4.4e-283	975.3
SRR10507654|k141_49456_2	satD|WP_179899760.1	44.4	268	141	3	2	264	4	268	1.6e-57	225.3
SRR10507654|k141_49511_2	siaQ|siaQ_891_uniprot	100.0	177	0	0	1	177	1	177	4.9e-91	335.9
SRR10507654|k141_49518_4	siaP|siaP_413550_bv	100.0	125	0	0	1	125	1	125	9.5e-65	248.1
SRR10507654|k141_49523_1	SIAE|SIAE_101625_bv	100.0	298	0	0	1	298	34	331	3.7e-184	646.0
SRR10507654|k141_25411_3	satD|WP_400294658.1	40.1	212	119	4	17	221	29	239	7.1e-31	136.3
SRR10507654|k141_72699_6	nanU|nanU_170163_bv	48.6	578	280	9	3	579	2	563	6.6e-145	516.5
SRR10507654|k141_72832_7	SIAE|SIAE_27254_refseq	100.0	752	0	0	1	752	1	752	0.0e+00	1536.9
SRR10507654|k141_49727_51	siaT|siaT_43404_uniprot	100.0	428	0	0	1	428	1	428	5.8e-215	748.8
SRR10507654|k141_49727_52	siaQ|siaQ_150435_bv	67.5	169	55	0	1	169	1	169	2.3e-58	227.3
SRR10507654|k141_49727_53	siaP|siaP_336634_bv	100.0	251	0	0	1	251	1	251	8.3e-143	508.8
SRR10507654|k141_49727_99	siaQ|siaQ_126751_bv	100.0	172	0	0	1	172	1	172	1.1e-92	341.3
SRR10507654|k141_49727_100	siaM|siaM_532499_bv	99.5	429	2	0	1	429	1	429	8.4e-222	771.5
SRR10507654|k141_72870_7	nanU|nanU_98380_bv	72.4	576	155	4	11	585	1	573	3.9e-254	879.4
SRR10507654|k141_1457_4	nanQ|nanQ_810_uniprot	100.0	159	0	0	1	159	1	159	2.3e-84	313.5
SRR10507654|k141_72946_2	satB|MGE0311458.1	41.3	300	175	1	4	302	15	314	6.9e-61	236.5
SRR10507654|k141_49809_9	nanU|nanU_487142_bv	99.6	489	2	0	1	489	1	489	1.9e-294	1013.1
SRR10507654|k141_1589_9	nanU|nanU_119814_bv	59.7	457	184	0	16	472	25	481	6.6e-151	536.2
SRR10507654|k141_25749_2	kpsD|kpsD_3569_bv	52.6	568	258	4	14	572	1	566	4.2e-168	593.6
SRR10507654|k141_49817_24	nanU|nanU_230315_bv	100.0	510	0	0	4	513	18	527	8.3e-309	1060.8
SRR10507654|k141_73026_18	nanU|nanU_124334_bv	56.7	550	223	7	23	562	9	553	2.0e-175	617.8
SRR10507654|k141_49893_5	neuB|neuB_50101_bv	42.6	282	156	5	5	286	15	290	9.3e-55	216.1
SRR10507654|k141_1772_4	nanQ|nanQ_1286_uniprot	96.2	158	6	0	1	158	1	158	7.0e-81	302.0
SRR10507654|k141_25795_1	siaM|siaM_167227_bv	100.0	422	0	0	1	422	1	422	2.4e-229	796.6
SRR10507654|k141_25795_2	siaQ|siaQ_263825_bv	100.0	168	0	0	1	168	1	168	2.8e-88	326.6
SRR10507654|k141_25795_4	siaP|siaP_455335_bv	86.6	157	21	0	24	180	1	157	1.6e-73	277.7
SRR10507654|k141_73200_14	siaQ|siaQ_24135_bv	100.0	165	0	0	1	165	8	172	2.6e-86	320.1
SRR10507654|k141_50019_1	nanQ|nanQ_6525_uniprot	100.0	133	0	0	1	133	1	133	4.1e-74	279.3
SRR10507654|k141_50026_3	nanK|nanK_7216_bv	40.8	309	171	4	12	317	4	303	1.0e-57	226.1
SRR10507654|k141_73330_1	nanU|nanU_363656_bv	63.4	508	170	7	3	508	86	579	1.5e-180	634.8
SRR10507654|k141_73338_1	nagB|nagB_84205_bv	98.5	204	3	0	1	204	39	242	3.4e-112	406.4
SRR10507654|k141_50082_1	neuB|neuB_55219_bv	99.6	232	1	0	1	232	29	260	8.3e-131	468.4
SRR10507654|k141_73358_14	nanU|nanU_146071_bv	75.8	558	132	3	1	556	1	557	1.0e-251	871.3
SRR10507654|k141_50105_21	nanU|nanU_585261_bv	47.1	554	280	9	1	545	1	550	1.5e-138	495.4
SRR10507654|k141_73390_6	nanU|nanU_192445_bv	56.9	531	221	5	11	535	8	536	2.8e-190	667.2
SRR10507654|k141_25945_8	nanU|nanU_161837_bv	44.5	463	239	10	1	458	7	456	5.8e-91	337.0
SRR10507654|k141_73397_2	nanU|nanU_232053_bv	74.9	534	130	2	3	535	2	532	5.8e-244	845.5
SRR10507654|k141_73437_1	nanU|nanU_113167_bv	61.3	537	203	4	9	545	1	532	5.9e-196	686.0
SRR10507654|k141_73730_6	siaM|siaM_192161_bv	100.0	429	0	0	1	429	1	429	1.2e-223	777.7
SRR10507654|k141_73730_7	siaQ|siaQ_480775_bv	44.3	158	87	1	4	161	1	157	4.8e-25	116.7
SRR10507654|k141_2263_118	nanE|nanE_1216_bv	100.0	232	0	0	1	232	1	232	6.6e-128	458.8
SRR10507654|k141_2263_124	nanK|nanK_297_bv	51.8	309	138	2	8	316	3	300	3.6e-84	313.9
SRR10507654|k141_2263_125	nagB|nagB_32662_bv	100.0	239	0	0	1	239	1	239	1.8e-133	477.2
SRR10507654|k141_73785_15	nagA|nagA_2825_bv	100.0	369	0	0	1	369	1	369	3.6e-213	742.7
SRR10507654|k141_73785_16	nagB|nagB_5664_bv	100.0	247	0	0	1	247	1	247	2.7e-140	500.0
SRR10507654|k141_73785_19	nanK|nanK_29727_bv	45.8	310	157	2	7	316	3	301	7.3e-77	289.7
SRR10507654|k141_73785_21	nanE|nanE_15681_bv	100.0	226	0	0	1	226	1	226	2.9e-128	459.9
SRR10507654|k141_50555_1	siaP|siaP_291153_bv	98.1	162	3	0	12	173	1	162	7.9e-86	318.5
SRR10507654|k141_2415_1	satD|WP_134780182.1	47.3	239	125	1	6	244	26	263	4.4e-57	223.8
SRR10507654|k141_73882_17	satD|WP_298128765.1	44.9	254	134	3	8	258	8	258	2.5e-50	201.4
SRR10507654|k141_2480_5	nanU|nanU_650163_bv	99.6	497	2	0	1	497	2	498	7.3e-294	1011.1
SRR10507654|k141_73957_8	nanU|nanU_335603_bv	56.7	497	212	3	14	509	1	495	6.8e-162	572.8
SRR10507654|k141_73957_14	nanU|nanU_349474_bv	97.3	528	14	0	8	535	1	528	3.0e-309	1062.4
SRR10507654|k141_74021_4	nanQ|nanQ_7253_uniprot	99.4	156	1	0	1	156	1	156	2.2e-82	307.0
SRR10507654|k141_74080_2	nanU|nanU_566500_bv	88.3	480	56	0	32	511	1	480	3.8e-253	875.9
SRR10507654|k141_50854_93	siaQ|siaQ_215169_bv	93.5	201	13	0	1	201	14	214	2.5e-99	363.6
SRR10507654|k141_50854_94	siaM|siaM_170323_bv	98.8	429	5	0	1	429	1	429	1.1e-221	771.2
SRR10507654|k141_74178_3	satB|MFN4189717.1	43.8	304	169	1	1	304	1	302	4.1e-69	263.8
SRR10507654|k141_74246_1	siaM|siaM_391635_bv	97.4	156	4	0	1	156	15	170	3.9e-76	286.2
SRR10507654|k141_2840_1	kpsT|kpsT_10521_bv	58.6	174	72	0	1	174	56	229	9.8e-53	208.8
SRR10507654|k141_2867_1	SIAE|SIAE_19163_bv	99.6	512	2	0	1	512	1	512	1.9e-308	1059.7
SRR10507654|k141_2878_1	nanA|nanA_2098_bv	100.0	88	0	0	1	88	1	88	6.7e-41	168.3
SRR10507654|k141_50974_2	siaQ|siaQ_36788_bv	85.2	162	24	0	1	162	1	162	3.5e-67	256.5
SRR10507654|k141_51057_12	nanU|nanU_263213_bv	62.0	513	191	3	5	513	1	513	2.6e-185	650.6
SRR10507654|k141_27125_3	siaM|siaM_5015_bv	100.0	422	0	0	1	422	1	422	3.4e-215	749.6
SRR10507654|k141_27125_4	siaQ|siaQ_19762_bv	100.0	152	0	0	1	152	1	152	3.7e-79	296.2
SRR10507654|k141_27125_5	siaP|siaP_133032_bv	41.5	323	188	1	9	330	7	329	7.1e-70	266.5
SRR10507654|k141_51179_3	kpsT|kpsT_5664_bv	43.0	244	134	3	2	241	20	262	1.7e-54	214.9
SRR10507654|k141_27154_1	satB|MCK6580004.1	43.4	226	119	1	11	227	90	315	1.1e-42	175.6
SRR10507654|k141_27226_1	siaM|siaM_4841_bv	100.0	386	0	0	1	386	1	386	9.7e-193	674.9
SRR10507654|k141_27226_3	siaP|siaP_594519_bv	42.3	298	171	1	42	339	29	325	1.7e-68	261.9
SRR10507654|k141_74350_1	siaP|siaP_562478_bv	98.1	161	3	0	1	161	1	161	6.2e-85	315.5
SRR10507654|k141_74448_2	nanE|nanE_24636_bv	76.0	208	50	0	2	209	3	210	1.2e-88	328.2
SRR10507654|k141_27316_3	nanU|nanU_428403_bv	69.7	492	149	0	3	494	4	495	6.2e-208	725.7
SRR10507654|k141_51329_33	nanU|nanU_210717_bv	60.7	499	185	5	14	505	4	498	5.3e-175	616.3
SRR10507654|k141_27364_1	siaP|siaP_366312_bv	96.2	212	2	1	1	206	38	249	3.9e-116	419.5
SRR10507654|k141_51525_1	siaQ|siaQ_572831_bv	95.4	175	7	1	5	179	3	176	2.8e-86	320.1
SRR10507654|k141_51525_2	siaM|siaM_93297_bv	93.9	132	8	0	1	132	1	132	7.4e-60	231.9
SRR10507654|k141_74550_4	SIAE|SIAE_27082_refseq	100.0	278	0	0	1	278	1	278	3.1e-164	579.7
SRR10507654|k141_51578_6	SIAE|SIAE_63972_bv	49.3	657	148	5	6	662	13	484	2.2e-176	621.3
SRR10507654|k141_51578_9	nanU|nanU_91253_bv	59.9	593	224	6	1	585	1	587	4.2e-208	726.5
SRR10507654|k141_51578_13	nanU|nanU_556657_bv	46.2	623	291	14	1	618	1	584	8.9e-148	526.2
SRR10507654|k141_51635_2	nanQ|nanQ_3361_uniprot	100.0	148	0	0	1	148	1	148	3.3e-80	299.7
SRR10507654|k141_27666_1	SIAE|SIAE_24412_refseq	100.0	479	0	0	1	479	1	479	7.6e-288	991.1
SRR10507654|k141_74664_2	nanK|nanK_15207_bv	100.0	291	0	0	1	291	7	297	2.9e-157	556.6
SRR10507654|k141_74664_3	nanQ|nanQ_513_bv	100.0	105	0	0	1	105	1	105	2.6e-55	216.5
SRR10507654|k141_51671_12	nagB|nagB_14672_bv	100.0	242	0	0	1	242	1	242	6.0e-140	498.8
SRR10507654|k141_51671_16	nagA|nagA_128853_bv	100.0	379	0	0	1	379	2	380	3.6e-224	779.2
SRR10507654|k141_3352_1	SIAE|SIAE_5323_refseq	76.5	119	28	0	3	121	2	120	1.5e-54	214.2
SRR10507654|k141_3491_3	nanU|nanU_408962_bv	100.0	436	0	0	1	436	37	472	1.3e-249	864.0
SRR10507654|k141_3503_2	nanU|nanU_383909_bv	58.1	482	196	5	2	481	114	591	7.9e-152	539.3
SRR10507654|k141_51935_2	neuA|neuA_34844_bv	99.6	230	1	0	1	230	1	230	3.1e-130	466.5
SRR10507654|k141_51935_3	neuB|neuB_4700_refseq	69.1	330	101	1	9	338	3	331	2.2e-132	474.2
SRR10507654|k141_51935_8	neuC|neuC_769_refseq	65.9	384	131	0	1	384	1	384	3.4e-153	543.5
SRR10507654|k141_75012_11	nanU|nanU_449473_bv	99.8	501	1	0	1	501	4	504	4.0e-300	1031.9
SRR10507654|k141_75101_1	nanE|nanE_189_bv	100.0	165	0	0	1	165	1	165	1.3e-85	317.8
SRR10507654|k141_52000_1	nanU|nanU_416487_bv	97.8	538	12	0	1	538	1	538	0.0e+00	1090.1
SRR10507654|k141_3900_4	nanQ|nanQ_6094_uniprot	44.7	132	73	0	52	183	8	139	7.3e-29	129.4
SRR10507654|k141_3951_2	siaQ|siaQ_199080_bv	98.4	126	2	0	1	126	1	126	7.6e-63	241.9
SRR10507654|k141_3951_3	siaP|siaP_51658_bv	100.0	287	0	0	1	287	1	287	8.9e-167	588.2
SRR10507654|k141_28402_10	nagA|nagA_2194_bv	100.0	366	0	0	1	366	1	366	5.7e-211	735.3
SRR10507654|k141_28402_11	nagB|nagB_4699_bv	100.0	247	0	0	1	247	1	247	6.7e-139	495.4
SRR10507654|k141_28518_2	satD|WP_136640697.1	44.4	259	138	2	2	255	4	261	6.9e-58	226.5
SRR10507654|k141_4062_6	nanE|nanE_1104_bv	100.0	246	0	0	1	246	1	246	2.6e-143	510.0
SRR10507654|k141_4062_7	nanK|nanK_22396_bv	43.6	314	177	0	6	319	3	316	4.9e-73	276.9
SRR10507654|k141_28525_17	nanU|nanU_371050_bv	49.1	582	282	6	26	607	19	586	7.1e-166	586.3
SRR10507654|k141_52157_10	satB|MCS6825930.1	41.7	314	172	2	4	310	3	312	3.4e-63	244.2
SRR10507654|k141_52157_13	satD|WP_278012708.1	40.3	238	135	3	19	256	31	261	1.9e-43	178.3
SRR10507654|k141_52157_14	satD|WP_307112631.1	44.5	247	134	1	8	251	16	262	1.3e-50	202.2
SRR10507654|k141_28590_12	nagB|nagB_71866_bv	100.0	241	0	0	1	241	13	253	5.2e-136	485.7
SRR10507654|k141_28590_13	nagA|nagA_107113_bv	99.5	380	2	0	1	380	1	380	1.3e-218	760.8
SRR10507654|k141_4192_1	satB|MCL2228095.1	58.1	217	91	0	1	217	92	308	7.3e-68	259.2
SRR10507654|k141_52269_7	nanU|nanU_390449_bv	99.2	494	4	0	50	543	19	512	3.7e-299	1028.9
SRR10507654|k141_75514_13	satD|WP_227924124.1	48.3	261	129	2	5	265	12	266	3.5e-66	254.2
SRR10507654|k141_75514_14	satB|HMA59673.1	42.0	314	179	2	1	313	1	312	4.2e-61	237.3
SRR10507654|k141_75558_3	satD|WP_102240344.1	49.6	258	122	3	3	254	9	264	7.1e-64	246.5
SRR10507654|k141_52385_5	SIAE|SIAE_85672_bv	43.6	652	295	6	1	648	1	583	4.8e-152	540.4
SRR10507654|k141_52398_2	nanU|nanU_435058_bv	40.1	593	292	19	1	573	1	550	3.8e-100	367.9
SRR10507654|k141_52410_2	nanA|nanA_9790_uniprot	46.4	125	67	0	7	131	3	127	1.9e-28	127.9
SRR10507654|k141_75620_1	nanE|nanE_988_bv	100.0	193	0	0	1	193	42	234	1.0e-105	384.8
SRR10507654|k141_75620_2	nanK|nanK_297_bv	45.8	306	161	3	5	309	3	304	3.4e-71	270.8
SRR10507654|k141_52501_69	nanK|nanK_28066_bv	43.6	305	160	3	7	311	5	297	4.8e-57	223.8
SRR10507654|k141_52501_94	nanK|nanK_22396_bv	45.2	310	170	0	3	312	5	314	9.0e-72	272.7
SRR10507654|k141_52515_1	nagB|nagB_15199_bv	100.0	176	0	0	2	177	1	176	1.5e-100	367.5
SRR10507654|k141_75702_9	nagB|nagB_19478_bv	100.0	241	0	0	1	241	28	268	3.6e-137	489.6
SRR10507654|k141_75702_10	nagA|nagA_73226_bv	99.7	384	1	0	1	384	1	384	2.0e-222	773.5
SRR10507654|k141_75749_8	siaP|siaP_501955_bv	79.3	299	61	1	61	358	26	324	1.4e-129	464.9
SRR10507654|k141_75749_9	siaQ|siaQ_193797_bv	100.0	162	0	0	1	162	1	162	6.3e-85	315.5
SRR10507654|k141_75749_10	siaM|siaM_105227_bv	100.0	78	0	0	1	78	1	78	4.0e-29	129.0
SRR10507654|k141_75754_2	siaT|siaT_43932_uniprot	98.9	457	5	0	1	457	1	457	8.7e-241	834.7
SRR10507654|k141_52544_10	nanU|nanU_484026_bv	44.5	512	259	13	12	516	8	501	9.1e-117	422.9
SRR10507654|k141_28907_1	satB|WP_042401732.1	42.4	243	140	0	2	244	63	305	6.1e-47	189.9
SRR10507654|k141_75890_1	nanU|nanU_398453_bv	42.1	501	276	8	9	504	10	501	1.9e-111	405.2
SRR10507654|k141_52674_3	satD|WP_443424392.1	40.0	210	121	3	17	221	38	247	5.1e-29	130.2
SRR10507654|k141_4652_1	nanQ|nanQ_3384_uniprot	100.0	133	0	0	1	133	1	133	2.2e-75	283.5
SRR10507654|k141_75905_2	satD|WP_445507519.1	40.2	214	114	7	34	238	30	238	2.6e-29	131.3
SRR10507654|k141_4748_2	siaP|siaP_366481_bv	70.2	181	52	1	1	179	67	247	1.8e-64	247.7
SRR10507654|k141_4786_2	nanK|nanK_27872_bv	61.1	257	100	0	66	322	3	259	4.5e-90	333.6
SRR10507654|k141_5073_9	nanA|nanA_10135_bv	99.7	309	1	0	1	309	2	310	9.5e-175	614.8
SRR10507654|k141_5073_10	nanQ|nanQ_2764_uniprot	99.3	149	1	0	1	149	1	149	4.0e-86	319.3
SRR10507654|k141_5073_11	nanE|nanE_4595_bv	100.0	234	0	0	1	234	1	234	3.5e-129	463.0
SRR10507654|k141_5073_12	nanK|nanK_297_bv	51.5	297	139	3	7	302	5	297	2.8e-78	294.3
SRR10507654|k141_75908_61	SIAE|SIAE_20276_refseq	99.8	537	1	0	1	537	1	537	0.0e+00	1095.5
SRR10507654|k141_75908_83	nanK|nanK_28066_bv	42.2	306	164	3	7	312	5	297	6.9e-56	219.9
SRR10507654|k141_75908_203	kpsM|kpsM_209_bv	53.4	277	128	1	4	280	2	277	4.4e-78	293.5
SRR10507654|k141_75908_309	satB|OPL08187.1	41.0	312	173	4	1	302	1	311	8.2e-54	213.0
SRR10507654|k141_75908_312	satD|WP_271417843.1	47.3	245	124	2	18	262	30	269	4.9e-60	233.8
SRR10507654|k141_29206_102	kpsD|kpsD_1302_bv	50.6	859	362	7	1	859	1	797	2.5e-241	837.4
SRR10507654|k141_29206_118	kpsM|kpsM_242_bv	50.5	289	135	2	2	290	1	281	1.3e-80	302.0
SRR10507654|k141_5082_1	nanU|nanU_444296_bv	46.2	422	204	10	1	408	117	529	1.9e-85	318.5
SRR10507654|k141_5082_4	nanU|nanU_399850_bv	44.8	536	267	12	1	521	7	528	5.1e-112	407.1
SRR10507654|k141_75925_11	nagA|nagA_8500_bv	100.0	378	0	0	1	378	1	378	2.2e-221	770.0
SRR10507654|k141_29224_13	siaM|siaM_40589_bv	100.0	426	0	0	1	426	1	426	1.1e-226	787.7
SRR10507654|k141_52903_1	nanK|nanK_40_bv	47.9	263	134	3	2	261	53	315	6.0e-61	236.5
SRR10507654|k141_5100_10	nagA|nagA_38981_bv	100.0	391	0	0	1	391	1	391	5.0e-229	795.4
SRR10507654|k141_5100_11	nagA|nagA_53747_bv	100.0	388	0	0	1	388	1	388	3.7e-224	779.2
SRR10507654|k141_52957_5	nanU|nanU_645800_bv	99.6	531	2	0	1	531	4	534	0.0e+00	1076.6
SRR10507654|k141_5153_15	nanU|nanU_501683_bv	83.8	506	81	1	1	505	3	508	3.1e-255	882.9
SRR10507654|k141_5153_25	nanU|nanU_1200_bv	43.1	620	291	16	12	598	10	600	6.0e-133	476.9
SRR10507654|k141_5153_27	nanU|nanU_656288_bv	56.1	556	231	6	6	552	7	558	2.3e-179	630.9
SRR10507654|k141_75976_1	nanU|nanU_113029_bv	64.6	522	183	2	1	521	1	521	1.8e-205	717.6
SRR10507654|k141_53028_2	nanK|nanK_28066_bv	41.5	306	167	3	12	317	4	297	1.0e-59	232.6
SRR10507654|k141_29400_9	nagB|nagB_74529_bv	99.6	263	1	0	1	263	1	263	1.3e-151	537.7
SRR10507654|k141_29400_17	nanU|nanU_536296_bv	98.5	529	8	0	1	529	1	529	0.0e+00	1095.5
SRR10507654|k141_53138_12	nanK|nanK_28066_bv	47.7	308	147	4	6	313	4	297	3.0e-67	257.7
SRR10507654|k141_5419_1	nanU|nanU_447203_bv	42.6	676	336	20	19	683	3	637	1.2e-132	476.1
SRR10507654|k141_5427_11	siaM|siaM_3021_bv	100.0	425	0	0	1	425	1	425	3.9e-227	789.3
SRR10507654|k141_76296_4	nagA|nagA_37930_bv	99.7	375	1	0	1	375	1	375	5.3e-220	765.4
SRR10507654|k141_29716_10	siaP|siaP_364155_bv	49.3	302	151	1	50	351	24	323	5.6e-78	293.5
SRR10507654|k141_29716_12	siaM|siaM_19737_bv	100.0	429	0	0	1	429	1	429	1.6e-225	783.9
SRR10507654|k141_76462_2	siaQ|siaQ_149436_bv	63.6	165	60	0	1	165	1	165	1.1e-55	218.4
SRR10507654|k141_53493_2	siaQ|siaQ_70617_bv	100.0	160	0	0	1	160	1	160	1.2e-83	311.2
SRR10507654|k141_29840_1	nanQ|nanQ_2720_uniprot	85.7	154	22	0	1	154	1	154	6.8e-73	275.4
SRR10507654|k141_53602_1	satD|WP_066299715.1	43.8	203	111	2	1	203	62	261	1.1e-41	172.2
SRR10507654|k141_53646_1	nagB|nagB_164082_bv	90.3	175	17	0	1	175	39	213	7.7e-89	328.6
SRR10507654|k141_5763_3	satD|WP_378813248.1	40.6	212	110	5	20	220	28	234	3.3e-28	127.5
SRR10507654|k141_5771_1	neuD|neuD_542_uniprot	99.4	158	1	0	1	158	52	209	1.7e-82	307.4
SRR10507654|k141_76489_80	kpsM|kpsM_209_bv	50.4	268	129	2	7	270	10	277	2.8e-69	264.2
SRR10507654|k141_76489_125	nagA|nagA_29101_bv	45.8	391	209	3	1	389	1	390	2.0e-92	341.7
SRR10507654|k141_76489_179	siaQ|siaQ_480775_bv	52.9	138	65	0	4	141	1	138	6.5e-29	129.4
SRR10507654|k141_76489_180	siaM|siaM_264206_bv	100.0	424	0	0	1	424	1	424	1.4e-221	770.8
SRR10507654|k141_5790_13	nanU|nanU_562525_bv	75.4	573	141	0	1	573	1	573	2.4e-272	939.9
SRR10507654|k141_5790_22	nanU|nanU_14675_bv	52.6	639	271	15	9	646	4	611	4.9e-181	636.7
SRR10507654|k141_5790_32	nanU|nanU_348954_bv	100.0	487	0	0	1	487	1	487	6.1e-293	1008.1
SRR10507654|k141_76543_1	kpsT|kpsT_10521_bv	48.1	237	122	1	3	238	2	238	3.3e-61	237.3
SRR10507654|k141_76543_2	kpsM|kpsM_539_bv	52.2	471	223	1	5	475	3	471	3.1e-132	474.2
SRR10507654|k141_53840_9	nanU|nanU_601173_bv	99.1	562	5	0	1	562	12	573	0.0e+00	1149.4
SRR10507654|k141_53853_25	nanU|nanU_257986_bv	100.0	503	0	0	1	503	2	504	5.7e-294	1011.5
SRR10507654|k141_5860_9	nanU|nanU_69323_bv	41.2	578	297	17	16	577	6	556	9.9e-109	396.4
SRR10507654|k141_53917_4	nanU|nanU_623982_bv	70.1	556	165	1	9	564	2	556	6.3e-241	835.5
SRR10507654|k141_30290_8	nanU|nanU_318479_bv	71.4	511	138	3	16	518	7	517	2.6e-226	786.9
SRR10507654|k141_54044_1	satD|WP_043564595.1	44.9	216	117	2	1	216	56	269	1.4e-47	192.2
SRR10507654|k141_54050_4	neuB|neuB_4379_bv	100.0	352	0	0	1	352	1	352	1.8e-206	720.3
SRR10507654|k141_76855_1	nanH|nanH_20964_bv	88.5	399	46	0	46	444	1	399	8.2e-204	711.8
SRR10507654|k141_5991_1	kpsD|kpsD_10761_bv	99.8	412	1	0	41	452	2	413	1.4e-227	790.8
SRR10507654|k141_76898_31	nanU|nanU_339340_bv	40.6	584	315	15	1	573	5	567	3.4e-101	371.3
SRR10507654|k141_76898_39	nanU|nanU_304918_bv	41.8	579	306	15	4	572	9	566	7.3e-104	380.2
SRR10507654|k141_30383_66	nanQ|nanQ_481_bv	100.0	154	0	0	1	154	1	154	2.9e-87	323.2
SRR10507654|k141_6106_2	nanH|nanH_20964_bv	99.5	402	2	0	143	544	1	402	3.8e-227	789.6
SRR10507654|k141_76987_26	nanA|nanA_10135_bv	97.1	309	9	0	1	309	2	310	1.7e-171	604.0
SRR10507654|k141_76987_27	nanQ|nanQ_2340_uniprot	85.1	148	22	0	1	148	1	148	3.5e-74	279.6
SRR10507654|k141_76987_28	nanE|nanE_2808_bv	100.0	234	0	0	1	234	1	234	9.2e-130	464.9
SRR10507654|k141_76987_29	nanK|nanK_297_bv	47.3	298	150	4	7	302	5	297	2.0e-68	261.5
SRR10507654|k141_6220_9	nanU|nanU_632136_bv	51.4	535	246	6	9	541	12	534	1.7e-158	561.6
SRR10507654|k141_77272_2	satB|WP_292596291.1	40.7	307	182	0	6	312	6	312	1.9e-61	238.4
SRR10507654|k141_77272_4	satD|WP_022922052.1	41.8	263	137	4	1	255	20	274	9.8e-48	192.6
SRR10507654|k141_30735_3	satD|WP_251840777.1	43.3	263	142	4	3	260	2	262	5.2e-56	220.3
SRR10507654|k141_30754_9	nanK|nanK_40_bv	57.4	317	130	2	3	314	2	318	2.7e-100	367.5
SRR10507654|k141_54370_13	satD|WP_132501181.1	41.0	229	120	5	26	244	39	262	6.5e-33	143.3
SRR10507654|k141_77405_1	SIAE|SIAE_17828_bv	94.6	148	8	0	1	148	63	210	1.6e-79	297.4
SRR10507654|k141_77406_2	siaQ|siaQ_128182_bv	100.0	165	0	0	1	165	1	165	3.5e-83	309.7
SRR10507654|k141_77406_3	siaP|siaP_325931_bv	58.4	89	37	0	1	89	33	121	1.1e-22	107.8
SRR10507654|k141_30956_29	nagA|nagA_12199_bv	100.0	391	0	0	1	391	1	391	1.8e-226	786.9
SRR10507654|k141_54550_2	siaQ|siaQ_209780_bv	75.9	158	38	0	1	158	1	158	2.8e-61	236.9
SRR10507654|k141_54550_3	siaP|siaP_387218_bv	76.6	278	65	0	54	331	2	279	5.5e-120	433.0
SRR10507654|k141_54554_41	nanQ|nanQ_32_uniprot	100.0	146	0	0	1	146	1	146	3.9e-78	292.7
SRR10507654|k141_77647_53	satD|WP_345043431.1	40.9	225	128	4	17	236	36	260	9.7e-37	156.0
SRR10507654|k141_30990_85	nanQ|nanQ_902_bv	100.0	149	0	0	1	149	1	149	6.0e-82	305.4
SRR10507654|k141_54577_6	nanU|nanU_238703_bv	98.6	437	6	0	27	463	1	437	8.2e-247	854.7
SRR10507654|k141_54587_11	nanU|nanU_504616_bv	96.3	458	17	0	30	487	1	458	3.0e-268	926.0
SRR10507654|k141_6772_36	nanU|nanU_186766_bv	99.2	516	4	0	1	516	4	519	6.6e-306	1051.2
SRR10507654|k141_77740_14	nanK|nanK_7216_bv	43.1	327	161	6	4	328	1	304	3.4e-61	237.7
SRR10507654|k141_31147_4	siaM|siaM_45946_bv	100.0	426	0	0	1	426	1	426	1.3e-225	784.3
SRR10507654|k141_31147_5	siaQ|siaQ_275838_bv	64.6	175	62	0	1	175	1	175	3.5e-60	233.4
SRR10507654|k141_54728_2	nanU|nanU_383909_bv	58.5	600	238	8	1	598	1	591	1.6e-194	681.4
SRR10507654|k141_6920_16	siaP|siaP_99094_bv	90.3	247	24	0	95	341	1	247	4.5e-125	449.9
SRR10507654|k141_6920_17	siaQ|siaQ_95144_bv	100.0	167	0	0	1	167	1	167	6.1e-83	308.9
SRR10507654|k141_6920_18	siaM|siaM_385679_bv	99.3	422	3	0	1	422	1	422	1.1e-213	744.6
SRR10507654|k141_54747_34	satB|WP_292596291.1	44.2	317	171	1	1	317	1	311	3.2e-64	247.7
SRR10507654|k141_6931_5	kpsM|kpsM_966_bv	54.2	262	120	0	1	262	1	262	3.6e-74	280.4
SRR10507654|k141_6931_6	kpsT|kpsT_10521_bv	48.1	237	122	1	8	243	2	238	5.9e-63	243.0
SRR10507654|k141_54799_1	satB|WP_263079827.1	48.9	221	113	0	1	221	75	295	3.7e-48	193.7
SRR10507654|k141_54806_18	nanU|nanU_553723_bv	99.4	519	3	0	1	519	1	519	3.5e-307	1055.4
SRR10507654|k141_54821_3	satD|MDO5427281.1	40.9	198	112	4	30	222	40	237	1.8e-29	131.7
SRR10507654|k141_78196_2	nanK|nanK_382_bv	71.9	306	85	1	1	306	1	305	6.5e-123	442.6
SRR10507654|k141_54863_1	siaQ|siaQ_366544_bv	51.4	142	69	0	1	142	1	142	8.0e-28	125.6
SRR10507654|k141_78202_7	nanU|nanU_353922_bv	70.3	539	153	4	1	537	1	534	3.4e-228	793.1
SRR10507654|k141_78202_11	nanQ|nanQ_7778_uniprot	100.0	148	0	0	1	148	1	148	9.2e-83	308.1
SRR10507654|k141_31415_1	satD|WP_216335384.1	49.2	238	121	0	11	248	29	266	3.8e-59	230.7
SRR10507654|k141_7095_40	satD|WP_069102428.1	47.7	243	118	3	27	267	34	269	4.1e-59	230.7
SRR10507654|k141_54918_2	satD|WP_400294658.1	40.1	212	119	5	17	221	29	239	7.1e-31	136.3
SRR10507654|k141_31574_4	nanH|nanH_11755_bv	44.9	501	232	13	39	527	92	560	8.5e-108	393.3
SRR10507654|k141_31574_6	nanQ|nanQ_452_bv	100.0	190	0	0	1	190	1	190	3.6e-108	392.9
SRR10507654|k141_31574_8	nanH|nanH_11755_bv	42.9	496	239	13	33	519	97	557	3.7e-103	377.9
SRR10507654|k141_31574_18	nanU|nanU_34999_bv	95.1	492	24	0	1	492	1	492	6.0e-280	964.9
SRR10507654|k141_31574_31	nanU|nanU_258456_bv	94.6	535	29	0	1	535	4	538	6.7e-301	1034.6
SRR10507654|k141_31587_1	satD|WP_025102788.1	40.0	220	126	4	4	219	45	262	4.7e-33	144.1
SRR10507654|k141_7214_68	nanK|nanK_28066_bv	45.8	312	154	4	3	314	1	297	1.3e-65	252.3
SRR10507654|k141_78397_1	satD|WP_249736668.1	40.0	195	103	6	2	184	12	204	3.9e-25	117.1
SRR10507654|k141_31705_1	satD|WP_271417843.1	44.4	257	132	6	9	258	17	269	2.3e-51	204.9
SRR10507654|k141_55133_18	nanU|nanU_371050_bv	53.6	591	268	5	1	590	1	586	2.9e-180	634.0
SRR10507654|k141_78616_3	satB|MEA4849048.1	42.5	308	176	1	1	308	1	307	7.6e-66	253.1
SRR10507654|k141_78616_6	satD|WP_255793737.1	43.6	257	138	2	3	253	13	268	7.5e-58	226.5
SRR10507654|k141_78625_1	siaM|siaM_785_bv	100.0	371	0	0	1	371	1	371	3.1e-204	713.0
SRR10507654|k141_7537_15	siaM|siaM_50931_bv	100.0	400	0	0	35	434	35	434	2.0e-207	723.8
SRR10507654|k141_7537_16	siaQ|siaQ_209780_bv	82.3	158	28	0	1	158	1	158	9.9e-67	255.0
SRR10507654|k141_7537_17	siaP|siaP_387218_bv	75.6	279	68	0	54	332	2	280	9.5e-120	432.2
SRR10507654|k141_7537_18	nanQ|nanQ_2720_uniprot	100.0	154	0	0	1	154	1	154	3.0e-84	313.2
SRR10507654|k141_7670_10	nanU|nanU_410087_bv	98.5	466	7	0	39	504	1	466	1.2e-272	940.6
SRR10507654|k141_7670_15	nagA|nagA_6983_bv	100.0	388	0	0	1	388	1	388	1.4e-223	777.3
SRR10507654|k141_7670_16	nagA|nagA_6706_bv	100.0	401	0	0	1	401	1	401	3.5e-230	799.3
SRR10507654|k141_7670_19	nanU|nanU_480950_bv	100.0	530	0	0	6	535	8	537	0.0e+00	1077.0
SRR10507654|k141_55552_1	nanK|nanK_31635_bv	40.1	252	136	6	5	255	2	239	2.1e-42	174.9
SRR10507654|k141_32010_152	siaQ|siaQ_13049_bv	43.6	133	75	0	3	135	23	155	3.4e-26	120.2
SRR10507654|k141_32010_153	siaT|siaT_64863_uniprot	67.9	427	137	0	5	431	1	427	5.8e-162	572.8
SRR10507654|k141_55577_1	kpsD|kpsD_8453_bv	85.0	173	25	1	1	172	1	173	8.1e-75	282.0
SRR10507654|k141_7681_77	nanU|nanU_317574_bv	100.0	511	0	0	1	511	6	516	1.1e-308	1060.4
SRR10507654|k141_7681_85	nanU|nanU_497957_bv	75.9	486	116	1	11	496	2	486	1.1e-220	768.1
SRR10507654|k141_55625_5	siaP|siaP_685834_bv	99.3	304	2	0	48	351	23	326	1.3e-172	607.8
SRR10507654|k141_55625_6	siaQ|siaQ_395888_bv	99.4	169	1	0	1	169	1	169	2.0e-86	320.5
SRR10507654|k141_55625_7	siaM|siaM_61014_bv	100.0	430	0	0	1	430	1	430	8.2e-201	701.8
SRR10507654|k141_7744_28	nanH|nanH_54983_bv	67.0	370	117	3	19	386	14	380	2.0e-150	534.3
SRR10507654|k141_7744_29	nanU|nanU_5215_bv	100.0	484	0	0	1	484	1	484	1.6e-285	983.4
SRR10507654|k141_7744_32	nanH|nanH_22409_bv	96.9	454	14	0	93	546	1	454	6.0e-265	915.2
SRR10507654|k141_7744_34	nanM|nanM_1494_uniprot	99.4	338	2	0	1	338	18	355	1.1e-203	711.1
SRR10507654|k141_32016_140	nanH|nanH_14709_bv	100.0	447	0	0	1	447	1	447	1.6e-268	926.8
SRR10507654|k141_78924_2	siaQ|siaQ_412358_bv	74.5	184	47	0	1	184	1	184	8.5e-70	265.4
SRR10507654|k141_78924_3	siaM|siaM_7455_bv	98.3	417	7	0	1	417	1	417	7.4e-223	775.0
SRR10507654|k141_32029_7	nanU|nanU_597991_bv	65.0	595	205	3	13	605	1	594	1.5e-245	850.9
SRR10507654|k141_7883_2	siaM|siaM_10571_bv	100.0	428	0	0	1	428	1	428	4.3e-218	759.2
SRR10507654|k141_7909_7	satD|WP_080461529.1	51.3	236	111	2	23	258	46	277	2.6e-60	234.6
SRR10507654|k141_7919_7	nanU|nanU_24278_bv	85.1	497	74	0	1	497	1	497	1.4e-260	900.6
SRR10507654|k141_55688_168	nanK|nanK_28910_bv	62.1	211	80	0	83	293	1	211	2.1e-75	284.6
SRR10507654|k141_55688_310	nanK|nanK_40_bv	61.0	313	121	1	1	312	1	313	1.6e-105	384.8
SRR10507654|k141_79180_10	kpsM|kpsM_657_bv	67.1	258	85	0	1	258	1	258	9.3e-91	335.5
SRR10507654|k141_79180_11	kpsT|kpsT_10521_bv	46.1	243	130	1	5	246	2	244	4.0e-59	230.3
SRR10507654|k141_8066_1	nanK|nanK_28066_bv	46.1	308	152	4	23	330	4	297	2.7e-66	254.6
SRR10507654|k141_8156_1	siaQ|siaQ_418924_bv	94.5	165	9	0	1	165	28	192	5.4e-84	312.4
SRR10507654|k141_56078_1	kpsT|kpsT_10521_bv	51.9	189	90	1	1	188	50	238	1.8e-54	214.5
SRR10507654|k141_8250_1	siaT|siaT_30737_uniprot	99.5	216	1	0	1	216	24	239	2.9e-114	413.3
SRR10507654|k141_79470_15	siaQ|siaQ_24276_bv	98.8	162	2	0	29	190	1	162	5.3e-83	309.3
SRR10507654|k141_8336_1	nanH|nanH_53024_bv	98.8	249	3	0	1	249	98	346	3.5e-146	519.6
SRR10507654|k141_8353_1	satD|WP_400294658.1	40.1	212	119	4	9	213	29	239	5.2e-31	136.7
SRR10507654|k141_56254_2	siaQ|siaQ_349124_bv	95.3	190	9	0	1	190	1	190	1.3e-92	341.3
SRR10507654|k141_8456_2	satD|XZE89459.1	40.5	220	124	6	21	234	37	255	2.3e-38	161.4
SRR10507654|k141_56320_1	nagA|nagA_22844_bv	100.0	280	0	0	1	280	97	376	5.4e-161	568.9
SRR10507654|k141_8518_1	nanU|nanU_243678_bv	99.7	377	1	0	1	377	109	485	1.1e-220	767.7
SRR10507654|k141_56454_4	kpsM|kpsM_209_bv	51.7	265	116	4	2	259	18	277	4.5e-69	263.5
SRR10507654|k141_8669_4	nanU|nanU_26090_bv	98.8	489	6	0	15	503	1	489	1.3e-282	973.8
SRR10507654|k141_56500_4	satD|MDO5604064.1	44.2	265	147	1	1	265	1	264	8.3e-55	216.5
SRR10507654|k141_56500_7	satB|WP_196103737.1	40.8	314	178	2	9	322	7	312	3.5e-58	227.6
SRR10507654|k141_79784_6	satD|WP_378900728.1	40.2	209	112	6	17	216	30	234	5.3e-26	120.2
SRR10507654|k141_32551_10	kpsT|kpsT_10521_bv	47.2	229	121	0	5	233	1	229	5.4e-55	216.9
SRR10507654|k141_32551_298	nagB|nagB_46522_bv	100.0	241	0	0	1	241	1	241	5.2e-136	485.7
SRR10507654|k141_32551_308	nagA|nagA_37226_bv	99.5	385	2	0	1	385	1	385	1.6e-224	780.4
SRR10507654|k141_32551_309	nagB|nagB_73304_bv	99.6	241	1	0	1	241	1	241	3.2e-133	476.5
SRR10507654|k141_8769_3	satD|WP_303378146.1	42.5	266	151	2	1	266	1	264	1.9e-59	231.9
SRR10507654|k141_8799_4	siaM|siaM_68110_bv	99.3	423	3	0	1	423	1	423	2.0e-223	776.9
SRR10507654|k141_8799_5	siaQ|siaQ_562869_bv	51.6	159	77	0	1	159	1	159	3.8e-42	173.3
SRR10507654|k141_8804_3	siaQ|siaQ_497130_bv	84.9	166	25	0	1	166	1	166	1.4e-66	254.6
SRR10507654|k141_32782_1	satD|WP_271417843.1	44.1	245	123	3	27	271	39	269	9.2e-57	222.6
SRR10507654|k141_32788_1	satD|WP_290737057.1	42.3	208	119	1	1	207	53	260	7.7e-43	176.0
SRR10507654|k141_32814_2	kpsM|kpsM_209_bv	51.9	270	126	1	5	270	8	277	2.7e-72	274.2
SRR10507654|k141_32847_1	kpsD|kpsD_1302_bv	55.4	606	268	2	1	605	25	629	2.9e-196	687.2
SRR10507654|k141_80158_4	siaM|siaM_55137_bv	100.0	433	0	0	1	433	1	433	1.0e-235	817.8
SRR10507654|k141_32921_30	nagB|nagB_158583_bv	99.6	242	1	0	1	242	1	242	6.0e-140	498.8
SRR10507654|k141_32921_38	satD|WP_166414582.1	43.8	258	138	3	8	260	7	262	4.0e-56	220.7
SRR10507654|k141_8937_1	SIAE|SIAE_45592_bv	100.0	214	0	0	1	214	37	250	6.2e-125	448.7
SRR10507654|k141_80219_1	nanA|nanA_20526_bv	82.3	209	37	0	1	209	1	209	6.4e-98	359.0
SRR10507654|k141_9008_6	siaT|siaT_53800_uniprot	100.0	431	0	0	1	431	1	431	2.4e-232	806.6
SRR10507654|k141_9008_9	nanH|nanH_30571_bv	47.9	349	169	3	13	358	9	347	7.9e-96	352.8
SRR10507654|k141_80255_2	siaM|siaM_182136_bv	100.0	360	0	0	1	360	71	430	4.5e-184	646.0
SRR10507654|k141_9031_2	siaQ|siaQ_567565_bv	99.4	156	1	0	1	156	1	156	1.0e-76	288.1
SRR10507654|k141_9031_3	siaM|siaM_10959_bv	100.0	432	0	0	1	432	1	432	1.5e-218	760.8
SRR10507654|k141_33007_2	nagA|nagA_153262_bv	100.0	379	0	0	28	406	1	379	3.1e-226	786.2
SRR10507654|k141_56848_8	siaQ|siaQ_112474_bv	100.0	205	0	0	1	205	1	205	6.0e-109	395.6
SRR10507654|k141_56848_9	siaM|siaM_391923_bv	99.8	429	1	0	1	429	1	429	7.1e-221	768.5
SRR10507654|k141_56899_11	nanR|nanR_1299_uniprot	42.1	216	124	1	10	225	10	224	1.1e-42	175.6
SRR10507654|k141_56899_26	siaQ|siaQ_7646_bv	100.0	167	0	0	1	167	1	167	6.7e-82	305.4
SRR10507654|k141_56899_27	siaM|siaM_37309_bv	100.0	433	0	0	1	433	1	433	9.1e-224	778.1
SRR10507654|k141_9139_2	kpsD|kpsD_1302_bv	52.9	802	370	6	3	802	2	797	1.1e-241	838.6
SRR10507654|k141_80386_1	satD|WP_132501181.1	40.8	211	118	6	4	208	36	245	2.8e-28	127.9
SRR10507654|k141_80529_3	nanU|nanU_639198_bv	46.2	513	264	5	6	514	8	512	1.5e-135	485.3
SRR10507654|k141_9310_28	satD|MFQ7554379.1	50.6	233	113	2	30	262	37	267	6.2e-57	223.4
SRR10507654|k141_80703_4	siaM|siaM_118622_bv	100.0	442	0	0	1	442	1	442	1.1e-232	807.7
SRR10507654|k141_80711_2	nanQ|nanQ_3133_uniprot	99.3	148	1	0	1	148	1	148	1.2e-82	307.8
SRR10507654|k141_57162_9	nanU|nanU_80752_bv	55.8	473	206	1	15	487	16	485	1.6e-155	551.6
SRR10507654|k141_57162_18	nanU|nanU_302044_bv	46.7	568	276	15	2	554	10	565	4.6e-127	457.2
SRR10507654|k141_9401_1	neuA|neuA_42770_bv	58.8	260	98	3	1	253	1	258	2.9e-81	303.9
SRR10507654|k141_57188_4	nagB|nagB_42722_bv	99.2	236	2	0	1	236	1	236	5.3e-133	475.7
SRR10507654|k141_57188_5	nanK|nanK_550_uniprot	92.3	300	23	0	1	300	14	313	2.8e-163	576.6
SRR10507654|k141_57230_8	kpsT|kpsT_14692_bv	43.9	246	136	1	3	246	1	246	3.8e-57	223.8
SRR10507654|k141_33498_4	SIAE|SIAE_718_bv	100.0	477	0	0	1	477	1	477	4.6e-285	981.9
SRR10507654|k141_57251_14	nagA|nagA_15009_bv	100.0	381	0	0	1	381	1	381	6.8e-223	775.0
SRR10507654|k141_80790_2	siaM|siaM_111883_bv	100.0	358	0	0	1	358	68	425	4.0e-193	676.0
SRR10507654|k141_80860_14	nanA|nanA_29593_bv	98.4	309	5	0	1	309	4	312	3.1e-173	609.8
SRR10507654|k141_80860_15	nanQ|nanQ_2339_uniprot	98.7	152	2	0	1	152	1	152	4.1e-86	319.3
SRR10507654|k141_80860_16	nanE|nanE_11580_bv	96.6	87	3	0	3	89	1	87	2.6e-40	166.4
SRR10507654|k141_57399_5	siaM|siaM_462215_bv	100.0	275	0	0	1	275	54	328	4.5e-144	512.7
SRR10507654|k141_80923_22	nanK|nanK_28066_bv	43.3	305	161	3	7	311	5	297	1.1e-58	229.2
SRR10507654|k141_57416_10	nanU|nanU_104634_bv	55.2	549	228	9	1	539	1	541	2.7e-169	597.4
SRR10507654|k141_57416_23	nanU|nanU_517737_bv	45.4	454	232	9	8	456	1	443	3.6e-93	344.4
SRR10507654|k141_80978_1	nagB|nagB_150849_bv	93.3	150	10	0	1	150	45	194	3.3e-80	299.7
SRR10507654|k141_9651_2	siaM|siaM_12907_bv	100.0	430	0	0	1	430	1	430	1.5e-231	803.9
SRR10507654|k141_57493_1	nanR|nanR_943_bv	100.0	148	0	0	1	148	30	177	4.1e-75	282.7
SRR10507654|k141_9661_10	kpsM|kpsM_956_bv	54.3	245	112	0	1	245	19	263	5.4e-72	273.1
SRR10507654|k141_9704_81	satB|MEM7021896.1	40.6	320	181	5	1	318	1	313	1.9e-56	221.9
SRR10507654|k141_9718_2	nanQ|nanQ_2529_uniprot	97.3	148	4	0	1	148	1	148	6.8e-78	292.0
SRR10507654|k141_57705_6	nanQ|nanQ_7303_uniprot	98.8	162	2	0	1	162	1	162	1.5e-94	347.4
SRR10507654|k141_33979_2	siaQ|siaQ_206389_bv	100.0	161	0	0	1	161	1	161	3.3e-78	293.1
SRR10507654|k141_9746_57	nanK|nanK_11611_bv	97.7	87	2	0	1	87	10	96	1.1e-40	167.5
SRR10507654|k141_57819_1	nanU|nanU_403585_bv	43.7	483	243	8	2	482	106	561	8.9e-103	376.3
SRR10507654|k141_57897_2	satB|OPL08187.1	40.9	313	174	4	5	307	1	312	2.6e-55	218.0
SRR10507654|k141_9920_1	siaM|siaM_491697_bv	89.9	139	14	0	1	139	1	139	7.5e-55	215.3
SRR10507654|k141_34380_3	nagB|nagB_4649_bv	99.5	211	1	0	1	211	33	243	9.2e-121	434.9
SRR10507654|k141_58204_2	nanU|nanU_69323_bv	43.7	581	290	16	10	578	1	556	1.8e-118	428.7
SRR10507654|k141_34394_2	neuB|neuB_7812_uniprot	100.0	344	0	0	1	344	1	344	9.8e-205	714.5
SRR10507654|k141_58248_5	satD|WP_087454765.1	46.7	195	89	1	4	183	27	221	3.2e-40	167.2
SRR10507654|k141_58324_1	siaM|siaM_316142_bv	77.9	163	36	0	1	163	45	207	7.0e-60	232.3
SRR10507654|k141_81606_7	satD|WP_103464044.1	41.7	199	98	7	9	195	73	265	3.0e-28	127.5
SRR10507654|k141_58500_4	siaM|siaM_142405_bv	100.0	311	0	0	1	311	68	378	9.0e-149	528.5
SRR10507654|k141_34628_29	nanU|nanU_16711_bv	100.0	557	0	0	1	557	1	557	0.0e+00	1143.3
SRR10507654|k141_34628_34	nanK|nanK_26250_bv	40.1	302	170	5	7	308	6	296	2.5e-58	228.0
SRR10507654|k141_10396_3	siaM|siaM_167_bv	100.0	640	0	0	1	640	1	640	0.0e+00	1181.4
SRR10507654|k141_34700_4	nanU|nanU_525511_bv	52.8	561	233	10	6	555	19	558	9.4e-165	582.4
SRR10507654|k141_10518_2	nanU|nanU_9384_bv	100.0	363	0	0	10	372	1	363	3.0e-215	749.6
SRR10507654|k141_10547_5	satD|PID97652.1	42.3	260	142	3	1	259	4	256	9.8e-48	192.6
SRR10507654|k141_34830_1	siaM|siaM_445184_bv	99.4	170	1	0	1	170	1	170	1.4e-79	297.7
SRR10507654|k141_34868_1	siaM|siaM_559793_bv	96.3	162	6	0	1	162	20	181	4.2e-73	276.2
SRR10507654|k141_10596_7	siaP|siaP_99094_bv	88.6	245	28	0	94	338	1	245	1.4e-118	428.3
SRR10507654|k141_10596_8	siaQ|siaQ_12755_bv	100.0	167	0	0	1	167	1	167	4.5e-86	319.3
SRR10507654|k141_10596_9	siaM|siaM_37312_bv	100.0	435	0	0	1	435	1	435	3.6e-228	792.7
SRR10507654|k141_58657_1	nanK|nanK_28066_bv	42.6	305	163	3	7	311	5	297	7.9e-60	233.0
SRR10507654|k141_58680_4	siaM|siaM_81526_bv	100.0	310	0	0	1	310	122	431	2.5e-159	563.5
SRR10507654|k141_10747_2	nanU|nanU_525574_bv	82.2	562	99	1	19	580	5	565	5.9e-287	988.4
SRR10507654|k141_58750_1	nanA|nanA_761_refseq	49.1	116	59	0	1	116	1	116	1.4e-25	117.9
SRR10507654|k141_10855_1	SIAE|SIAE_14202_refseq	97.2	141	4	0	1	141	25	165	1.1e-77	291.2
SRR10507654|k141_10904_1	nanQ|nanQ_4124_uniprot	87.3	142	18	0	1	142	1	142	1.0e-70	268.1
SRR10507654|k141_35138_13	nanK|nanK_22396_bv	44.6	312	173	0	2	313	3	314	2.0e-74	281.6
SRR10507654|k141_82020_1	siaP|siaP_387506_bv	81.6	114	19	2	1	113	5	117	8.3e-45	181.8
SRR10507654|k141_10966_6	nanU|nanU_499726_bv	50.3	616	278	11	19	629	8	600	7.6e-171	602.8
SRR10507654|k141_35155_3	kpsD|kpsD_12100_bv	52.3	830	364	5	4	807	9	832	4.3e-251	869.8
SRR10507654|k141_58924_18	satD|WP_303358652.1	40.6	229	122	7	18	237	31	254	4.1e-32	140.6
SRR10507654|k141_11022_5	nanK|nanK_28066_bv	46.3	307	152	4	6	312	4	297	9.0e-64	246.1
SRR10507654|k141_11039_24	kpsT|kpsT_10521_bv	47.3	241	126	1	6	245	1	241	1.2e-58	228.8
SRR10507654|k141_11039_25	kpsM|kpsM_966_bv	59.0	251	103	0	25	275	12	262	5.5e-81	303.1
SRR10507654|k141_11039_42	kpsT|kpsT_10521_bv	46.7	229	121	1	5	233	2	229	4.6e-59	230.3
SRR10507654|k141_11039_43	kpsM|kpsM_159_bv	63.8	257	93	0	5	261	2	258	4.1e-94	346.7
SRR10507654|k141_11039_74	kpsM|kpsM_209_bv	99.6	277	1	0	1	277	1	277	1.5e-155	550.8
SRR10507654|k141_59144_2	nanU|nanU_231159_bv	61.9	499	180	5	14	506	4	498	1.7e-176	621.3
SRR10507654|k141_59204_3	satB|WP_263079827.1	51.9	308	147	1	1	308	1	307	3.9e-83	310.5
SRR10507654|k141_11058_11	nagB|nagB_5152_bv	100.0	243	0	0	1	243	1	243	2.8e-137	490.0
SRR10507654|k141_11058_12	nanE|nanE_979_bv	100.0	229	0	0	1	229	1	229	3.9e-125	449.5
SRR10507654|k141_11058_13	nanA|nanA_3689_bv	100.0	305	0	0	1	305	1	305	1.2e-174	614.4
SRR10507654|k141_11058_15	nanQ|nanQ_666_uniprot	100.0	149	0	0	1	149	1	149	1.1e-83	311.2
SRR10507654|k141_11058_16	nanK|nanK_13168_bv	99.2	236	2	0	68	303	1	236	4.4e-132	473.0
SRR10507654|k141_11058_18	nagA|nagA_17373_bv	100.0	383	0	0	1	383	1	383	1.0e-218	761.1
SRR10507654|k141_11058_75	nanK|nanK_28066_bv	44.8	308	154	5	7	313	5	297	5.5e-61	236.9
SRR10507654|k141_59386_1	siaP|siaP_92839_bv	99.4	164	1	0	2	165	1	164	1.5e-89	330.9
SRR10507654|k141_35561_4	satD|WP_081170876.1	43.7	261	143	3	6	265	20	277	1.4e-54	215.7
SRR10507654|k141_59406_1	nanQ|nanQ_712_bv	100.0	151	0	0	1	151	4	154	2.4e-86	320.1
SRR10507654|k141_82383_1	satD|WP_108430850.1	40.0	210	120	4	5	209	39	247	6.7e-29	129.8
SRR10507654|k141_11209_2	nanU|nanU_635054_bv	49.2	502	245	6	7	505	8	502	2.3e-138	494.6
SRR10507654|k141_82401_8	satD|WP_255793737.1	45.8	236	128	0	15	250	32	267	1.8e-59	231.9
SRR10507654|k141_59546_9	nanU|nanU_280331_bv	63.3	548	185	7	9	554	1	534	6.9e-192	672.5
SRR10507654|k141_59546_17	nanK|nanK_26250_bv	40.4	302	169	5	7	308	6	296	3.4e-58	227.6
SRR10507654|k141_59610_1	kpsM|kpsM_163_bv	63.5	211	77	0	1	211	48	258	9.7e-70	265.4
SRR10507654|k141_59615_1	nanT|nanT_589_bv	100.0	165	0	0	4	168	1	165	2.8e-88	326.6
SRR10507654|k141_59616_3	nanU|nanU_566500_bv	93.5	480	31	0	32	511	1	480	4.2e-268	925.6
SRR10507654|k141_11354_2	nanU|nanU_256107_bv	40.9	563	295	16	17	565	10	548	2.1e-103	378.6
SRR10507654|k141_11385_1	nanU|nanU_303156_bv	98.9	359	4	0	1	359	64	422	9.6e-203	708.0
SRR10507654|k141_35836_17	nanU|nanU_474887_bv	99.4	465	3	0	103	567	3	467	1.8e-280	966.8
SRR10507654|k141_82654_48	satD|WP_066299715.1	41.5	289	143	4	1	287	1	265	1.2e-53	212.6
SRR10507654|k141_59719_2	nanH|nanH_20530_bv	78.5	545	116	1	1	545	1	544	6.9e-261	901.7
SRR10507654|k141_59719_4	nanM|nanM_1494_uniprot	80.8	338	65	0	1	338	18	355	9.4e-168	591.7
SRR10507654|k141_82717_1	nanE|nanE_20115_bv	92.2	129	10	0	1	129	1	129	5.8e-65	248.8
SRR10507654|k141_82764_1	nanE|nanE_2785_bv	99.5	193	1	0	1	193	42	234	5.9e-106	385.6
SRR10507654|k141_36063_3	SIAE|SIAE_5373_bv	100.0	414	0	0	1	414	1	414	1.4e-245	850.5
SRR10507654|k141_82846_4	nanU|nanU_513643_bv	99.1	534	5	0	1	534	3	536	0.0e+00	1093.2
SRR10507654|k141_82853_11	siaQ|siaQ_5195_bv	41.4	152	89	0	12	163	11	162	2.6e-25	117.5
SRR10507654|k141_82853_12	siaM|siaM_50699_bv	100.0	426	0	0	1	426	1	426	8.7e-227	788.1
SRR10507654|k141_82853_13	siaP|siaP_708055_bv	41.0	290	161	3	67	347	43	331	5.6e-54	213.8
SRR10507654|k141_82856_1	SIAE|SIAE_31019_refseq	100.0	265	0	0	1	265	1	265	2.3e-153	543.5
SRR10507654|k141_82859_1	SIAE|SIAE_32812_refseq	99.6	265	1	0	1	265	1	265	2.0e-152	540.4
SRR10507654|k141_36148_4	kpsM|kpsM_209_bv	46.9	273	136	3	5	271	8	277	3.4e-67	257.3
SRR10507654|k141_82994_4	nanU|nanU_24704_bv	100.0	524	0	0	1	524	1	524	0.0e+00	1082.4
SRR10507654|k141_11609_7	siaQ|siaQ_39381_bv	99.5	206	1	0	1	206	1	206	2.6e-112	406.8
SRR10507654|k141_11609_8	siaM|siaM_217178_bv	100.0	429	0	0	1	429	1	429	5.7e-218	758.8
SRR10507654|k141_11687_6	SIAE|SIAE_10034_refseq	100.0	499	0	0	1	499	1	499	1.5e-307	1056.6
SRR10507654|k141_60317_1	satD|WP_420176145.1	43.4	235	128	4	28	258	32	265	1.5e-38	162.2
SRR10507654|k141_60387_7	satD|WP_058234849.1	42.3	215	112	7	21	227	39	249	1.8e-30	135.2
SRR10507654|k141_11807_1	siaP|siaP_235634_bv	49.4	160	81	0	8	167	27	186	2.0e-38	161.0
SRR10507654|k141_83189_3	kpsT|kpsT_13997_bv	40.5	237	138	2	69	305	7	240	2.5e-45	184.9
SRR10507654|k141_83213_14	nanU|nanU_399286_bv	42.3	634	300	20	10	619	9	600	2.4e-129	464.9
SRR10507654|k141_60527_2	satD|WP_191808624.1	45.3	256	140	0	9	264	11	266	2.9e-60	234.6
SRR10507654|k141_12006_1	siaQ|siaQ_226247_bv	40.5	121	72	0	1	121	41	161	1.2e-22	108.2
SRR10507654|k141_60628_3	nanU|nanU_453965_bv	40.6	594	315	14	1	587	2	564	5.0e-116	420.6
SRR10507654|k141_12097_6	nanU|nanU_316883_bv	65.7	510	167	6	1	504	1	508	7.2e-196	685.6
SRR10507654|k141_36823_6	SIAE|SIAE_167_refseq	75.6	849	203	4	13	857	279	1127	0.0e+00	1305.0
SRR10507654|k141_36823_8	nanU|nanU_19189_bv	86.9	496	64	1	1	496	1	495	2.4e-252	873.2
SRR10507654|k141_36823_11	nagA|nagA_5347_bv	100.0	395	0	0	1	395	1	395	1.3e-224	780.8
SRR10507654|k141_36823_12	nagB|nagB_12430_bv	100.0	263	0	0	1	263	1	263	4.8e-151	535.8
SRR10507654|k141_36834_4	nanU|nanU_352498_bv	99.4	544	3	0	1	544	3	546	0.0e+00	1133.2
SRR10507654|k141_36834_9	nagA|nagA_91234_bv	99.7	395	1	0	1	395	1	395	1.0e-226	787.7
SRR10507654|k141_36834_10	nagB|nagB_8814_bv	100.0	263	0	0	1	263	1	263	4.3e-152	539.3
SRR10507654|k141_83497_2	nanU|nanU_332844_bv	71.9	516	133	2	1	515	10	514	1.4e-231	804.3
SRR10507654|k141_60890_2	siaQ|siaQ_43488_bv	100.0	169	0	0	1	169	1	169	1.4e-87	324.3
SRR10507654|k141_60890_3	siaM|siaM_5947_bv	100.0	422	0	0	1	422	1	422	5.4e-229	795.4
SRR10507654|k141_83533_1	nanU|nanU_586966_bv	99.2	395	3	0	2	396	16	410	5.7e-233	808.5
SRR10507654|k141_36841_52	nanU|nanU_619410_bv	98.1	376	7	0	1	376	117	492	7.9e-216	751.5
SRR10507654|k141_60917_1	siaM|siaM_14388_bv	100.0	348	0	0	1	348	1	348	1.1e-184	647.9
SRR10507654|k141_60917_2	siaQ|siaQ_277736_bv	100.0	147	0	0	1	147	27	173	1.5e-80	300.8
SRR10507654|k141_60917_3	siaP|siaP_63816_bv	40.7	297	173	2	51	346	24	318	2.4e-60	235.0
SRR10507654|k141_36854_1	nagA|nagA_1676_bv	100.0	390	0	0	1	390	1	390	1.6e-227	790.4
SRR10507654|k141_36854_2	nagA|nagA_86957_bv	100.0	367	0	0	1	367	25	391	2.6e-211	736.5
SRR10507654|k141_12266_28	satD|XZE89459.1	40.0	220	125	6	21	234	37	255	3.3e-37	157.5
SRR10507654|k141_12306_1	siaP|siaP_261851_bv	66.7	288	96	0	67	354	34	321	6.5e-111	402.9
SRR10507654|k141_61068_1	siaM|siaM_1879_bv	100.0	302	0	0	1	302	1	302	5.3e-154	545.8
SRR10507654|k141_61098_1	siaQ|siaQ_406565_bv	82.5	114	20	0	1	114	1	114	6.0e-50	198.7
SRR10507654|k141_61098_2	siaM|siaM_51120_bv	99.8	428	1	0	1	428	1	428	8.4e-222	771.5
SRR10507654|k141_61148_1	nanK|nanK_40_bv	47.8	289	146	2	1	284	25	313	1.0e-66	255.8
SRR10507654|k141_36996_6	kpsM|kpsM_889_bv	70.3	256	76	0	7	262	7	262	5.9e-101	369.4
SRR10507654|k141_36996_7	kpsT|kpsT_10521_bv	47.5	236	123	1	6	240	3	238	2.6e-58	227.6
SRR10507654|k141_12533_1	nanU|nanU_7021_bv	100.0	436	0	0	1	436	60	495	7.4e-258	891.3
SRR10507654|k141_12538_18	nagA|nagA_3475_bv	100.0	387	0	0	1	387	1	387	1.3e-224	780.8
SRR10507654|k141_83875_2	satD|WP_442543740.1	43.9	239	128	1	2	234	7	245	4.1e-53	210.3
SRR10507654|k141_61371_11	nanU|nanU_223553_bv	43.7	538	282	5	5	538	8	528	3.4e-119	431.0
SRR10507654|k141_37069_58	siaP|siaP_438286_bv	54.2	301	128	3	32	330	36	328	1.3e-87	325.5
SRR10507654|k141_37069_60	siaM|siaM_3270_bv	100.0	431	0	0	1	431	1	431	7.9e-228	791.6
SRR10507654|k141_37069_61	siaQ|siaQ_967_uniprot	75.6	172	42	0	1	172	1	172	1.5e-68	261.2
SRR10507654|k141_37069_83	satD|WP_237188952.1	40.2	239	127	8	22	254	64	292	1.1e-30	136.0
SRR10507654|k141_37069_103	satD|WP_066299715.1	47.9	257	131	2	6	261	11	265	2.5e-64	248.1
SRR10507654|k141_37069_107	satB|OPL08662.1	40.3	315	177	2	1	315	1	304	2.2e-62	241.5
SRR10507654|k141_37098_1	nanU|nanU_173356_bv	41.4	526	268	13	7	527	12	502	1.1e-95	352.8
SRR10507654|k141_12645_1	SIAE|SIAE_56802_bv	99.6	473	2	0	1	473	1	473	8.8e-289	994.2
SRR10507654|k141_61431_2	nanK|nanK_10747_bv	59.9	319	127	1	1	318	1	319	9.8e-106	385.6
SRR10507654|k141_12668_2	SIAE|SIAE_1790_bv	100.0	465	0	0	1	465	1	465	5.1e-281	968.4
SRR10507654|k141_37132_1	nagB|nagB_3981_bv	100.0	171	0	0	1	171	42	212	7.5e-97	355.1
SRR10507654|k141_61863_2	nanU|nanU_177848_bv	66.4	560	182	4	1	560	1	554	5.6e-226	785.8
SRR10507654|k141_37396_1	nanU|nanU_173864_bv	63.0	500	175	5	1	496	29	522	6.8e-183	642.5
SRR10507654|k141_83926_557	nanQ|nanQ_7214_uniprot	100.0	155	0	0	1	155	43	197	4.4e-88	325.9
SRR10507654|k141_37407_1	siaM|siaM_27246_bv	100.0	428	0	0	1	428	1	428	9.7e-194	678.3
SRR10507654|k141_37407_2	siaQ|siaQ_366544_bv	100.0	168	0	0	1	168	1	168	2.8e-88	326.6
SRR10507654|k141_84009_2	nagA|nagA_4977_bv	99.7	366	1	0	21	386	1	366	1.5e-214	747.3
SRR10507654|k141_37472_35	siaT|siaT_53783_uniprot	100.0	429	0	0	1	429	1	429	1.3e-222	774.2
SRR10507654|k141_37472_36	siaQ|siaQ_298229_bv	48.4	153	79	0	5	157	7	159	2.0e-30	134.4
SRR10507654|k141_62154_22	nanK|nanK_40_bv	56.1	312	136	1	3	313	2	313	2.4e-96	354.4
SRR10507654|k141_37484_5	nanU|nanU_295053_bv	96.3	543	20	0	1	543	1	543	0.0e+00	1107.8
SRR10507654|k141_37484_10	SIAE|SIAE_100280_bv	100.0	473	0	0	1	473	1	473	5.0e-292	1005.0
SRR10507654|k141_37484_14	nanU|nanU_633962_bv	77.5	524	116	2	7	529	1	523	5.9e-241	835.5
SRR10507654|k141_37496_2	nanU|nanU_633962_bv	78.4	524	111	2	7	529	1	523	2.2e-243	843.6
SRR10507654|k141_37579_1	satD|WP_249736668.1	40.9	220	122	6	5	218	34	251	2.1e-27	124.8
SRR10507654|k141_62266_13	nanU|nanU_154276_bv	57.4	577	226	8	1	568	1	566	2.0e-186	654.4
SRR10507654|k141_62266_18	SIAE|SIAE_47819_bv	99.4	477	3	0	1	477	1	477	4.6e-285	981.9
SRR10507654|k141_62301_4	nanU|nanU_467650_bv	99.0	510	5	0	1	510	3	512	2.3e-303	1042.7
SRR10507654|k141_37737_10	nanU|nanU_164866_bv	60.2	483	189	2	18	500	9	488	2.9e-173	610.5
SRR10507654|k141_13588_2	nanK|nanK_40_bv	49.4	259	128	3	4	259	53	311	1.2e-64	248.8
SRR10507654|k141_13600_1	neuA|neuA_9669_bv	64.2	137	49	0	12	148	1	137	2.8e-47	190.3
SRR10507654|k141_37772_7	nanU|nanU_226964_bv	55.1	555	231	8	1	547	1	545	2.1e-164	581.3
SRR10507654|k141_84427_1	siaP|siaP_334519_bv	82.0	100	18	0	1	100	10	109	6.9e-42	171.8
SRR10507654|k141_84428_1	satB|WP_045669688.1	40.7	275	161	1	2	276	40	312	7.5e-54	213.0
SRR10507654|k141_37842_1	nanQ|nanQ_810_uniprot	100.0	150	0	0	1	150	1	150	2.8e-79	296.6
SRR10507654|k141_62505_3	satB|WP_263079827.1	40.7	322	170	4	1	319	1	304	5.2e-59	230.3
SRR10507654|k141_13725_4	nanU|nanU_399565_bv	58.4	558	230	2	13	569	11	567	3.2e-192	673.7
SRR10507654|k141_84603_1	kpsM|kpsM_624_bv	98.8	258	3	0	1	258	1	258	2.4e-139	496.9
SRR10507654|k141_37981_1	siaQ|siaQ_16030_bv	100.0	142	0	0	1	142	22	163	4.8e-73	275.8
SRR10507654|k141_84731_1	nagA|nagA_12130_bv	94.3	418	24	0	1	418	1	418	8.5e-219	761.5
SRR10507654|k141_13960_2	kpsD|kpsD_1302_bv	52.9	801	371	4	3	802	2	797	9.5e-243	842.0
SRR10507654|k141_62753_4	nanU|nanU_402906_bv	91.0	522	47	0	1	522	37	558	4.5e-294	1011.9
SRR10507654|k141_38036_76	nanU|nanU_78731_bv	74.4	577	145	1	8	581	5	581	1.0e-262	907.9
SRR10507654|k141_38036_84	nanU|nanU_94083_bv	49.8	665	261	14	1	657	1	600	6.5e-173	609.8
SRR10507654|k141_38036_86	nanU|nanU_247084_bv	46.9	557	276	11	4	549	7	554	3.9e-131	470.7
SRR10507654|k141_38036_94	nanU|nanU_105517_bv	74.6	532	133	1	1	530	1	532	2.1e-246	853.6
SRR10507654|k141_38036_107	SIAE|SIAE_17567_bv	100.0	492	0	0	1	492	1	492	1.3e-298	1026.9
SRR10507654|k141_62882_2	siaP|siaP_602282_bv	66.4	289	96	1	43	331	25	312	5.7e-109	396.4
SRR10507654|k141_62925_6	nanU|nanU_441088_bv	40.9	624	335	14	3	612	2	605	1.5e-123	445.7
SRR10507654|k141_62955_39	satD|WP_314805661.1	43.6	236	121	2	22	251	44	273	1.5e-48	195.3
SRR10507654|k141_62955_40	satD|WP_270975481.1	42.6	237	129	4	23	259	35	264	3.9e-44	180.6
SRR10507654|k141_85064_3	SIAE|SIAE_7913_refseq	100.0	507	0	0	1	507	1	507	8.9e-313	1073.5
SRR10507654|k141_38320_2	nanQ|nanQ_2958_uniprot	99.3	148	1	0	1	148	1	148	9.5e-80	298.1
SRR10507654|k141_85219_15	satD|XZE89459.1	40.4	213	120	6	19	225	34	245	4.4e-29	130.6
SRR10507654|k141_38439_1	nagA|nagA_127998_bv	98.7	232	3	0	1	232	9	240	8.3e-131	468.4
SRR10507654|k141_38453_2	nanU|nanU_288776_bv	40.2	577	309	12	4	573	5	552	3.5e-114	414.5
SRR10507654|k141_85266_1	nanA|nanA_9368_uniprot	45.7	138	75	0	5	142	1	138	5.9e-29	129.4
SRR10507654|k141_14393_1	satD|WP_022922052.1	40.0	210	121	3	17	221	40	249	4.6e-30	133.7
SRR10507654|k141_85329_2	siaM|siaM_66201_bv	100.0	429	0	0	1	429	1	429	7.4e-226	785.0
SRR10507654|k141_38657_15	nanU|nanU_51166_bv	86.6	522	68	1	1	522	4	523	3.8e-269	929.1
SRR10507654|k141_14496_12	nanK|nanK_28066_bv	42.6	305	163	3	7	311	5	297	1.4e-56	222.2
SRR10507654|k141_63455_5	satD|WP_144831408.1	42.7	232	122	4	9	229	4	235	8.7e-44	179.5
SRR10507654|k141_14690_1	siaP|siaP_175833_bv	93.0	243	16	1	72	313	28	270	1.6e-124	448.0
SRR10507654|k141_38962_1	nanU|nanU_264455_bv	74.7	360	87	1	1	360	150	505	9.8e-155	548.5
SRR10507654|k141_85892_10	nanU|nanU_437265_bv	99.6	498	2	0	16	513	1	498	1.1e-292	1007.3
SRR10507654|k141_85931_8	nanU|nanU_257230_bv	94.4	517	29	0	1	517	1	517	4.0e-295	1015.4
SRR10507654|k141_39158_13	nanU|nanU_90866_bv	55.4	635	258	11	1	628	1	617	7.1e-193	676.0
SRR10507654|k141_63626_68	nanU|nanU_68107_bv	99.8	534	1	0	5	538	18	551	0.0e+00	1099.0
SRR10507654|k141_86069_6	nanU|nanU_204066_bv	75.2	524	128	2	1	523	1	523	2.0e-249	863.6
SRR10507654|k141_14882_13	siaM|siaM_100869_bv	100.0	428	0	0	1	428	4	431	3.1e-224	779.6
SRR10507654|k141_14882_14	siaQ|siaQ_199973_bv	73.9	161	42	0	1	161	1	161	3.8e-66	253.1
SRR10507654|k141_86164_21	SIAE|SIAE_85672_bv	57.3	647	207	2	1	642	1	583	2.7e-216	753.8
SRR10507654|k141_64088_2	siaQ|siaQ_85127_bv	49.7	173	87	0	1	173	1	173	1.8e-38	161.4
SRR10507654|k141_64106_1	kpsM|kpsM_163_bv	62.4	213	80	0	1	213	46	258	1.4e-71	271.6
SRR10507654|k141_86217_9	nanU|nanU_27882_bv	40.1	609	331	14	1	601	1	583	1.3e-106	389.4
SRR10507654|k141_86217_11	SIAE|SIAE_46649_bv	99.8	477	1	0	1	477	1	477	1.2e-285	983.8
SRR10507654|k141_15209_34	nanK|nanK_7216_bv	40.5	309	172	4	12	317	4	303	2.2e-57	224.9
SRR10507654|k141_15216_8	SIAE|SIAE_1464_bv	100.0	474	0	0	1	474	1	474	3.3e-283	975.7
SRR10507654|k141_64222_1	nanU|nanU_263095_bv	92.0	325	26	0	13	337	4	328	3.9e-182	639.4
SRR10507654|k141_15233_9	nagB|nagB_83651_bv	100.0	242	0	0	1	242	1	242	3.5e-140	499.6
SRR10507654|k141_15248_2	nanQ|nanQ_2944_uniprot	99.3	152	1	0	1	152	1	152	3.1e-86	319.7
SRR10507654|k141_15298_2	nanU|nanU_7891_bv	100.0	541	0	0	1	541	1	541	0.0e+00	1132.5
SRR10507654|k141_64404_2	siaQ|siaQ_596529_bv	42.6	148	82	1	1	145	1	148	8.8e-26	119.0
SRR10507654|k141_86400_5	siaM|siaM_56580_bv	100.0	428	0	0	1	428	1	428	1.4e-232	807.4
SRR10507654|k141_86400_6	siaQ|siaQ_812_uniprot	40.5	173	102	1	1	172	1	173	2.8e-30	134.0
SRR10507654|k141_15380_11	SIAE|SIAE_1473_bv	100.0	475	0	0	1	475	1	475	4.6e-285	981.9
SRR10507654|k141_64510_1	siaP|siaP_466556_bv	92.1	139	11	0	1	139	19	157	6.1e-73	275.4
SRR10507654|k141_86531_2	satB|WP_292596291.1	46.8	312	165	1	1	312	1	311	6.5e-70	266.5
SRR10507654|k141_40036_4	siaQ|siaQ_1155_uniprot	96.5	173	6	0	1	173	1	173	1.4e-87	324.3
SRR10507654|k141_40036_5	siaM|siaM_79295_bv	99.8	434	1	0	1	434	1	434	8.8e-227	788.1
SRR10507654|k141_64566_6	nanU|nanU_412311_bv	99.3	543	4	0	4	546	3	545	0.0e+00	1119.4
SRR10507654|k141_64583_1	siaM|siaM_119164_bv	98.1	262	5	0	1	262	61	322	5.1e-129	462.6
SRR10507654|k141_15669_1	nanK|nanK_28066_bv	41.2	262	142	3	2	263	48	297	7.0e-49	196.4
SRR10507654|k141_15669_3	satD|WP_303773079.1	48.1	262	135	1	1	262	1	261	3.3e-61	237.7
SRR10507654|k141_15669_6	satB|WP_042401732.1	47.2	303	160	0	1	303	1	303	1.0e-75	285.8
SRR10507654|k141_15675_3	nanK|nanK_3632_bv	45.8	286	154	1	22	306	16	301	1.8e-67	258.5
SRR10507654|k141_40118_1	nanU|nanU_319905_bv	48.8	488	242	7	2	483	37	522	9.2e-124	446.0
SRR10507654|k141_15716_1	SIAE|SIAE_6121_refseq	49.3	211	104	2	1	209	47	256	4.6e-54	213.4
SRR10507654|k141_15825_2	nanQ|nanQ_2434_uniprot	99.3	152	1	0	1	152	14	165	9.7e-88	324.7
SRR10507654|k141_86804_55	nagA|nagA_41793_bv	100.0	373	0	0	1	373	1	373	1.9e-214	746.9
SRR10507654|k141_86818_1	siaP|siaP_31276_bv	73.1	160	41	2	11	170	26	183	1.1e-61	238.4
SRR10507654|k141_40338_2	nanU|nanU_389358_bv	40.4	473	249	7	1	471	1	442	4.6e-88	327.4
SRR10507654|k141_65043_2	nanH|nanH_4619_bv	99.8	433	1	0	119	551	1	433	1.7e-262	907.1
SRR10507654|k141_40484_1	siaP|siaP_682123_bv	47.4	97	51	0	1	97	36	132	1.2e-17	91.3
SRR10507654|k141_65133_2	satD|WP_129626403.1	41.3	230	129	5	12	236	37	265	2.0e-39	164.9
SRR10507654|k141_40485_2	nanU|nanU_80752_bv	54.0	480	219	2	3	480	6	485	1.9e-153	544.7
SRR10507654|k141_87106_2	neuB|neuB_19920_bv	46.5	357	181	1	2	348	4	360	3.6e-93	344.0
SRR10507654|k141_65186_1	satD|CEA06890.1	50.9	214	103	2	8	220	53	265	3.0e-50	201.1
SRR10507654|k141_87153_1	SIAE|SIAE_82052_bv	99.0	208	2	0	1	208	1	208	1.6e-117	424.1
SRR10507654|k141_16321_1	nanK|nanK_28066_bv	46.3	268	131	3	7	274	5	259	4.5e-51	203.8
SRR10507654|k141_16322_14	nanU|nanU_203565_bv	99.6	450	2	0	14	463	1	450	8.1e-263	907.9
SRR10507654|k141_40674_3	satD|MBS5449759.1	40.3	211	116	6	19	221	30	238	7.5e-28	126.3
SRR10507654|k141_16380_1	siaP|siaP_364512_bv	72.8	261	71	0	1	261	1	261	2.2e-103	377.5
SRR10507654|k141_16386_2	kpsT|kpsT_13997_bv	46.2	236	123	2	6	238	7	241	1.0e-55	219.2
SRR10507654|k141_65402_2	siaM|siaM_68114_bv	100.0	450	0	0	1	450	1	450	7.5e-237	821.6
SRR10507654|k141_40761_1	satD|WP_271417843.1	47.0	236	120	2	27	262	39	269	2.0e-56	221.5
SRR10507654|k141_65476_2	siaP|siaP_486629_bv	99.6	227	1	0	1	227	1	227	5.8e-124	446.0
SRR10507654|k141_40803_1	siaM|siaM_457519_bv	80.2	404	80	0	1	404	103	506	7.6e-175	615.9
SRR10507654|k141_87349_1	nagB|nagB_2508_bv	100.0	228	0	0	1	228	23	250	2.5e-132	473.4
SRR10507654|k141_87349_2	nagA|nagA_19608_bv	99.7	377	1	0	1	377	1	377	2.6e-219	763.1
SRR10507654|k141_65540_3	nagA|nagA_28613_bv	100.0	380	0	0	1	380	1	380	8.8e-223	774.6
SRR10507654|k141_16476_25	satB|WP_209510972.1	41.4	297	167	1	1	297	15	304	1.5e-60	235.3
SRR10507654|k141_87371_4	satD|WP_255793737.1	45.7	256	138	1	4	258	12	267	1.1e-59	232.6
SRR10507654|k141_16509_18	nanU|nanU_628889_bv	99.8	527	1	0	13	539	1	527	9.5e-313	1073.9
SRR10507654|k141_87448_2	nanU|nanU_348730_bv	61.8	571	205	5	11	572	1	567	7.3e-205	715.7
SRR10507654|k141_16561_14	nanK|nanK_7216_bv	41.7	309	168	4	12	317	4	303	5.3e-59	230.3
SRR10507654|k141_87461_18	nanU|nanU_253799_bv	99.7	577	2	0	12	588	1	577	0.0e+00	1211.1
SRR10507654|k141_41125_16	nanU|nanU_139829_bv	97.7	522	12	0	7	528	8	529	1.2e-302	1040.4
SRR10507654|k141_66041_9	kpsM|kpsM_209_bv	60.3	277	109	1	1	276	1	277	1.6e-96	354.8
SRR10507654|k141_16715_8	kpsM|kpsM_245_uniprot	45.8	262	134	3	2	263	18	271	3.0e-52	207.6
SRR10507654|k141_16715_9	kpsT|kpsT_10521_bv	45.9	244	131	1	4	246	2	245	4.3e-61	236.9
SRR10507654|k141_16833_1	siaQ|siaQ_114644_bv	100.0	149	0	0	1	149	14	162	2.0e-77	290.4
SRR10507654|k141_41437_3	nanU|nanU_542251_bv	73.3	450	120	0	1	450	41	490	7.8e-194	678.7
SRR10507654|k141_41579_2	nagB|nagB_3706_bv	100.0	270	0	0	1	270	1	270	3.0e-156	553.1
SRR10507654|k141_41579_4	nanH|nanH_20964_bv	80.5	399	78	0	145	543	1	399	8.6e-187	655.6
SRR10507654|k141_17038_2	satD|MBM7000710.1	46.0	215	112	2	8	219	70	283	3.1e-49	197.6
SRR10507654|k141_88057_2	neuA|neuA_25108_bv	50.4	246	99	3	5	228	2	246	2.2e-62	241.1
SRR10507654|k141_41609_3	nanU|nanU_231269_bv	100.0	526	0	0	1	526	6	531	0.0e+00	1098.2
SRR10507654|k141_41617_3	nanU|nanU_91253_bv	56.9	578	242	5	16	590	14	587	4.6e-186	653.3
SRR10507654|k141_41617_7	nanU|nanU_556657_bv	46.9	618	289	11	1	613	1	584	2.7e-152	541.2
SRR10507654|k141_41654_1	nanK|nanK_392_bv	43.9	239	134	0	1	239	26	264	8.2e-57	222.6
SRR10507654|k141_88153_3	SIAE|SIAE_45363_bv	60.8	571	186	3	1	571	1	533	4.3e-205	716.5
SRR10507654|k141_41731_2	satB|MCD6321403.1	53.6	308	143	0	1	308	1	308	2.2e-89	331.3
SRR10507654|k141_41755_3	kpsD|kpsD_12100_bv	52.6	835	374	5	1	816	1	832	4.5e-256	886.3
SRR10507654|k141_17279_1	satD|WP_354232700.1	43.0	221	120	2	3	218	8	227	3.0e-42	174.1
SRR10507654|k141_17315_17	satD|WP_271417843.1	44.9	263	136	5	2	258	10	269	1.9e-53	211.8
SRR10507654|k141_41859_1	siaM|siaM_42173_bv	92.4	170	13	0	1	170	6	175	2.1e-75	283.9
SRR10507654|k141_41900_1	nanK|nanK_7216_bv	40.9	264	143	5	24	285	58	310	3.2e-47	191.0
SRR10507654|k141_66717_1	nanU|nanU_303156_bv	96.2	417	16	0	1	417	6	422	1.8e-232	807.0
SRR10507654|k141_17545_16	nanH|nanH_54983_bv	67.2	372	113	3	19	386	14	380	1.0e-149	531.9
SRR10507654|k141_17545_17	nanU|nanU_2415_bv	100.0	484	0	0	1	484	1	484	7.9e-285	981.1
SRR10507654|k141_66964_3	nanU|nanU_464377_bv	86.4	487	66	0	10	496	1	487	2.3e-255	883.2
SRR10507654|k141_67034_1	nanU|nanU_459771_bv	74.8	432	109	0	8	439	1	432	2.3e-198	693.7
SRR10507654|k141_42231_1	kpsM|kpsM_956_bv	56.5	232	101	0	1	232	32	263	2.5e-66	254.2
SRR10507654|k141_17708_38	nanU|nanU_574902_bv	99.8	500	1	0	1	500	2	501	5.8e-299	1028.1
SRR10507654|k141_17708_42	SIAE|SIAE_7933_bv	99.9	687	1	0	1	687	1	687	0.0e+00	1435.2
SRR10507654|k141_17708_45	nanM|nanM_3259_bv	42.7	363	192	6	44	406	6	352	3.1e-72	274.6
SRR10507654|k141_88916_1	nagB|nagB_74964_bv	46.2	171	92	0	2	172	61	231	1.7e-40	167.9
SRR10507654|k141_42334_2	kpsT|kpsT_14725_bv	44.6	175	93	2	3	173	4	178	2.7e-33	144.1
SRR10507654|k141_67378_5	satB|WP_379235424.1	41.5	316	175	4	15	330	7	312	4.7e-58	227.3
SRR10507654|k141_42474_2	siaM|siaM_66063_bv	100.0	110	0	0	1	110	14	123	2.8e-52	206.5
SRR10507654|k141_67396_1	nanH|nanH_65592_bv	99.6	242	1	0	1	242	40	281	1.1e-146	521.2
SRR10507654|k141_17898_5	nanU|nanU_500862_bv	42.0	540	280	13	1	520	3	529	2.8e-102	374.8
SRR10507654|k141_42556_2	satD|WP_299048949.1	47.2	233	121	2	30	262	37	267	6.5e-57	223.4
SRR10507654|k141_42556_5	satB|WP_379235424.1	41.0	312	184	0	1	312	1	312	2.7e-60	234.6
SRR10507654|k141_67480_22	nanU|nanU_44095_bv	63.0	487	165	4	1	484	22	496	5.3e-172	606.3
SRR10507654|k141_67527_1	nanE|nanE_1542_bv	100.0	200	0	0	1	200	32	231	5.0e-108	392.5
SRR10507654|k141_67527_2	nanK|nanK_13641_bv	96.0	198	8	0	54	251	1	198	1.1e-107	391.7
SRR10507654|k141_17993_5	nanM|nanM_3259_bv	44.9	345	175	5	30	374	19	348	1.1e-71	272.7
SRR10507654|k141_17993_8	SIAE|SIAE_24057_bv	100.0	689	0	0	1	689	1	689	0.0e+00	1451.8
SRR10507654|k141_17993_12	nanU|nanU_444739_bv	99.8	474	1	0	31	504	1	474	1.4e-284	980.3
SRR10507654|k141_17993_88	nanU|nanU_256145_bv	98.9	542	6	0	1	542	4	545	0.0e+00	1130.2
SRR10507654|k141_17993_91	nanU|nanU_42577_bv	77.3	537	120	2	1	537	2	536	4.6e-249	862.4
SRR10507654|k141_17995_13	nanU|nanU_28472_bv	55.4	574	246	3	1	572	1	566	1.7e-185	651.4
SRR10507654|k141_89216_54	kpsM|kpsM_253_bv	67.3	278	90	1	1	278	1	277	9.1e-100	365.5
SRR10507654|k141_42750_2	nanU|nanU_485807_bv	99.2	493	4	0	1	493	1	493	2.1e-288	993.0
SRR10507654|k141_42844_2	nanU|nanU_226964_bv	49.5	547	254	7	17	560	18	545	7.6e-138	493.0
SRR10507654|k141_89478_2	nagB|nagB_2054_bv	100.0	261	0	0	1	261	1	261	2.1e-151	537.0
SRR10507654|k141_89478_3	nagA|nagA_2682_bv	100.0	395	0	0	1	395	1	395	1.2e-225	784.3
SRR10507654|k141_42989_2	nanU|nanU_572409_bv	49.2	526	252	6	9	530	77	591	9.4e-138	492.7
SRR10507654|k141_43013_16	siaT|siaT_47535_uniprot	49.5	422	201	6	6	421	5	420	1.3e-92	342.4
SRR10507654|k141_18324_4	nanU|nanU_266727_bv	92.3	506	39	0	1	506	11	516	1.1e-281	970.7
SRR10507654|k141_89529_74	nagA|nagA_8441_bv	100.0	384	0	0	1	384	1	384	3.2e-220	766.1
SRR10507654|k141_68101_2	satD|WP_227924124.1	45.2	261	135	2	3	257	12	270	1.6e-60	235.3
SRR10507654|k141_68101_5	satB|MDR1520311.1	46.5	318	169	1	1	318	1	317	1.4e-75	285.4
SRR10507654|k141_68142_3	nanA|nanA_8656_uniprot	52.5	61	29	0	3	63	5	65	6.2e-15	81.6
SRR10507654|k141_18554_4	neuD|neuD_2025_uniprot	97.2	212	6	0	1	212	1	212	1.0e-71	271.9
SRR10507654|k141_43169_1	satD|WP_124933466.1	48.6	214	108	2	1	214	56	267	2.4e-52	208.0
SRR10507654|k141_89666_1	siaP|siaP_517864_bv	92.9	141	10	0	1	141	11	151	3.2e-69	263.1
SRR10507654|k141_68215_7	nanU|nanU_253382_bv	98.1	522	10	0	1	522	2	523	2.6e-302	1039.3
SRR10507654|k141_68215_10	nagB|nagB_173245_bv	49.6	236	119	0	1	236	1	236	5.0e-62	240.0
SRR10507654|k141_43275_2	nanQ|nanQ_2724_uniprot	98.2	114	2	0	1	114	40	153	6.4e-60	231.9
SRR10507654|k141_68244_18	nanH|nanH_9455_bv	45.5	413	217	5	10	419	14	421	1.8e-112	408.3
SRR10507654|k141_68356_2	nanH|nanH_20964_bv	90.2	399	39	0	143	541	1	399	6.3e-214	745.7
SRR10507654|k141_68356_7	nanU|nanU_403585_bv	98.6	561	8	0	1	561	1	561	0.0e+00	1127.1
SRR10507654|k141_68379_4	nanU|nanU_403585_bv	89.7	572	47	2	2	572	1	561	1.9e-306	1053.1
SRR10507654|k141_43537_2	neuA|neuA_49575_bv	83.5	230	14	1	1	230	1	206	7.2e-103	375.6
SRR10507654|k141_68446_1	SIAE|SIAE_27145_refseq	99.6	254	1	0	1	254	2	255	1.6e-151	537.3
SRR10507654|k141_43609_2	siaT|siaT_43902_uniprot	100.0	428	0	0	1	428	1	428	1.3e-217	757.7
SRR10507654|k141_43609_3	siaQ|siaQ_25230_bv	99.4	169	1	0	1	169	1	169	2.7e-78	293.5
SRR10507654|k141_90056_1	nanU|nanU_577989_bv	99.6	458	2	0	1	458	31	488	3.9e-265	915.6
SRR10507654|k141_43848_9	siaT|siaT_73244_uniprot	99.8	436	1	0	1	436	1	436	1.4e-224	780.8
SRR10507654|k141_90245_2	SIAE|SIAE_26740_refseq	100.0	292	0	0	1	292	1	292	5.8e-174	612.1
SRR10507654|k141_90245_4	nanU|nanU_319147_bv	99.4	508	3	0	27	534	1	508	6.9e-298	1024.6
SRR10507654|k141_43996_3	satD|WP_019192916.1	40.2	209	119	5	59	261	31	239	1.0e-28	129.4
SRR10507654|k141_90267_3	SIAE|SIAE_8203_bv	100.0	472	0	0	1	472	1	472	9.7e-288	990.7
SRR10507654|k141_90299_6	nanQ|nanQ_1025_uniprot	100.0	208	0	0	1	208	1	208	4.5e-120	432.6
SRR10507654|k141_19406_10	satD|WP_162320857.1	40.5	195	108	6	10	199	25	216	2.7e-25	117.9
SRR10507654|k141_90325_6	nanQ|nanQ_374_uniprot	100.0	208	0	0	1	208	1	208	1.7e-119	430.6
SRR10507654|k141_44028_2	siaM|siaM_10590_bv	100.0	383	0	0	1	383	46	428	1.6e-203	710.7
SRR10507654|k141_90404_1	nanA|nanA_20400_bv	100.0	69	0	0	1	69	9	77	5.3e-33	141.7
SRR10507654|k141_90469_4	nanU|nanU_332844_bv	55.2	529	209	10	1	525	10	514	5.2e-165	583.2
SRR10507654|k141_44032_55	SIAE|SIAE_19013_uniprot	98.9	357	4	0	4	360	1	357	1.6e-208	727.6
SRR10507654|k141_19554_11	nanU|nanU_25900_bv	99.8	521	1	0	1	521	1	521	9.2e-313	1074.3
SRR10507654|k141_19554_12	nanH|nanH_15173_bv	99.0	394	4	0	147	540	1	394	3.5e-233	809.7
SRR10507654|k141_19554_14	SIAE|SIAE_25706_bv	100.0	691	0	0	1	691	4	694	0.0e+00	1440.6
SRR10507654|k141_19554_15	nanM|nanM_2289_bv	99.0	310	3	0	1	310	1	310	3.8e-184	646.4
SRR10507654|k141_19554_39	nanU|nanU_184248_bv	47.0	513	256	10	4	507	5	510	5.8e-121	436.8
SRR10507654|k141_69144_11	nagA|nagA_672_bv	100.0	379	0	0	1	379	1	379	3.0e-223	776.2
SRR10507654|k141_69157_9	siaM|siaM_10867_bv	100.0	435	0	0	1	435	1	435	5.0e-230	798.9
SRR10507654|k141_69157_10	siaQ|siaQ_49802_bv	55.1	178	80	0	35	212	3	180	2.7e-51	204.1
SRR10507654|k141_44132_1	nanC|nanC_1084_bv	100.0	149	0	0	1	149	53	201	1.1e-88	327.8
SRR10507654|k141_19628_1	nanK|nanK_22396_bv	45.0	269	148	0	3	271	4	272	1.1e-60	235.7
SRR10507654|k141_90546_3	nanU|nanU_311719_bv	55.9	494	208	3	1	491	1	487	2.4e-156	554.3
SRR10507654|k141_90546_33	nanU|nanU_256107_bv	42.7	557	284	8	20	560	11	548	3.4e-106	387.9
SRR10507654|k141_90546_129	neuB|neuB_13468_bv	44.7	284	149	6	6	288	19	295	2.5e-52	208.0
SRR10507654|k141_90553_35	nanK|nanK_28066_bv	46.8	301	148	3	7	307	5	293	4.5e-63	243.8
SRR10507654|k141_19940_2	nanU|nanU_587575_bv	100.0	463	0	0	1	463	2	464	2.5e-272	939.5
SRR10507654|k141_90725_21	kpsD|kpsD_6685_bv	77.8	800	167	6	1	791	1	798	0.0e+00	1202.2
SRR10507654|k141_90749_1	satD|WP_387533728.1	40.0	210	118	4	18	220	30	238	4.6e-30	133.7
SRR10507654|k141_69472_5	neuB|neuB_47276_bv	100.0	346	0	0	1	346	1	346	7.3e-200	698.4
SRR10507654|k141_20145_19	siaM|siaM_104919_bv	100.0	431	0	0	1	431	1	431	1.4e-229	797.3
SRR10507654|k141_90765_29	nagB|nagB_9212_bv	100.0	263	0	0	1	263	1	263	8.7e-153	541.6
SRR10507654|k141_90765_31	SIAE|SIAE_5042_bv	100.0	497	0	0	1	497	1	497	9.2e-305	1047.3
SRR10507654|k141_69539_17	nanK|nanK_28066_bv	42.3	305	161	7	43	347	5	294	4.4e-51	204.1
SRR10507654|k141_69597_1	siaQ|siaQ_22177_bv	99.3	140	1	0	1	140	1	140	3.4e-71	269.6
SRR10507654|k141_69601_7	nanU|nanU_619410_bv	99.8	491	1	0	1	491	2	492	8.6e-287	987.6
SRR10507654|k141_69650_4	nanU|nanU_114568_bv	48.3	621	293	16	6	605	26	639	1.8e-156	555.1
SRR10507654|k141_20411_4	neuB|neuB_11070_refseq	99.1	329	3	0	1	329	1	329	8.3e-185	648.3
SRR10507654|k141_20411_5	neuC|neuC_166696_bv	100.0	383	0	0	1	383	1	383	4.6e-219	762.3
SRR10507654|k141_20411_6	neuA|neuA_11258_uniprot	98.7	228	3	0	1	228	1	228	3.0e-125	449.9
SRR10507654|k141_69699_2	nanU|nanU_656288_bv	54.9	556	240	5	3	549	5	558	3.6e-169	597.0
SRR10507654|k141_69699_4	nanU|nanU_1200_bv	43.3	614	276	17	21	598	23	600	7.1e-126	453.4
SRR10507654|k141_69708_4	nanK|nanK_7216_bv	40.6	310	171	5	12	318	4	303	1.9e-56	221.9
SRR10507654|k141_20559_2	nagA|nagA_15893_bv	100.0	388	0	0	1	388	1	388	1.4e-223	777.3
SRR10507654|k141_20559_3	nagA|nagA_2581_bv	100.0	390	0	0	1	390	1	390	1.4e-228	793.9
SRR10507654|k141_69886_27	nanU|nanU_460596_bv	43.8	491	268	6	2	485	1	490	3.2e-108	394.4
SRR10507654|k141_44880_17	siaM|siaM_416294_bv	100.0	636	0	0	1	636	1	636	0.0e+00	1204.5
SRR10507654|k141_69887_9	nanU|nanU_235265_bv	44.8	464	235	6	1	448	1	459	9.1e-102	372.9
SRR10507654|k141_44902_2	SIAE|SIAE_71490_bv	93.0	372	26	0	1	372	1	372	2.5e-206	719.9
SRR10507654|k141_91133_25	nanU|nanU_573757_bv	63.5	496	175	3	16	505	10	505	8.5e-189	662.1
SRR10507654|k141_91212_4	nanU|nanU_590222_bv	53.6	571	240	9	1	555	1	562	1.7e-166	588.2
SRR10507654|k141_20732_25	nanU|nanU_71571_bv	44.1	675	356	13	1	667	1	662	6.7e-157	556.6
SRR10507654|k141_91296_3	satD|MDO4917719.1	42.8	187	91	5	5	178	29	212	4.5e-28	126.7
SRR10507654|k141_70139_2	nanQ|nanQ_7290_uniprot	95.4	108	5	0	1	108	40	147	2.2e-54	213.4
SRR10507654|k141_70152_14	nanU|nanU_562137_bv	70.6	408	120	0	14	421	1	408	5.3e-168	592.8
SRR10507654|k141_70199_4	nagA|nagA_8379_bv	100.0	398	0	0	1	398	1	398	8.1e-235	814.7
SRR10507654|k141_70199_5	nagB|nagB_3733_bv	100.0	255	0	0	1	255	1	255	2.2e-145	516.9
SRR10507654|k141_70254_2	nanQ|nanQ_2943_uniprot	98.7	159	2	0	1	159	1	159	2.0e-83	310.5
SRR10507654|k141_20907_14	satD|WP_255793737.1	43.1	255	140	1	5	254	13	267	2.0e-58	228.4
SRR10507654|k141_70339_2	nanQ|nanQ_1288_uniprot	100.0	148	0	0	1	148	1	148	1.8e-83	310.5
SRR10507654|k141_70339_3	nanA|nanA_5008_bv	88.0	309	37	0	1	309	1	309	9.9e-156	551.6
SRR10507654|k141_70339_8	nagB|nagB_19708_bv	100.0	201	0	0	1	201	42	242	9.4e-115	414.8
SRR10507654|k141_21017_1	siaP|siaP_78138_bv	42.3	130	75	0	10	139	1	130	6.7e-27	122.5
SRR10507654|k141_21017_2	siaQ|siaQ_322007_bv	52.4	168	80	0	1	168	1	168	1.7e-39	164.9
SRR10507654|k141_21150_4	nanU|nanU_69323_bv	42.2	578	303	15	5	572	1	557	3.9e-105	384.4
SRR10507654|k141_70507_23	nanK|nanK_7216_bv	41.3	310	169	5	12	318	4	303	1.7e-57	225.3
SRR10507654|k141_70507_39	nanU|nanU_153439_bv	79.3	552	112	2	1	552	1	550	7.4e-263	908.3
SRR10507654|k141_21320_1	siaM|siaM_155545_bv	96.4	110	4	0	1	110	1	110	1.2e-50	201.1
SRR10507654|k141_21320_2	siaQ|siaQ_219558_bv	98.1	160	3	0	1	160	11	170	3.6e-85	316.2
SRR10507654|k141_92113_2	satB|HSE80012.1	40.6	254	144	1	6	259	66	312	4.0e-41	170.6
SRR10507654|k141_21434_14	kpsT|kpsT_10521_bv	49.8	223	112	0	10	232	7	229	6.5e-58	226.5
SRR10507654|k141_21434_15	kpsM|kpsM_680_bv	99.2	257	2	0	1	257	1	257	5.9e-138	492.3
SRR10507654|k141_21575_1	kpsM|kpsM_209_bv	53.1	196	88	2	5	196	8	203	3.2e-51	203.8
SRR10507654|k141_21659_4	nanU|nanU_616253_bv	47.5	562	268	12	4	553	11	557	2.1e-132	474.9
SRR10507654|k141_21703_1	satB|MCD8125726.1	48.7	261	134	0	1	261	57	317	1.7e-60	235.0
SRR10507654|k141_45803_6	nanU|nanU_329186_bv	71.0	558	161	1	1	558	1	557	1.2e-244	847.8
SRR10507654|k141_92235_8	satD|WP_123960866.1	40.9	225	126	6	26	244	40	263	5.0e-33	143.7
SRR10507654|k141_45854_2	kpsD|kpsD_9568_bv	86.1	375	51	1	1	375	1	374	7.5e-165	582.4
SRR10507654|k141_92292_1	nanH|nanH_55004_bv	100.0	306	0	0	42	347	19	324	2.9e-180	633.3
SRR10507654|k141_21911_12	nanU|nanU_33486_bv	64.7	493	174	0	1	493	1	493	1.7e-186	654.4
SRR10507654|k141_45956_89	nanQ|nanQ_7779_uniprot	99.3	146	1	0	1	146	1	146	3.0e-78	293.1
SRR10507654|k141_21949_3	nanK|nanK_40_bv	55.9	315	135	2	4	317	2	313	2.2e-94	347.8
SRR10507654|k141_21955_2	kpsM|kpsM_958_bv	63.0	192	67	1	3	194	8	195	4.0e-62	240.0
SRR10507654|k141_45962_4	siaM|siaM_100772_bv	99.7	309	1	0	1	309	119	427	8.9e-165	581.6
SRR10507654|k141_92507_5	nanH|nanH_40702_bv	57.0	486	206	2	11	493	1	486	2.1e-155	551.2
SRR10507654|k141_92669_2	satD|WP_321077476.1	40.8	218	123	1	5	216	55	272	8.3e-40	166.0
SRR10507654|k141_46172_1	nanE|nanE_11580_bv	96.6	87	3	0	3	89	1	87	2.6e-40	166.4
SRR10507654|k141_92674_8	nanU|nanU_403585_bv	73.7	539	141	1	8	545	23	561	2.1e-241	837.0
SRR10507654|k141_46289_1	siaM|siaM_1247_bv	98.8	255	3	0	1	255	22	276	1.7e-129	464.2
SRR10507654|k141_22216_1	siaP|siaP_377459_bv	79.0	167	35	0	29	195	4	170	3.1e-70	266.9
SRR10507654|k141_46325_4	nanU|nanU_568635_bv	62.3	501	178	7	8	504	3	496	1.4e-167	591.7
SRR10507654|k141_92861_1	siaM|siaM_52188_bv	100.0	324	0	0	1	324	12	335	1.9e-173	610.5
SRR10507654|k141_92861_2	siaQ|siaQ_277736_bv	79.1	172	36	0	1	172	1	172	9.7e-76	285.0
SRR10507654|k141_46472_1	nagB|nagB_3155_bv	100.0	243	0	0	1	243	10	252	1.7e-139	497.3
SRR10507654|k141_46547_2	nagB|nagB_9602_bv	100.0	245	0	0	1	245	1	245	6.5e-142	505.4
SRR10507654|k141_93138_1	nanU|nanU_247095_bv	50.8	488	215	10	3	485	1	468	8.1e-128	459.5
SRR10507654|k141_46689_2	siaP|siaP_677789_bv	100.0	297	0	0	1	297	1	297	8.3e-164	578.6
SRR10507654|k141_22683_1	kpsE|kpsE_7134_bv	54.6	372	166	2	25	393	14	385	1.0e-101	372.5
SRR10507654|k141_22683_2	kpsT|kpsT_34_bv	100.0	221	0	0	1	221	1	221	9.3e-124	444.9
SRR10507654|k141_22683_3	kpsM|kpsM_234_bv	50.2	253	126	0	1	253	9	261	8.2e-63	242.7
SRR10507654|k141_22713_2	siaP|siaP_99094_bv	90.1	213	21	0	1	213	35	247	1.5e-107	391.0
SRR10507654|k141_93249_11	nanQ|nanQ_634_uniprot	100.0	149	0	0	1	149	1	149	3.2e-83	309.7
SRR10507654|k141_93254_2	nanU|nanU_364783_bv	92.3	587	45	0	79	665	1	587	0.0e+00	1107.8
SRR10507654|k141_93292_1	siaQ|siaQ_70328_bv	100.0	131	0	0	1	131	31	161	3.7e-67	256.1
SRR10507654|k141_93292_2	siaM|siaM_121615_bv	100.0	427	0	0	1	427	1	427	3.2e-229	796.2
SRR10507654|k141_93377_1	siaP|siaP_233095_bv	99.1	117	1	0	1	117	1	117	1.0e-57	224.6
SRR10507654|k141_93380_1	nanU|nanU_339340_bv	40.5	578	298	16	18	577	18	567	3.4e-101	371.3
SRR10507654|k141_47042_1	ompF|ompF_6984_bv	80.5	159	25	2	5	157	43	201	6.2e-70	265.8
SRR10507654|k141_93482_4	nanU|nanU_363656_bv	63.8	508	168	7	3	508	86	579	1.9e-180	634.4
SRR10507654|k141_23110_10	nanU|nanU_317722_bv	68.3	501	158	1	6	506	7	506	5.0e-205	716.1
SRR10507654|k141_23129_1	nanU|nanU_522014_bv	52.0	546	242	11	3	536	19	556	4.8e-150	533.5
SRR10507654|k141_93658_6	nanU|nanU_23941_bv	100.0	501	0	0	1	501	1	501	6.2e-301	1034.6
SRR10507654|k141_93658_14	nanU|nanU_155975_bv	46.4	563	280	11	1	548	1	556	1.4e-125	452.2
SRR10507654|k141_23237_6	siaM|siaM_19431_bv	100.0	433	0	0	1	433	1	433	2.3e-219	763.5
SRR10507654|k141_23237_7	siaQ|siaQ_10866_bv	100.0	168	0	0	1	168	1	168	6.5e-93	342.0
SRR10507654|k141_93758_2	neuD|neuD_2673_uniprot	99.5	203	1	0	1	203	1	203	5.1e-84	312.8
SRR10507654|k141_23328_1	satD|MBW4095910.1	46.8	203	108	0	2	204	43	245	8.1e-45	182.6
SRR10507654|k141_23425_2	satD|WP_104088064.1	46.5	258	137	1	9	266	4	260	3.2e-59	231.1
SRR10507654|k141_23425_5	satB|MCK6580004.1	40.1	319	178	4	12	325	9	319	5.2e-46	187.2
SRR10507654|k141_93996_2	nagA|nagA_13395_bv	100.0	387	0	0	1	387	1	387	1.3e-224	780.8
SRR10507654|k141_94080_2	neuB|neuB_2948_uniprot	95.3	340	16	0	1	340	1	340	5.5e-192	672.2
SRR10507655|k141_5_27	nanU|nanU_71571_bv	44.1	675	356	13	1	667	1	662	6.7e-157	556.6
SRR10507655|k141_25473_1	nanU|nanU_9425_bv	73.1	472	127	0	1	472	1	472	2.2e-207	723.8
SRR10507655|k141_73_3	siaP|siaP_76955_bv	99.7	307	1	0	1	307	1	307	3.4e-176	619.8
SRR10507655|k141_73_4	siaQ|siaQ_142491_bv	99.4	156	1	0	1	156	1	156	3.8e-79	296.2
SRR10507655|k141_73_5	siaM|siaM_20200_bv	100.0	431	0	0	1	431	1	431	1.9e-229	797.0
SRR10507655|k141_98_1	nanU|nanU_556657_bv	46.6	496	227	13	3	492	2	465	3.0e-114	414.5
SRR10507655|k141_165_1	siaP|siaP_157302_bv	55.4	74	33	0	1	74	26	99	3.0e-16	86.3
SRR10507655|k141_166_1	siaP|siaP_412759_bv	67.4	135	44	0	38	172	1	135	1.2e-44	181.8
SRR10507655|k141_76204_6	nanK|nanK_7216_bv	40.5	309	172	4	12	317	4	303	2.2e-57	224.9
SRR10507655|k141_170_2	nanU|nanU_94083_bv	49.5	666	259	16	1	655	1	600	1.1e-169	599.0
SRR10507655|k141_25501_19	nanK|nanK_28066_bv	42.0	305	162	7	43	347	5	294	9.8e-51	203.0
SRR10507655|k141_50979_1	siaP|siaP_194100_bv	74.6	260	66	0	83	342	1	260	5.5e-107	389.8
SRR10507655|k141_50979_2	siaQ|siaQ_239511_bv	100.0	161	0	0	1	161	1	161	3.0e-79	296.6
SRR10507655|k141_50979_3	siaM|siaM_58918_bv	100.0	436	0	0	1	436	1	436	7.8e-207	721.8
SRR10507655|k141_25590_1	kpsT|kpsT_10521_bv	42.0	238	136	2	73	309	2	238	1.5e-50	202.2
SRR10507655|k141_51031_3	kpsT|kpsT_10521_bv	45.9	244	131	1	4	246	2	245	4.3e-61	236.9
SRR10507655|k141_51031_4	kpsM|kpsM_245_uniprot	45.8	262	134	3	2	263	18	271	3.0e-52	207.6
SRR10507655|k141_76412_1	nagB|nagB_22017_uniprot	99.6	242	1	0	1	242	10	251	1.1e-136	488.0
SRR10507655|k141_25640_9	nanK|nanK_22814_bv	40.4	314	180	5	2	310	7	318	2.6e-55	218.0
SRR10507655|k141_25640_85	nanE|nanE_659_bv	100.0	228	0	0	1	228	1	228	2.1e-126	453.8
SRR10507655|k141_25640_87	nagB|nagB_83055_bv	100.0	242	0	0	1	242	1	242	1.5e-135	484.2
SRR10507655|k141_76480_16	nanQ|nanQ_54_uniprot	99.5	185	1	0	1	185	15	199	4.3e-106	386.0
SRR10507655|k141_76480_20	nanH|nanH_52853_bv	99.4	499	3	0	45	543	1	499	1.7e-299	1030.0
SRR10507655|k141_76480_21	nanU|nanU_142022_bv	43.0	491	262	8	10	496	8	484	1.0e-101	372.9
SRR10507655|k141_428_1	satD|MDO4917719.1	42.7	239	126	4	1	230	11	247	3.9e-40	167.2
SRR10507655|k141_76549_5	kpsM|kpsM_380_bv	54.6	284	126	1	4	287	2	282	3.6e-83	310.5
SRR10507655|k141_76549_24	kpsD|kpsD_1302_bv	54.7	830	343	5	1	830	1	797	1.4e-257	891.3
SRR10507655|k141_51185_6	nanA|nanA_29593_bv	98.7	309	4	0	1	309	4	312	8.1e-174	611.7
SRR10507655|k141_51185_7	nanQ|nanQ_3945_uniprot	99.3	152	1	0	1	152	1	152	1.8e-86	320.5
SRR10507655|k141_51185_8	nanE|nanE_23510_bv	99.5	186	1	0	1	186	1	186	1.1e-101	371.3
SRR10507655|k141_440_3	nanU|nanU_53127_bv	52.6	532	235	6	8	536	15	532	1.8e-165	584.7
SRR10507655|k141_25768_3	kpsD|kpsD_12100_bv	52.9	845	376	7	1	837	2	832	3.3e-254	880.2
SRR10507655|k141_76693_1	kpsT|kpsT_13997_bv	52.4	229	109	0	2	230	4	232	2.9e-67	257.3
SRR10507655|k141_76697_1	nanQ|nanQ_2891_uniprot	99.3	153	1	0	4	156	1	153	1.8e-89	330.5
SRR10507655|k141_76697_2	nanE|nanE_916_bv	100.0	186	0	0	1	186	1	186	1.0e-102	374.8
SRR10507655|k141_51437_1	siaM|siaM_177614_bv	91.5	117	10	0	1	117	6	122	1.8e-49	197.2
SRR10507655|k141_76880_3	siaP|siaP_77546_bv	99.6	234	1	0	90	323	21	254	1.7e-129	464.5
SRR10507655|k141_76880_4	siaM|siaM_1782_bv	100.0	433	0	0	1	433	1	433	2.0e-226	786.9
SRR10507655|k141_76880_5	siaQ|siaQ_2329_bv	52.2	157	74	1	1	157	1	156	1.1e-36	155.2
SRR10507655|k141_51714_2	nanQ|nanQ_2529_uniprot	95.9	148	6	0	1	148	1	148	5.8e-77	288.9
SRR10507655|k141_770_1	siaP|siaP_398718_bv	48.1	185	95	1	5	188	32	216	7.1e-47	189.5
SRR10507655|k141_51828_1	siaP|siaP_771137_bv	97.4	152	4	0	1	152	2	153	3.7e-79	296.2
SRR10507655|k141_77057_1	nanU|nanU_288776_bv	42.1	413	216	8	2	407	90	486	4.9e-86	320.5
SRR10507655|k141_51966_12	siaQ|siaQ_22177_bv	100.0	163	0	0	1	163	1	163	3.0e-87	323.2
SRR10507655|k141_51966_13	siaM|siaM_10862_bv	100.0	429	0	0	1	429	1	429	1.1e-221	771.2
SRR10507655|k141_52017_1	nagB|nagB_6045_bv	100.0	180	0	0	1	180	64	243	4.1e-101	369.4
SRR10507655|k141_1011_18	neuB|neuB_19920_bv	52.4	338	150	2	5	331	19	356	6.4e-92	339.7
SRR10507655|k141_1011_23	neuA|neuA_46098_bv	81.7	186	25	2	51	227	26	211	3.1e-82	307.0
SRR10507655|k141_52053_14	nanK|nanK_28066_bv	42.7	307	162	5	7	313	5	297	2.6e-55	218.0
SRR10507655|k141_77324_2	nanR|nanR_9292_uniprot	43.9	228	116	4	9	228	19	242	8.2e-39	162.9
SRR10507655|k141_1173_1	nanU|nanU_353922_bv	62.0	508	188	4	8	513	19	523	2.2e-184	647.5
SRR10507655|k141_52205_14	siaM|siaM_79295_bv	100.0	434	0	0	1	434	1	434	8.0e-228	791.6
SRR10507655|k141_52205_15	siaQ|siaQ_1155_uniprot	97.1	173	5	0	1	173	1	173	1.1e-87	324.7
SRR10507655|k141_77427_16	satB|MFN4189717.1	44.7	304	167	1	1	304	1	303	2.9e-75	284.3
SRR10507655|k141_1248_3	satD|WP_443424392.1	42.9	252	140	3	2	252	19	267	1.5e-48	195.3
SRR10507655|k141_26436_3	satD|WP_443424392.1	40.0	210	121	3	17	221	38	247	3.9e-29	130.6
SRR10507655|k141_1270_2	satD|WP_378900728.1	40.2	209	112	6	17	216	30	234	5.3e-26	120.2
SRR10507655|k141_1293_2	nanU|nanU_656288_bv	55.3	548	234	5	11	549	13	558	4.8e-169	596.7
SRR10507655|k141_1293_4	nanU|nanU_1200_bv	42.4	620	293	16	11	598	13	600	3.5e-125	451.1
SRR10507655|k141_1326_2	kpsD|kpsD_5764_bv	98.9	278	3	0	1	278	1	278	1.8e-149	530.8
SRR10507655|k141_52349_101	nanU|nanU_204066_bv	75.2	524	128	2	1	523	1	523	2.0e-249	863.6
SRR10507655|k141_26584_1	satD|WP_019192916.1	45.1	193	105	1	5	197	70	261	9.1e-38	159.1
SRR10507655|k141_77667_3	satD|WP_101734344.1	40.2	229	130	6	12	234	42	269	1.8e-35	151.8
SRR10507655|k141_26619_24	ompF|ompF_6268_bv	66.2	361	111	4	1	351	1	360	7.6e-136	485.7
SRR10507655|k141_26619_54	nanR|nanR_6426_uniprot	47.4	228	120	0	1	228	59	286	4.4e-52	206.8
SRR10507655|k141_52536_2	siaM|siaM_207454_bv	100.0	426	0	0	1	426	1	426	4.5e-215	749.2
SRR10507655|k141_52536_3	siaQ|siaQ_234611_bv	40.5	148	88	0	1	148	5	152	4.7e-27	123.2
SRR10507655|k141_26742_1	siaM|siaM_349746_bv	98.8	259	3	0	1	259	49	307	8.1e-135	481.9
SRR10507655|k141_26792_1	siaP|siaP_528210_bv	94.8	287	15	0	76	362	1	287	4.4e-155	549.7
SRR10507655|k141_1878_1	nanH|nanH_33144_bv	99.5	220	1	0	1	220	46	265	3.3e-129	463.0
SRR10507655|k141_77985_2	satD|WP_255793737.1	44.1	256	136	2	5	254	13	267	7.6e-61	236.1
SRR10507655|k141_78000_2	nanU|nanU_613934_bv	93.4	498	33	0	10	507	1	498	3.3e-281	969.1
SRR10507655|k141_26940_16	nanU|nanU_563802_bv	96.4	525	19	0	1	525	1	525	0.0e+00	1077.8
SRR10507655|k141_26940_31	nanU|nanU_534055_bv	43.4	603	317	12	10	595	1	596	5.8e-128	460.3
SRR10507655|k141_2038_1	siaM|siaM_116526_bv	99.4	164	1	0	1	164	46	209	1.4e-79	297.7
SRR10507655|k141_78053_9	nanU|nanU_634927_bv	99.6	488	2	0	9	496	12	499	7.3e-286	984.6
SRR10507655|k141_52804_2	nanU|nanU_521714_bv	98.9	459	5	0	101	559	1	459	1.5e-279	963.8
SRR10507655|k141_27056_2	nanU|nanU_1180_bv	100.0	521	0	0	1	521	1	521	6.4e-312	1071.2
SRR10507655|k141_78105_6	nanU|nanU_170163_bv	48.8	578	279	9	3	579	2	563	1.7e-145	518.5
SRR10507655|k141_78161_22	nagB|nagB_71267_bv	100.0	243	0	0	1	243	1	243	2.3e-139	496.9
SRR10507655|k141_52979_3	SIAE|SIAE_1039_bv	100.0	480	0	0	1	480	1	480	4.3e-291	1001.9
SRR10507655|k141_78251_4	satB|WP_101552959.1	43.6	305	172	0	1	305	1	305	7.7e-68	259.6
SRR10507655|k141_78263_2	satD|WP_073715496.1	42.5	200	112	2	1	199	61	258	2.3e-37	157.9
SRR10507655|k141_53087_1	satB|OPL08187.1	41.0	312	173	4	1	302	1	311	8.2e-54	213.0
SRR10507655|k141_53120_46	nanQ|nanQ_55_uniprot	100.0	148	0	0	1	148	1	148	2.9e-81	303.1
SRR10507655|k141_78272_4	nanU|nanU_410087_bv	99.4	466	3	0	39	504	1	466	3.5e-275	949.1
SRR10507655|k141_78272_9	nagA|nagA_2982_bv	100.0	388	0	0	1	388	1	388	1.8e-223	776.9
SRR10507655|k141_78272_10	nagA|nagA_845_bv	100.0	401	0	0	1	401	1	401	2.1e-230	800.0
SRR10507655|k141_78272_13	nanU|nanU_480950_bv	99.8	530	1	0	6	535	8	537	0.0e+00	1076.2
SRR10507655|k141_2583_20	nagA|nagA_60161_bv	99.2	380	3	0	1	380	1	380	2.6e-222	773.1
SRR10507655|k141_27540_4	satD|WP_029316627.1	43.5	262	139	3	3	258	12	270	6.6e-51	203.4
SRR10507655|k141_78372_1	siaQ|siaQ_226247_bv	48.5	136	70	0	32	167	21	156	4.5e-31	136.7
SRR10507655|k141_53381_2	siaM|siaM_111310_bv	100.0	425	0	0	1	425	1	425	1.3e-230	800.8
SRR10507655|k141_53381_3	siaQ|siaQ_130634_bv	78.7	183	39	0	3	185	23	205	1.1e-75	285.0
SRR10507655|k141_2699_2	satD|WP_378813248.1	40.6	212	110	5	20	220	28	234	3.3e-28	127.5
SRR10507655|k141_53384_3	nagA|nagA_22675_bv	100.0	383	0	0	1	383	1	383	1.3e-218	760.8
SRR10507655|k141_53384_5	nanK|nanK_13168_bv	98.7	236	3	0	58	293	1	236	2.5e-132	473.8
SRR10507655|k141_53384_6	nanQ|nanQ_666_uniprot	99.3	149	1	0	5	153	1	149	4.3e-83	309.3
SRR10507655|k141_53384_8	nanA|nanA_1392_bv	100.0	305	0	0	1	305	1	305	9.4e-175	614.8
SRR10507655|k141_53384_9	nanE|nanE_979_bv	100.0	229	0	0	1	229	1	229	3.9e-125	449.5
SRR10507655|k141_53384_10	nagB|nagB_41631_bv	100.0	243	0	0	1	243	1	243	2.1e-137	490.3
SRR10507655|k141_2732_10	nanU|nanU_573757_bv	63.5	496	175	3	16	505	10	505	8.5e-189	662.1
SRR10507655|k141_78492_2	nagA|nagA_2407_bv	100.0	371	0	0	1	371	1	371	1.6e-213	743.8
SRR10507655|k141_2777_2	nanA|nanA_10135_bv	96.8	309	10	0	1	309	2	310	1.4e-170	600.9
SRR10507655|k141_2777_3	nanQ|nanQ_2340_uniprot	84.5	148	23	0	1	148	1	148	2.1e-74	280.4
SRR10507655|k141_2777_4	nanE|nanE_2808_bv	99.1	234	2	0	1	234	1	234	3.9e-128	459.5
SRR10507655|k141_2777_5	nanK|nanK_297_bv	48.0	298	148	4	7	302	5	297	1.9e-69	265.0
SRR10507655|k141_27714_4	kpsM|kpsM_889_bv	67.2	256	84	0	7	262	7	262	6.1e-98	359.4
SRR10507655|k141_27795_19	nanK|nanK_7216_bv	41.7	309	168	4	12	317	4	303	4.0e-59	230.7
SRR10507655|k141_2959_4	nanU|nanU_119814_bv	59.7	457	184	0	16	472	25	481	6.6e-151	536.2
SRR10507655|k141_2976_7	nanU|nanU_119814_bv	68.7	457	143	0	16	472	25	481	1.6e-181	637.9
SRR10507655|k141_27855_1	nagB|nagB_22017_uniprot	99.6	249	1	0	1	249	3	251	2.8e-140	500.0
SRR10507655|k141_78745_1	nagB|nagB_64841_bv	100.0	194	0	0	1	194	1	194	8.2e-108	391.7
SRR10507655|k141_27873_4	nagA|nagA_15009_bv	100.0	381	0	0	1	381	1	381	6.8e-223	775.0
SRR10507655|k141_3000_20	nanU|nanU_650163_bv	100.0	497	0	0	1	497	2	498	5.1e-295	1015.0
SRR10507655|k141_27963_2	siaP|siaP_376232_bv	65.2	141	48	1	10	149	24	164	4.8e-47	189.5
SRR10507655|k141_27963_3	siaM|siaM_11092_bv	99.5	429	2	0	1	429	1	429	2.2e-222	773.5
SRR10507655|k141_27963_4	siaQ|siaQ_30749_bv	96.7	60	2	0	1	60	10	69	6.1e-25	114.8
SRR10507655|k141_3055_1	nanA|nanA_8656_uniprot	47.4	76	40	0	3	78	5	80	2.4e-17	90.1
SRR10507655|k141_78968_29	SIAE|SIAE_19013_uniprot	98.9	357	4	0	4	360	1	357	1.6e-208	727.6
SRR10507655|k141_3209_1	nanC|nanC_1028_bv	57.7	71	24	1	10	74	1	71	3.5e-14	79.3
SRR10507655|k141_79031_1	siaM|siaM_111179_bv	100.0	313	0	0	1	313	114	426	5.1e-160	565.8
SRR10507655|k141_79152_1	satD|WP_283490273.1	47.3	262	124	5	5	257	27	283	9.9e-54	212.6
SRR10507655|k141_28184_16	nanK|nanK_22396_bv	45.2	310	170	0	3	312	5	314	9.0e-72	272.7
SRR10507655|k141_28184_41	nanK|nanK_28066_bv	43.6	305	160	3	7	311	5	297	4.8e-57	223.8
SRR10507655|k141_54125_5	nanU|nanU_403585_bv	89.7	572	47	2	2	572	1	561	2.5e-306	1052.7
SRR10507655|k141_3329_49	nanU|nanU_431349_bv	99.8	506	1	0	1	506	1	506	2.2e-293	1009.6
SRR10507655|k141_3329_56	nanU|nanU_574169_bv	95.8	529	22	0	1	529	1	529	3.1e-306	1052.4
SRR10507655|k141_28333_1	kpsT|kpsT_13997_bv	55.2	194	87	0	1	194	47	240	2.5e-59	230.7
SRR10507655|k141_28397_1	nanE|nanE_3764_bv	100.0	230	0	0	1	230	1	230	2.1e-126	453.8
SRR10507655|k141_54273_4	satD|WP_123960866.1	41.3	225	125	6	26	244	40	263	1.3e-33	145.6
SRR10507655|k141_54289_2	nanU|nanU_383909_bv	58.5	600	238	8	1	598	1	591	7.2e-195	682.6
SRR10507655|k141_79243_60	nanU|nanU_223553_bv	40.9	536	296	7	6	536	9	528	3.7e-105	384.4
SRR10507655|k141_79243_81	nanU|nanU_266727_bv	99.2	506	4	0	1	506	11	516	7.0e-300	1031.2
SRR10507655|k141_79243_133	nanU|nanU_548226_bv	61.9	514	191	4	1	511	1	512	8.0e-195	682.2
SRR10507655|k141_3440_26	nagB|nagB_83651_bv	100.0	242	0	0	1	242	1	242	3.5e-140	499.6
SRR10507655|k141_3442_2	satB|MCD6321403.1	42.4	314	171	3	1	314	1	304	8.3e-65	249.6
SRR10507655|k141_3442_6	satD|WP_223944689.1	49.6	266	127	3	1	263	5	266	5.8e-66	253.4
SRR10507655|k141_54389_6	nanU|nanU_441088_bv	40.7	624	336	14	3	612	2	605	3.4e-123	444.5
SRR10507655|k141_54390_1	satD|WP_271417843.1	44.7	257	131	6	9	258	17	269	3.5e-52	207.6
SRR10507655|k141_79379_2	satD|HJC70536.1	45.3	225	120	2	31	254	13	235	1.6e-45	185.3
SRR10507655|k141_54438_2	satD|WP_255793737.1	40.1	202	121	0	23	224	42	243	1.7e-39	165.2
SRR10507655|k141_3548_1	nagA|nagA_61085_bv	100.0	378	0	0	1	378	26	403	4.1e-212	739.2
SRR10507655|k141_79508_3	SIAE|SIAE_4503_bv	99.8	438	1	0	1	438	1	438	1.6e-260	900.2
SRR10507655|k141_28758_18	satD|WP_271417843.1	44.1	263	138	5	2	258	10	269	4.6e-52	207.2
SRR10507655|k141_54526_1	SIAE|SIAE_7560_bv	100.0	438	0	0	1	438	1	438	4.0e-259	895.6
SRR10507655|k141_79622_5	nanU|nanU_590222_bv	48.8	578	275	10	1	573	1	562	3.6e-151	537.3
SRR10507655|k141_54575_1	satD|MDO4917719.1	41.7	187	104	3	1	186	27	209	5.0e-33	143.3
SRR10507655|k141_3710_1	nanH|nanH_65592_bv	99.1	220	2	0	1	220	30	249	1.9e-129	463.8
SRR10507655|k141_54696_4	nagA|nagA_173850_bv	98.0	249	5	0	1	249	91	339	3.2e-136	486.5
SRR10507655|k141_3778_3	nanU|nanU_194521_bv	99.8	517	1	0	1	517	1	517	3.6e-312	1072.0
SRR10507655|k141_79772_1	nanE|nanE_4599_bv	100.0	237	0	0	1	237	4	240	8.2e-134	478.4
SRR10507655|k141_54737_5	siaM|siaM_60761_bv	100.0	425	0	0	1	425	1	425	1.6e-228	793.9
SRR10507655|k141_54737_6	siaQ|siaQ_130634_bv	79.8	178	36	0	8	185	28	205	1.7e-73	277.7
SRR10507655|k141_28944_1	nagA|nagA_2076_bv	100.0	388	0	0	1	388	1	388	1.1e-223	777.7
SRR10507655|k141_28944_2	nagA|nagA_2077_bv	100.0	390	0	0	1	390	1	390	3.2e-228	792.7
SRR10507655|k141_3848_33	nagB|nagB_28458_bv	99.6	242	1	0	1	242	1	242	6.0e-140	498.8
SRR10507655|k141_79879_5	nanK|nanK_28066_bv	43.9	303	159	6	1	302	1	293	2.2e-54	214.9
SRR10507655|k141_3924_1	nagA|nagA_12130_bv	94.3	421	24	0	1	421	13	433	1.2e-220	767.7
SRR10507655|k141_54791_2	satD|MET0871074.1	44.4	187	99	1	3	184	9	195	8.2e-41	169.1
SRR10507655|k141_79958_5	nanU|nanU_123241_bv	77.1	502	107	3	11	505	1	501	7.6e-230	798.5
SRR10507655|k141_3989_2	siaQ|siaQ_322007_bv	47.8	184	96	0	1	184	1	184	6.9e-40	166.0
SRR10507655|k141_80024_3	nanU|nanU_65393_bv	99.4	489	3	0	1	489	1	489	1.8e-292	1006.5
SRR10507655|k141_29155_4	SIAE|SIAE_32812_refseq	100.0	265	0	0	1	265	1	265	6.7e-153	542.0
SRR10507655|k141_54869_9	nanU|nanU_601173_bv	99.1	562	5	0	1	562	12	573	0.0e+00	1150.2
SRR10507655|k141_54878_2	nagB|nagB_67242_bv	93.6	125	8	0	1	125	50	174	5.8e-62	238.8
SRR10507655|k141_29173_1	nanU|nanU_257230_bv	94.6	517	28	0	1	517	1	517	8.2e-296	1017.7
SRR10507655|k141_4087_39	nanQ|nanQ_32_uniprot	100.0	146	0	0	1	146	1	146	3.9e-78	292.7
SRR10507655|k141_54951_5	nanU|nanU_612529_bv	54.6	513	214	5	1	511	1	496	2.5e-156	554.3
SRR10507655|k141_55034_1	satD|MER1996714.1	41.1	190	106	5	2	186	51	239	2.0e-26	121.7
SRR10507655|k141_29327_3	satD|WP_345043431.1	40.9	225	128	4	17	236	36	260	9.7e-37	156.0
SRR10507655|k141_80117_2	nanR|nanR_2736_uniprot	100.0	195	0	0	1	195	44	238	2.0e-106	387.1
SRR10507655|k141_29341_1	satD|WP_348104436.1	40.7	248	135	3	2	249	35	270	9.2e-46	186.4
SRR10507655|k141_55120_4	nanU|nanU_211631_bv	60.0	543	201	8	1	539	1	531	6.5e-187	656.0
SRR10507655|k141_4154_8	kpsT|kpsT_10521_bv	47.3	241	126	1	6	245	1	241	1.2e-58	228.8
SRR10507655|k141_4154_9	kpsM|kpsM_966_bv	59.0	251	103	0	25	275	12	262	5.5e-81	303.1
SRR10507655|k141_4154_27	kpsT|kpsT_10521_bv	46.7	229	121	1	5	233	2	229	4.6e-59	230.3
SRR10507655|k141_4154_28	kpsM|kpsM_159_bv	63.8	257	93	0	5	261	2	258	4.1e-94	346.7
SRR10507655|k141_4154_61	kpsM|kpsM_209_bv	99.3	277	2	0	1	277	1	277	4.4e-155	549.3
SRR10507655|k141_55241_3	nanU|nanU_566500_bv	93.8	480	30	0	32	511	1	480	1.9e-268	926.8
SRR10507655|k141_55273_2	nagA|nagA_61652_bv	99.7	311	1	0	1	311	1	311	8.4e-179	628.2
SRR10507655|k141_29502_6	nanU|nanU_69323_bv	42.4	575	297	16	11	572	4	557	3.0e-105	384.8
SRR10507655|k141_80291_2	nanQ|nanQ_2338_uniprot	98.7	156	2	0	1	156	1	156	1.1e-81	304.7
SRR10507655|k141_55333_1	siaQ|siaQ_425405_bv	95.3	171	8	0	1	171	1	171	3.8e-88	326.2
SRR10507655|k141_4346_1	nagB|nagB_162220_bv	100.0	242	0	0	1	242	2	243	1.6e-137	490.7
SRR10507655|k141_80322_1	satB|MCZ7572982.1	40.4	223	122	2	3	216	92	312	3.7e-35	150.6
SRR10507655|k141_55419_2	siaM|siaM_586242_bv	91.8	281	23	0	1	281	94	374	2.0e-134	480.7
SRR10507655|k141_29687_1	kpsD|kpsD_13620_bv	98.2	271	5	0	1	271	8	278	2.8e-146	520.0
SRR10507655|k141_29703_1	nagB|nagB_5034_bv	100.0	232	0	0	1	232	11	242	6.1e-134	478.8
SRR10507655|k141_29703_5	nagA|nagA_4700_bv	100.0	379	0	0	1	379	1	379	3.6e-224	779.2
SRR10507655|k141_55506_11	nanU|nanU_326952_bv	69.6	553	153	3	1	545	47	592	2.9e-227	790.0
SRR10507655|k141_55522_10	nanU|nanU_422891_bv	99.4	489	3	0	14	502	21	509	1.9e-294	1013.1
SRR10507655|k141_80650_1	nanQ|nanQ_2434_uniprot	100.0	152	0	0	1	152	14	165	3.0e-89	329.7
SRR10507655|k141_29868_9	siaQ|siaQ_480775_bv	49.7	165	83	0	1	165	1	165	8.0e-35	149.1
SRR10507655|k141_29868_10	siaM|siaM_221896_bv	100.0	425	0	0	1	425	1	425	2.8e-225	783.1
SRR10507655|k141_80724_5	nanU|nanU_604401_bv	51.8	631	272	16	16	644	11	611	6.4e-173	609.8
SRR10507655|k141_29923_1	nanH|nanH_27595_bv	97.0	67	2	0	1	67	24	90	8.8e-33	141.0
SRR10507655|k141_80805_1	siaQ|siaQ_989_uniprot	97.7	173	4	0	1	173	1	173	8.2e-91	335.1
SRR10507655|k141_80810_1	nanQ|nanQ_415_uniprot	89.7	107	11	0	1	107	1	107	2.1e-52	206.8
SRR10507655|k141_80810_2	nanA|nanA_5008_bv	88.3	309	36	0	1	309	1	309	4.4e-156	552.7
SRR10507655|k141_80810_7	nagB|nagB_116420_bv	100.0	242	0	0	1	242	1	242	2.1e-137	490.3
SRR10507655|k141_4860_2	nanU|nanU_107501_bv	94.0	521	31	0	1	521	1	521	1.0e-293	1010.7
SRR10507655|k141_30285_1	SIAE|SIAE_75418_bv	99.5	201	1	0	3	203	1	201	7.7e-117	421.8
SRR10507655|k141_30287_2	siaQ|siaQ_538694_bv	99.5	199	1	0	1	199	1	199	7.9e-106	385.2
SRR10507655|k141_30287_3	siaM|siaM_254377_bv	100.0	429	0	0	1	429	1	429	1.0e-222	774.6
SRR10507655|k141_30289_4	siaQ|siaQ_476084_bv	88.4	215	15	2	1	215	1	205	1.2e-96	354.8
SRR10507655|k141_30289_5	siaM|siaM_244431_bv	100.0	169	0	0	1	169	1	169	1.4e-82	307.8
SRR10507655|k141_4875_37	nagA|nagA_37930_bv	100.0	375	0	0	1	375	1	375	2.4e-220	766.5
SRR10507655|k141_80992_6	nanU|nanU_253382_bv	99.4	522	3	0	1	522	2	523	3.0e-306	1052.4
SRR10507655|k141_80992_9	nagB|nagB_173245_bv	49.6	236	119	0	1	236	1	236	6.5e-62	239.6
SRR10507655|k141_4900_3	siaQ|siaQ_5195_bv	41.4	152	89	0	12	163	11	162	9.0e-26	119.0
SRR10507655|k141_81025_3	nanQ|nanQ_7667_uniprot	99.1	110	1	0	1	110	1	110	4.4e-58	225.7
SRR10507655|k141_56039_2	satB|MCD6321403.1	53.2	308	144	0	1	308	1	308	6.3e-89	329.7
SRR10507655|k141_56039_5	satD|WP_102240344.1	49.6	258	122	3	3	254	9	264	7.1e-64	246.5
SRR10507655|k141_4936_16	siaP|siaP_523080_bv	52.5	316	146	3	14	328	17	329	1.7e-89	331.6
SRR10507655|k141_4936_17	siaT|siaT_19174_uniprot	90.4	425	41	0	1	425	1	425	1.6e-204	714.1
SRR10507655|k141_4936_18	siaQ|siaQ_196187_bv	41.7	144	82	2	3	145	10	152	2.8e-21	104.0
SRR10507655|k141_4936_19	nanQ|nanQ_6221_uniprot	96.2	78	3	0	1	78	1	78	9.6e-39	161.0
SRR10507655|k141_56141_2	nanK|nanK_656_uniprot	78.9	294	62	0	97	390	8	301	2.9e-136	487.3
SRR10507655|k141_30450_1	satB|MFN4189717.1	40.5	333	165	3	1	333	4	303	5.5e-67	256.9
SRR10507655|k141_81186_2	nanU|nanU_1200_bv	43.3	614	276	17	21	598	23	600	7.1e-126	453.4
SRR10507655|k141_56167_91	nanU|nanU_449473_bv	98.6	501	7	0	1	501	4	504	2.9e-298	1025.8
SRR10507655|k141_56175_7	nanU|nanU_210717_bv	60.7	499	185	5	14	505	4	498	5.3e-175	616.3
SRR10507655|k141_81225_3	siaP|siaP_677789_bv	92.3	297	23	0	1	297	1	297	1.1e-152	541.6
SRR10507655|k141_81225_4	siaQ|siaQ_236052_bv	100.0	161	0	0	1	161	1	161	2.9e-82	306.6
SRR10507655|k141_81225_5	siaM|siaM_211907_bv	100.0	427	0	0	1	427	1	427	5.4e-229	795.4
SRR10507655|k141_56190_3	satB|WP_292596291.1	44.2	317	171	1	1	317	1	311	1.2e-63	245.7
SRR10507655|k141_30585_1	nanQ|nanQ_2944_uniprot	100.0	134	0	0	1	134	19	152	2.9e-75	283.1
SRR10507655|k141_30585_2	nanE|nanE_9802_bv	100.0	184	0	0	1	184	1	184	9.2e-101	368.2
SRR10507655|k141_5294_4	nanH|nanH_20964_bv	99.8	402	1	0	143	544	1	402	4.5e-228	792.7
SRR10507655|k141_30696_21	nagB|nagB_7115_bv	100.0	243	0	0	1	243	1	243	5.6e-138	492.3
SRR10507655|k141_81457_1	siaM|siaM_544355_bv	95.3	169	8	0	1	169	33	201	5.7e-81	302.4
SRR10507655|k141_56423_6	nanK|nanK_26250_bv	40.4	302	169	5	7	308	6	296	4.5e-58	227.3
SRR10507655|k141_30730_1	satD|WP_444613358.1	40.0	195	106	5	7	191	5	198	1.8e-30	134.8
SRR10507655|k141_56432_18	nanK|nanK_28066_bv	40.5	306	170	3	11	316	4	297	1.1e-56	222.6
SRR10507655|k141_30788_2	SIAE|SIAE_31754_bv	99.8	467	1	0	11	477	1	467	3.3e-283	975.7
SRR10507655|k141_30809_3	nanU|nanU_619410_bv	100.0	491	0	0	1	491	2	492	2.3e-287	989.6
SRR10507655|k141_5435_3	siaM|siaM_10144_bv	100.0	446	0	0	1	446	1	446	2.4e-235	816.6
SRR10507655|k141_30885_9	nanU|nanU_464377_bv	99.8	487	1	0	15	501	1	487	5.5e-289	995.0
SRR10507655|k141_5484_1	nanA|nanA_25883_bv	100.0	225	0	0	1	225	2	226	4.1e-127	456.1
SRR10507655|k141_56608_15	kpsM|kpsM_932_bv	100.0	258	0	0	1	258	1	258	9.5e-136	485.0
SRR10507655|k141_56608_16	kpsT|kpsT_10521_bv	48.3	238	122	1	6	242	2	239	1.6e-60	235.0
SRR10507655|k141_30969_12	nanU|nanU_280392_bv	65.9	531	175	3	1	530	1	526	4.5e-217	756.1
SRR10507655|k141_30971_2	satB|WP_263079827.1	63.0	308	114	0	4	311	1	308	7.8e-108	392.5
SRR10507655|k141_56648_101	satB|HYI23826.1	41.8	316	175	2	1	308	1	315	3.6e-60	234.2
SRR10507655|k141_56648_104	satD|WP_062009075.1	41.4	222	130	0	11	232	23	244	5.8e-43	176.8
SRR10507655|k141_5587_5	nanU|nanU_210717_bv	66.3	499	161	6	14	509	4	498	5.2e-186	652.9
SRR10507655|k141_5590_2	nanK|nanK_707_uniprot	56.6	350	149	1	51	397	3	352	3.6e-110	400.6
SRR10507655|k141_81745_20	nanK|nanK_17845_bv	40.0	275	158	6	33	304	3	273	3.4e-47	191.0
SRR10507655|k141_81745_78	nanU|nanU_700_bv	100.0	529	0	0	1	529	1	529	0.0e+00	1101.7
SRR10507655|k141_31084_2	nanU|nanU_401273_bv	56.2	587	232	10	16	599	3	567	1.0e-177	625.5
SRR10507655|k141_81928_4	nanU|nanU_622114_bv	44.1	517	256	14	4	517	8	494	1.1e-106	389.4
SRR10507655|k141_31366_1	nanH|nanH_41485_bv	99.7	372	1	0	1	372	73	444	2.4e-225	783.1
SRR10507655|k141_81972_1	nanA|nanA_47056_refseq	45.2	93	51	0	4	96	6	98	3.1e-18	93.2
SRR10507655|k141_81990_4	satB|WP_292596291.1	44.1	311	168	1	6	316	6	310	8.6e-62	239.6
SRR10507655|k141_5931_2	nagA|nagA_60140_bv	100.0	374	0	0	1	374	1	374	7.6e-219	761.5
SRR10507655|k141_5931_3	nagB|nagB_3047_bv	100.0	241	0	0	1	241	1	241	1.5e-135	484.2
SRR10507655|k141_6001_12	nanU|nanU_161837_bv	44.3	463	240	10	1	458	7	456	7.5e-91	336.7
SRR10507655|k141_31460_48	nanK|nanK_28066_bv	41.3	305	167	3	7	311	5	297	2.8e-57	224.6
SRR10507655|k141_82139_1	nanU|nanU_143700_bv	99.8	501	1	0	33	533	1	501	1.3e-301	1036.9
SRR10507655|k141_82299_1	siaP|siaP_448920_bv	71.5	382	108	1	13	394	5	385	1.3e-155	551.6
SRR10507655|k141_82315_3	neuA|neuA_25108_bv	56.1	244	86	1	2	224	3	246	4.0e-69	263.5
SRR10507655|k141_31557_2	nanU|nanU_295411_bv	100.0	487	0	0	1	487	1	487	1.0e-292	1007.3
SRR10507655|k141_31619_1	nanU|nanU_210329_bv	58.1	551	221	7	5	553	2	544	2.2e-182	641.0
SRR10507655|k141_31619_3	nanU|nanU_179674_bv	44.6	478	230	11	3	473	151	600	9.0e-108	392.9
SRR10507655|k141_6309_1	siaQ|siaQ_562869_bv	51.6	159	77	0	1	159	1	159	3.8e-42	173.3
SRR10507655|k141_6309_2	siaM|siaM_579851_bv	100.0	90	0	0	1	90	1	90	8.4e-42	171.4
SRR10507655|k141_57503_1	nanA|nanA_9921_bv	77.5	102	23	0	17	118	5	106	2.2e-42	173.7
SRR10507655|k141_82464_7	neuD|neuD_5497_refseq	100.0	219	0	0	1	219	1	219	4.2e-76	286.6
SRR10507655|k141_57527_2	nanR|nanR_3642_bv	40.1	222	122	5	1	218	3	217	1.3e-31	139.0
SRR10507655|k141_31678_1	siaP|siaP_418419_bv	68.2	170	54	0	1	170	41	210	2.6e-65	250.4
SRR10507655|k141_82620_3	nanU|nanU_114568_bv	49.6	613	298	7	10	615	30	638	8.8e-172	605.9
SRR10507655|k141_82687_1	ompF|ompF_402_bv	100.0	287	0	0	1	287	74	360	1.4e-156	554.3
SRR10507655|k141_82738_2	siaM|siaM_5181_bv	100.0	432	0	0	1	432	1	432	3.6e-228	792.7
SRR10507655|k141_31886_3	siaQ|siaQ_171411_bv	100.0	165	0	0	1	165	8	172	8.9e-87	321.6
SRR10507655|k141_58102_2	nagA|nagA_731_bv	100.0	348	0	0	1	348	37	384	1.1e-200	701.0
SRR10507655|k141_58106_1	nanU|nanU_9384_bv	100.0	344	0	0	1	344	44	387	4.1e-203	709.1
SRR10507655|k141_6592_26	ompF|ompF_307_bv	73.0	392	85	6	1	377	1	386	1.4e-159	564.7
SRR10507655|k141_6592_84	satD|WP_129315695.1	41.3	252	145	2	3	251	10	261	6.6e-47	189.9
SRR10507655|k141_6592_130	satD|WP_069102428.1	44.4	266	143	3	4	269	9	269	1.4e-59	232.3
SRR10507655|k141_31969_56	nanU|nanU_317574_bv	100.0	511	0	0	1	511	6	516	1.1e-308	1060.4
SRR10507655|k141_31969_64	nanU|nanU_497957_bv	75.9	486	116	1	11	496	2	486	1.1e-220	768.1
SRR10507655|k141_32007_2	neuC|neuC_3857_refseq	100.0	372	0	0	1	372	6	377	1.0e-215	751.1
SRR10507655|k141_32007_4	neuB|neuB_5824_bv	100.0	332	0	0	1	332	1	332	2.3e-187	656.8
SRR10507655|k141_32016_2	neuC|neuC_8282_bv	100.0	377	0	0	1	377	1	377	2.0e-219	763.5
SRR10507655|k141_32016_5	neuB|neuB_775_bv	100.0	334	0	0	1	334	1	334	1.0e-190	667.9
SRR10507655|k141_6632_2	kpsM|kpsM_209_bv	54.2	262	117	2	11	270	17	277	1.2e-77	292.0
SRR10507655|k141_32044_2	ompF|ompF_4074_bv	64.1	309	99	5	1	298	1	308	1.5e-108	394.8
SRR10507655|k141_6677_2	nanU|nanU_463257_bv	58.4	616	230	11	1	608	1	598	4.0e-201	703.4
SRR10507655|k141_58229_30	kpsM|kpsM_200_bv	70.2	265	74	1	4	263	3	267	1.2e-96	355.1
SRR10507655|k141_58229_31	kpsT|kpsT_10521_bv	49.8	245	111	3	4	244	2	238	4.7e-63	243.4
SRR10507655|k141_58305_1	siaP|siaP_421683_bv	99.3	289	2	0	1	289	59	347	3.7e-136	486.5
SRR10507655|k141_58305_2	siaQ|siaQ_436287_bv	98.2	165	3	0	1	165	1	165	3.4e-86	319.7
SRR10507655|k141_58305_3	siaM|siaM_15089_bv	100.0	427	0	0	1	427	1	427	1.6e-225	783.9
SRR10507655|k141_32231_8	nanU|nanU_525511_bv	52.8	561	233	10	6	555	19	558	7.2e-165	582.8
SRR10507655|k141_58338_1	kpsT|kpsT_14725_bv	51.7	149	72	0	1	149	49	197	4.3e-40	166.4
SRR10507655|k141_6920_3	neuD|neuD_1978_uniprot	56.4	218	94	1	3	219	2	219	2.7e-67	257.3
SRR10507655|k141_6963_5	satD|WP_283490273.1	47.3	262	124	5	5	257	27	283	4.2e-53	210.7
SRR10507655|k141_58448_33	nanK|nanK_28066_bv	41.4	304	167	4	6	309	5	297	1.3e-51	205.7
SRR10507655|k141_6987_2	nagB|nagB_112197_bv	98.4	185	3	0	1	185	1	185	2.3e-107	390.2
SRR10507655|k141_83467_2	siaP|siaP_387218_bv	96.1	279	11	0	71	349	2	280	2.8e-151	537.0
SRR10507655|k141_83467_3	siaQ|siaQ_555646_bv	92.4	157	12	0	1	157	1	157	2.8e-74	280.0
SRR10507655|k141_83467_4	siaM|siaM_155804_bv	100.0	398	0	0	37	434	37	434	1.8e-208	727.2
SRR10507655|k141_7143_1	satD|WP_430633134.1	46.3	216	116	0	10	225	13	228	1.4e-50	201.8
SRR10507655|k141_58813_7	nanQ|nanQ_648_uniprot	99.3	148	1	0	1	148	1	148	5.6e-80	298.9
SRR10507655|k141_32609_3	nanU|nanU_69323_bv	40.8	579	310	13	8	577	2	556	1.1e-107	392.9
SRR10507655|k141_32617_5	nanU|nanU_2346_bv	100.0	540	0	0	1	540	1	540	0.0e+00	1100.9
SRR10507655|k141_32631_4	nanU|nanU_18478_bv	96.5	541	19	0	1	541	1	541	2.1e-310	1066.2
SRR10507655|k141_58881_1	nanU|nanU_322285_bv	61.6	477	167	6	16	481	3	474	2.1e-165	584.3
SRR10507655|k141_83678_1	siaP|siaP_204721_bv	92.0	87	7	0	4	90	34	120	2.4e-41	169.9
SRR10507655|k141_7281_37	neuD|neuD_1100_uniprot	100.0	198	0	0	1	198	1	198	7.7e-69	262.3
SRR10507655|k141_7281_47	kpsD|kpsD_12100_bv	52.0	836	366	4	1	806	2	832	5.2e-249	862.8
SRR10507655|k141_7294_2	siaM|siaM_121420_bv	100.0	428	0	0	1	428	3	430	9.9e-231	801.2
SRR10507655|k141_7294_3	siaQ|siaQ_70617_bv	100.0	151	0	0	1	151	10	160	2.8e-79	296.6
SRR10507655|k141_83700_99	satD|WP_303358652.1	40.6	229	122	7	38	257	31	254	4.5e-32	140.6
SRR10507655|k141_32856_4	SIAE|SIAE_2891_refseq	100.0	752	0	0	1	752	1	752	0.0e+00	1538.5
SRR10507655|k141_7363_4	siaM|siaM_169435_bv	99.8	429	1	0	1	429	1	429	1.5e-223	777.3
SRR10507655|k141_7363_5	siaQ|siaQ_480775_bv	43.7	158	88	1	4	161	1	157	4.8e-25	116.7
SRR10507655|k141_32884_3	nanU|nanU_288776_bv	41.3	564	311	10	3	561	4	552	3.1e-115	417.9
SRR10507655|k141_32901_6	nanU|nanU_349474_bv	99.2	528	4	0	8	535	1	528	0.0e+00	1075.1
SRR10507655|k141_59022_39	nagA|nagA_11840_bv	99.7	376	1	0	1	376	1	376	2.6e-219	763.1
SRR10507655|k141_59022_40	nagB|nagB_1196_bv	100.0	243	0	0	1	243	1	243	2.1e-137	490.3
SRR10507655|k141_83912_3	satD|MDU7946413.1	42.2	232	133	1	18	248	32	263	1.5e-45	185.3
SRR10507655|k141_84021_3	satD|WP_129626403.1	41.6	209	111	7	20	220	39	244	9.7e-28	125.9
SRR10507655|k141_33071_2	satD|WP_400294658.1	40.1	212	119	5	17	221	29	239	7.1e-31	136.3
SRR10507655|k141_33073_2	satD|WP_400294658.1	40.1	212	119	4	17	221	29	239	1.6e-30	135.2
SRR10507655|k141_59215_23	satD|WP_069102428.1	48.1	241	120	2	27	267	34	269	1.4e-59	232.3
SRR10507655|k141_59215_26	satB|OPL08187.1	40.1	312	176	3	1	301	1	312	2.1e-49	198.4
SRR10507655|k141_7575_19	nanU|nanU_656288_bv	74.6	564	135	5	1	562	1	558	3.9e-251	869.4
SRR10507655|k141_7590_1	kpsM|kpsM_209_bv	52.0	275	120	3	99	363	5	277	4.8e-77	290.4
SRR10507655|k141_7590_2	kpsT|kpsT_13997_bv	54.7	192	87	0	2	193	4	195	9.5e-56	218.8
SRR10507655|k141_33136_1	siaM|siaM_404623_bv	98.7	374	5	0	1	374	1	374	4.8e-173	609.4
SRR10507655|k141_33183_6	siaM|siaM_37309_bv	100.0	433	0	0	1	433	1	433	9.1e-224	778.1
SRR10507655|k141_33183_7	siaQ|siaQ_7646_bv	100.0	144	0	0	1	144	24	167	5.1e-70	265.8
SRR10507655|k141_33200_1	satD|WP_128890458.1	40.6	219	124	5	15	228	37	254	6.7e-35	149.8
SRR10507655|k141_84117_1	nanK|nanK_13641_bv	98.8	240	3	0	54	293	1	240	1.9e-132	474.2
SRR10507655|k141_59363_4	siaQ|siaQ_74655_bv	97.6	206	5	0	1	206	1	206	6.5e-111	402.1
SRR10507655|k141_59363_5	siaM|siaM_21317_bv	99.8	429	1	0	1	429	1	429	1.3e-217	757.7
SRR10507655|k141_33327_1	nagB|nagB_23277_bv	100.0	261	0	0	7	267	1	261	9.8e-152	538.1
SRR10507655|k141_33339_2	nanQ|nanQ_1563_uniprot	100.0	148	0	0	1	148	1	148	7.3e-80	298.5
SRR10507655|k141_59379_37	nanQ|nanQ_3384_uniprot	100.0	148	0	0	1	148	6	153	4.9e-84	312.4
SRR10507655|k141_33383_1	nagB|nagB_191421_bv	100.0	258	0	0	1	258	2	259	5.7e-149	528.9
SRR10507655|k141_7866_3	siaQ|siaQ_480775_bv	52.9	138	65	0	4	141	1	138	6.5e-29	129.4
SRR10507655|k141_7866_4	siaM|siaM_42927_bv	100.0	424	0	0	1	424	1	424	3.7e-222	772.7
SRR10507655|k141_7929_3	satD|WP_066299715.1	47.9	257	131	2	6	261	11	265	2.5e-64	248.1
SRR10507655|k141_33559_1	ompF|ompF_55849_refseq	98.5	197	2	1	1	197	1	196	7.1e-107	388.7
SRR10507655|k141_7945_2	nagB|nagB_4527_bv	99.4	166	1	0	1	166	34	199	4.6e-91	335.9
SRR10507655|k141_59595_1	neuB|neuB_44906_bv	61.1	131	51	0	1	131	6	136	1.1e-42	174.9
SRR10507655|k141_33561_7	nanU|nanU_256107_bv	40.8	576	296	19	6	564	1	548	5.2e-102	374.0
SRR10507655|k141_33561_30	nanU|nanU_230315_bv	100.0	510	0	0	4	513	18	527	8.3e-309	1060.8
SRR10507655|k141_33603_1	siaP|siaP_412759_bv	76.7	103	24	0	16	118	1	103	1.1e-36	154.8
SRR10507655|k141_33604_1	siaP|siaP_412759_bv	75.2	101	25	0	1	101	3	103	6.7e-35	148.7
SRR10507655|k141_33626_1	nanK|nanK_28066_bv	41.5	306	166	4	1	306	5	297	1.4e-56	222.2
SRR10507655|k141_33626_3	satD|WP_303773079.1	48.1	262	135	1	1	262	1	261	3.3e-61	237.7
SRR10507655|k141_59639_2	satD|WP_443424392.1	40.0	210	121	3	17	221	38	247	5.1e-29	130.2
SRR10507655|k141_8062_4	satD|WP_003792262.1	40.2	214	115	7	21	225	30	239	5.7e-29	130.2
SRR10507655|k141_84511_1	nanK|nanK_28066_bv	47.4	308	148	4	6	313	4	297	6.7e-67	256.5
SRR10507655|k141_84530_1	nagA|nagA_1824_bv	100.0	319	0	0	1	319	71	389	1.5e-183	644.0
SRR10507655|k141_84585_5	nanU|nanU_371050_bv	49.3	582	281	6	26	607	19	586	5.5e-166	586.6
SRR10507655|k141_8245_3	satD|WP_058234849.1	42.3	215	112	7	21	227	39	249	1.8e-30	135.2
SRR10507655|k141_59850_9	SIAE|SIAE_28814_refseq	100.0	302	0	0	13	314	1	302	4.6e-177	622.5
SRR10507655|k141_59850_11	nanU|nanU_389111_bv	90.2	428	41	1	94	521	1	427	7.1e-223	775.4
SRR10507655|k141_33752_77	nanE|nanE_1216_bv	100.0	232	0	0	1	232	1	232	6.6e-128	458.8
SRR10507655|k141_33752_83	nanK|nanK_297_bv	51.8	309	138	2	8	316	3	300	2.7e-84	314.3
SRR10507655|k141_33752_84	nagB|nagB_32661_bv	100.0	239	0	0	1	239	1	239	3.1e-133	476.5
SRR10507655|k141_84659_1	nanR|nanR_1299_uniprot	40.0	165	99	0	2	166	62	226	1.1e-23	112.1
SRR10507655|k141_8301_3	nanU|nanU_151621_bv	74.1	544	137	2	3	544	2	543	8.5e-243	841.6
SRR10507655|k141_84707_1	nagA|nagA_6063_bv	100.0	327	0	0	1	327	64	390	8.5e-190	664.8
SRR10507655|k141_33860_2	neuA|neuA_24072_uniprot	57.6	210	89	0	1	210	1	210	1.7e-66	254.6
SRR10507655|k141_8399_1	nanK|nanK_297_bv	53.2	269	124	2	6	273	3	270	3.4e-67	257.3
SRR10507655|k141_8399_2	nanE|nanE_37956_bv	99.4	161	1	0	1	161	20	180	2.7e-88	326.6
SRR10507655|k141_84743_4	siaQ|siaQ_811_uniprot	96.6	145	5	0	20	164	1	145	3.9e-74	279.6
SRR10507655|k141_84743_5	siaM|siaM_168215_bv	100.0	426	0	0	1	426	1	426	4.9e-222	772.3
SRR10507655|k141_84751_1	nanK|nanK_503_bv	54.7	161	73	0	1	161	1	161	1.3e-48	194.9
SRR10507655|k141_8432_2	siaQ|siaQ_307736_bv	100.0	116	0	0	1	116	48	163	1.6e-58	227.3
SRR10507655|k141_8447_2	nanU|nanU_404061_bv	44.8	451	238	3	7	455	6	447	7.5e-107	389.8
SRR10507655|k141_33878_2	nagA|nagA_35434_bv	100.0	374	0	0	1	374	30	403	1.1e-217	757.7
SRR10507655|k141_8484_1	nanQ|nanQ_3127_uniprot	100.0	107	0	0	1	107	1	107	3.6e-57	222.6
SRR10507655|k141_84965_5	satD|WP_011690056.1	48.6	255	126	1	7	256	9	263	2.6e-61	238.0
SRR10507655|k141_33909_21	nanK|nanK_7216_bv	40.0	320	177	6	8	325	4	310	9.5e-56	219.5
SRR10507655|k141_33909_40	nanU|nanU_236219_bv	99.8	506	1	0	1	506	26	531	5.3e-300	1031.6
SRR10507655|k141_33909_42	nagB|nagB_153266_bv	100.0	270	0	0	1	270	4	273	5.1e-156	552.4
SRR10507655|k141_33927_6	nanU|nanU_656288_bv	55.2	556	238	5	3	549	5	558	8.7e-171	602.4
SRR10507655|k141_60297_31	nanU|nanU_628889_bv	99.8	527	1	0	13	539	1	527	9.5e-313	1073.9
SRR10507655|k141_85052_1	siaM|siaM_385679_bv	99.8	422	1	0	1	422	1	422	1.7e-214	747.3
SRR10507655|k141_85052_2	siaQ|siaQ_246748_bv	100.0	167	0	0	1	167	1	167	1.3e-82	307.8
SRR10507655|k141_85052_3	siaP|siaP_99094_bv	90.7	247	23	0	95	341	1	247	2.0e-125	451.1
SRR10507655|k141_33966_1	siaM|siaM_542759_bv	100.0	155	0	0	1	155	1	155	2.1e-74	280.4
SRR10507655|k141_33966_3	siaP|siaP_364155_bv	49.3	302	151	1	50	351	24	323	3.3e-78	294.3
SRR10507655|k141_8797_4	kpsD|kpsD_1302_bv	55.4	590	259	2	5	594	212	797	2.8e-191	670.6
SRR10507655|k141_8895_2	nanU|nanU_586567_bv	42.4	542	269	16	4	523	6	526	5.3e-109	397.1
SRR10507655|k141_8904_6	nanU|nanU_258096_bv	61.7	517	188	2	1	511	1	513	2.0e-185	651.0
SRR10507655|k141_34301_1	ompC|ompC_3767_bv	96.4	166	6	0	1	166	60	225	2.1e-88	327.0
SRR10507655|k141_85408_13	nanU|nanU_32500_bv	81.5	519	94	2	9	526	1	518	3.1e-250	866.3
SRR10507655|k141_85505_14	nanK|nanK_28066_bv	41.1	302	166	3	8	309	5	294	3.3e-58	227.6
SRR10507655|k141_85522_31	nagA|nagA_13707_bv	99.7	388	1	0	1	388	1	388	1.2e-222	774.2
SRR10507655|k141_9234_2	nanU|nanU_40406_bv	100.0	528	0	0	1	528	1	528	7.3e-300	1031.2
SRR10507655|k141_9245_2	nanK|nanK_28066_bv	46.3	307	152	4	58	364	4	297	1.1e-63	246.1
SRR10507655|k141_60782_36	nanK|nanK_550_uniprot	100.0	313	0	0	1	313	1	313	2.4e-181	636.7
SRR10507655|k141_60782_37	nagB|nagB_3271_bv	83.7	233	38	0	1	233	1	233	6.7e-115	415.6
SRR10507655|k141_34484_46	nanK|nanK_707_uniprot	55.3	349	154	1	51	397	3	351	7.6e-108	392.9
SRR10507655|k141_60847_2	nanU|nanU_154313_bv	45.7	492	253	11	10	491	10	497	6.9e-119	429.9
SRR10507655|k141_9277_60	nanU|nanU_572409_bv	43.5	462	248	6	69	526	134	586	2.6e-100	368.2
SRR10507655|k141_60864_2	siaM|siaM_182901_bv	95.7	257	11	0	1	257	1	257	2.3e-126	453.8
SRR10507655|k141_34557_2	nanU|nanU_24278_bv	44.6	518	252	16	1	504	1	497	5.8e-113	410.2
SRR10507655|k141_9337_1	satD|WP_299048949.1	50.4	236	112	3	25	259	36	267	1.2e-55	219.2
SRR10507655|k141_60886_1	satB|MCL2228095.1	46.7	255	136	0	1	255	50	304	3.3e-59	230.7
SRR10507655|k141_9363_2	nagA|nagA_29101_bv	45.8	391	209	3	1	389	1	390	2.0e-92	341.7
SRR10507655|k141_34639_2	kpsT|kpsT_10521_bv	49.6	240	119	2	6	244	1	239	1.8e-62	241.5
SRR10507655|k141_85923_4	nanU|nanU_235265_bv	44.8	464	235	6	1	448	1	459	7.0e-102	373.2
SRR10507655|k141_60997_1	nanK|nanK_28066_bv	43.3	305	161	3	7	311	5	297	2.1e-57	224.9
SRR10507655|k141_61000_1	nanE|nanE_1394_bv	98.5	196	3	0	1	196	34	229	2.8e-103	376.7
SRR10507655|k141_61000_2	nanK|nanK_1318_bv	99.1	230	2	0	1	230	1	230	2.2e-115	417.2
SRR10507655|k141_9478_4	nanU|nanU_68107_bv	99.8	534	1	0	5	538	18	551	0.0e+00	1099.0
SRR10507655|k141_9478_53	nanU|nanU_536296_bv	98.9	529	6	0	1	529	1	529	0.0e+00	1098.2
SRR10507655|k141_9478_61	nagB|nagB_74529_bv	99.6	263	1	0	1	263	1	263	1.3e-151	537.7
SRR10507655|k141_9478_74	nagA|nagA_61378_bv	100.0	387	0	0	1	387	57	443	1.5e-225	783.9
SRR10507655|k141_9478_78	nanM|nanM_3259_bv	42.1	363	194	6	44	406	6	352	3.4e-71	271.2
SRR10507655|k141_9478_81	SIAE|SIAE_890_bv	100.0	687	0	0	1	687	1	687	0.0e+00	1438.7
SRR10507655|k141_9478_85	nanU|nanU_574902_bv	99.8	500	1	0	1	500	2	501	5.8e-299	1028.1
SRR10507655|k141_86046_1	siaP|siaP_138724_bv	71.5	137	38	1	3	138	20	156	7.3e-50	198.7
SRR10507655|k141_61100_30	ompF|ompF_489_bv	100.0	352	0	0	1	352	1	352	3.5e-205	716.1
SRR10507655|k141_9556_2	siaQ|siaQ_936_uniprot	99.4	171	1	0	1	171	1	171	3.3e-92	339.7
SRR10507655|k141_34786_1	nanU|nanU_513643_bv	99.6	534	2	0	1	534	3	536	0.0e+00	1099.3
SRR10507655|k141_9608_3	nanU|nanU_590222_bv	53.2	570	234	9	1	545	1	562	3.3e-162	573.9
SRR10507655|k141_86150_1	nagB|nagB_96686_bv	100.0	204	0	0	1	204	40	243	3.5e-117	422.9
SRR10507655|k141_61294_1	siaM|siaM_246436_bv	99.4	157	1	0	1	157	1	157	7.0e-73	275.4
SRR10507655|k141_9721_29	satD|MFC2360929.1	48.3	236	119	2	27	262	42	274	6.2e-57	223.4
SRR10507655|k141_9760_11	nanU|nanU_226964_bv	55.1	555	231	8	1	547	1	545	2.7e-164	580.9
SRR10507655|k141_61343_8	siaQ|siaQ_34841_bv	100.0	205	0	0	1	205	1	205	3.0e-108	393.3
SRR10507655|k141_61343_9	siaM|siaM_391923_bv	99.5	429	2	0	1	429	1	429	1.2e-220	767.7
SRR10507655|k141_86207_87	satD|WP_227924124.1	48.7	261	128	2	5	265	12	266	9.3e-67	256.1
SRR10507655|k141_86207_88	satB|HMA59673.1	42.0	314	179	2	1	313	1	312	4.2e-61	237.3
SRR10507655|k141_9828_1	nagB|nagB_6254_bv	100.0	270	0	0	1	270	1	270	1.7e-156	553.9
SRR10507655|k141_86300_2	nanQ|nanQ_2943_uniprot	99.4	159	1	0	1	159	1	159	2.6e-83	310.1
SRR10507655|k141_86323_10	nanU|nanU_259305_bv	51.8	544	248	8	18	557	10	543	4.4e-154	547.0
SRR10507655|k141_61445_33	nanU|nanU_124174_bv	76.0	526	123	3	1	523	2	527	8.4e-240	831.6
SRR10507655|k141_9968_1	siaP|siaP_674952_bv	70.3	276	64	1	10	285	1	258	1.7e-109	397.9
SRR10507655|k141_86422_2	satD|WP_345043431.1	40.2	209	124	1	23	230	42	250	1.7e-35	151.8
SRR10507655|k141_61497_5	nanU|nanU_481889_bv	100.0	548	0	0	1	548	2	549	0.0e+00	1110.1
SRR10507655|k141_61497_50	nanE|nanE_1553_bv	100.0	246	0	0	1	246	1	246	6.9e-144	511.9
SRR10507655|k141_61497_51	nanK|nanK_22396_bv	44.3	314	175	0	6	319	3	316	4.4e-74	280.4
SRR10507655|k141_86520_15	siaM|siaM_40589_bv	100.0	426	0	0	1	426	1	426	1.1e-226	787.7
SRR10507655|k141_61572_1	kpsT|kpsT_9277_bv	43.3	231	131	0	1	231	1	231	1.9e-51	204.9
SRR10507655|k141_10128_3	nanU|nanU_273398_bv	99.8	543	1	0	1	543	1	543	0.0e+00	1125.5
SRR10507655|k141_10152_1	nanQ|nanQ_635_uniprot	99.1	117	1	0	1	117	1	117	1.8e-62	240.4
SRR10507655|k141_61660_2	satD|WP_290245837.1	48.8	256	130	1	5	260	13	267	8.0e-66	253.1
SRR10507655|k141_61730_1	satD|WP_400927634.1	40.1	197	114	2	5	197	12	208	1.4e-33	145.2
SRR10507655|k141_35071_2	nanM|nanM_442_uniprot	99.1	340	3	0	18	357	1	340	2.4e-206	719.9
SRR10507655|k141_86728_17	satD|WP_373777344.1	40.0	240	128	8	11	244	32	261	3.3e-32	141.0
SRR10507655|k141_10310_4	nanU|nanU_3469_bv	100.0	515	0	0	1	515	1	515	3.8e-309	1062.0
SRR10507655|k141_35118_1	siaP|siaP_377459_bv	80.7	212	40	1	26	237	1	211	4.8e-94	346.3
SRR10507655|k141_86882_1	kpsM|kpsM_163_bv	68.8	256	80	0	1	256	1	256	3.8e-92	340.1
SRR10507655|k141_35237_1	satD|WP_284875207.1	40.4	208	110	5	23	221	32	234	1.7e-29	131.7
SRR10507655|k141_61989_24	satD|WP_271417843.1	47.0	236	120	2	27	262	39	269	3.3e-56	221.1
SRR10507655|k141_61989_27	satB|OPL08187.1	40.9	313	174	4	1	303	1	312	4.4e-55	217.2
SRR10507655|k141_10530_25	satD|WP_255793737.1	44.4	268	142	2	9	276	9	269	6.8e-57	223.4
SRR10507655|k141_10530_29	satB|MEM7021896.1	41.6	320	178	5	1	318	1	313	7.0e-59	229.9
SRR10507655|k141_86984_2	nanE|nanE_23510_bv	98.5	202	3	0	1	202	1	202	9.1e-110	398.3
SRR10507655|k141_86985_3	nanK|nanK_297_bv	46.4	306	159	3	5	309	3	304	4.0e-72	273.9
SRR10507655|k141_86990_5	nanU|nanU_96286_bv	41.1	545	291	13	2	522	3	541	4.6e-113	410.6
SRR10507655|k141_86990_46	nanU|nanU_619586_bv	57.4	498	205	5	10	505	1	493	2.2e-160	567.8
SRR10507655|k141_87044_2	siaQ|siaQ_298229_bv	48.4	153	79	0	5	157	7	159	1.2e-30	135.2
SRR10507655|k141_35388_45	nanU|nanU_124334_bv	56.7	550	223	7	23	562	9	553	2.0e-175	617.8
SRR10507655|k141_35389_13	kpsT|kpsT_10521_bv	45.5	244	132	1	4	246	2	245	8.1e-60	232.6
SRR10507655|k141_35389_14	kpsM|kpsM_245_uniprot	44.8	259	135	3	5	263	21	271	1.8e-49	198.4
SRR10507655|k141_62337_3	nanU|nanU_572409_bv	48.8	502	246	3	29	527	98	591	1.5e-135	485.3
SRR10507655|k141_62337_9	nanU|nanU_311719_bv	57.6	493	202	2	1	492	1	487	1.3e-162	575.1
SRR10507655|k141_35418_1	nanA|nanA_10432_bv	97.7	175	4	0	1	175	3	177	2.1e-94	347.1
SRR10507655|k141_62389_1	satD|WP_443424392.1	40.0	210	121	3	16	220	38	247	2.3e-29	131.3
SRR10507655|k141_35589_1	nagA|nagA_32900_bv	100.0	380	0	0	1	380	1	380	2.0e-219	763.5
SRR10507655|k141_62664_2	nanU|nanU_69323_bv	42.0	578	302	16	6	572	2	557	5.6e-104	380.6
SRR10507655|k141_62742_2	nanK|nanK_28066_bv	43.3	305	158	6	7	311	5	294	2.7e-52	208.0
SRR10507655|k141_11277_1	neuB|neuB_34762_bv	100.0	43	0	0	1	43	14	56	1.2e-17	90.1
SRR10507655|k141_11277_2	neuA|neuA_26556_bv	100.0	231	0	0	1	231	1	231	3.1e-130	466.5
SRR10507655|k141_87272_24	nagA|nagA_2756_bv	100.0	387	0	0	1	387	1	387	9.6e-225	781.2
SRR10507655|k141_35845_2	siaM|siaM_10590_bv	100.0	358	0	0	1	358	71	428	3.2e-190	666.4
SRR10507655|k141_35871_2	nagA|nagA_8294_bv	100.0	388	0	0	1	388	1	388	1.3e-226	787.3
SRR10507655|k141_11395_1	siaP|siaP_494234_bv	96.6	118	4	0	1	118	9	126	8.4e-63	241.5
SRR10507655|k141_87310_1	nanU|nanU_140902_bv	99.8	480	1	0	1	480	1	480	1.5e-288	993.4
SRR10507655|k141_35939_22	nanK|nanK_26250_bv	40.4	302	169	5	7	308	6	296	4.5e-58	227.3
SRR10507655|k141_11487_2	nanE|nanE_4589_uniprot	100.0	231	0	0	1	231	7	237	3.2e-127	456.4
SRR10507655|k141_11487_3	nanK|nanK_13641_bv	96.2	240	9	0	54	293	1	240	1.7e-128	461.1
SRR10507655|k141_35956_1	SIAE|SIAE_105244_bv	96.9	195	6	0	1	195	1	195	2.2e-108	393.7
SRR10507655|k141_11535_4	siaQ|siaQ_322007_bv	44.6	184	102	0	1	184	1	184	7.3e-35	149.4
SRR10507655|k141_11535_5	siaM|siaM_92467_bv	100.0	427	0	0	1	427	1	427	3.1e-224	779.6
SRR10507655|k141_35978_1	siaQ|siaQ_209780_bv	82.3	158	28	0	1	158	1	158	9.9e-67	255.0
SRR10507655|k141_35978_2	siaP|siaP_387218_bv	75.6	279	68	0	48	326	2	280	9.3e-120	432.2
SRR10507655|k141_35978_3	nanQ|nanQ_2720_uniprot	100.0	154	0	0	1	154	1	154	3.0e-84	313.2
SRR10507655|k141_87380_3	nanU|nanU_311719_bv	55.9	494	208	3	1	491	1	487	2.4e-156	554.3
SRR10507655|k141_63055_4	nanU|nanU_517875_bv	50.4	550	257	8	3	542	11	554	5.4e-149	530.0
SRR10507655|k141_11646_2	kpsT|kpsT_10521_bv	52.9	210	98	1	1	209	30	239	1.4e-60	235.0
SRR10507655|k141_63075_34	nanQ|nanQ_4124_uniprot	87.9	149	18	0	1	149	1	149	1.6e-74	280.8
SRR10507655|k141_63075_68	SIAE|SIAE_25379_refseq	100.0	326	0	0	1	326	1	326	3.7e-201	702.6
SRR10507655|k141_63075_69	nanM|nanM_439_bv	100.0	368	0	0	1	368	1	368	3.5e-216	752.7
SRR10507655|k141_63075_70	nanC|nanC_52_bv	100.0	238	0	0	1	238	1	238	2.2e-142	506.9
SRR10507655|k141_87474_56	nagB|nagB_66044_bv	100.0	241	0	0	1	241	1	241	6.8e-136	485.3
SRR10507655|k141_87474_57	nagA|nagA_25687_bv	100.0	380	0	0	1	380	1	380	2.0e-219	763.5
SRR10507655|k141_36065_1	kpsT|kpsT_9055_bv	44.4	241	123	2	6	246	2	231	3.9e-52	207.2
SRR10507655|k141_87522_1	satB|MBI5878579.1	40.8	282	159	2	1	274	1	282	1.1e-52	209.1
SRR10507655|k141_87556_2	siaQ|siaQ_161701_bv	91.8	134	11	0	1	134	1	134	2.2e-59	230.3
SRR10507655|k141_87663_7	satD|WP_251840777.1	43.0	263	143	4	3	260	2	262	4.4e-55	217.2
SRR10507655|k141_36159_1	siaP|siaP_674952_bv	70.2	339	82	1	10	348	1	320	1.8e-134	481.1
SRR10507655|k141_63311_2	nanQ|nanQ_3372_uniprot	99.3	136	1	0	1	136	1	136	1.2e-73	277.7
SRR10507655|k141_11991_1	siaM|siaM_470108_bv	98.5	202	3	0	1	202	1	202	1.2e-101	371.3
SRR10507655|k141_11991_2	siaQ|siaQ_75042_bv	100.0	164	0	0	1	164	1	164	4.9e-85	315.8
SRR10507655|k141_63357_7	nanU|nanU_623982_bv	70.1	556	165	1	9	564	2	556	2.2e-241	837.0
SRR10507655|k141_12015_10	nanU|nanU_484026_bv	44.5	512	259	13	12	516	8	501	7.0e-117	423.3
SRR10507655|k141_12015_89	nanU|nanU_79795_bv	60.7	535	203	5	2	535	3	531	6.2e-182	639.4
SRR10507655|k141_12034_18	nanU|nanU_39039_bv	100.0	567	0	0	1	567	1	567	0.0e+00	1183.3
SRR10507655|k141_12089_1	nanU|nanU_500862_bv	41.0	522	284	13	16	523	18	529	1.4e-96	355.9
SRR10507655|k141_63601_2	nanH|nanH_20964_bv	89.5	399	42	0	143	541	1	399	6.9e-213	742.3
SRR10507655|k141_88016_1	satD|WP_345043431.1	44.1	229	125	2	22	248	43	270	8.6e-49	196.1
SRR10507655|k141_88090_4	nanQ|nanQ_1025_uniprot	100.0	159	0	0	1	159	1	159	2.8e-90	333.2
SRR10507655|k141_12304_1	nanK|nanK_32045_bv	74.3	237	58	1	1	237	1	234	7.2e-100	365.9
SRR10507655|k141_36714_2	nagA|nagA_77969_bv	53.9	284	129	1	1	282	83	366	5.5e-79	296.6
SRR10507655|k141_63827_1	siaP|siaP_637912_bv	100.0	89	0	0	19	107	4	92	2.2e-41	170.2
SRR10507655|k141_12345_2	siaP|siaP_364512_bv	69.7	340	102	1	1	339	1	340	6.2e-135	482.6
SRR10507655|k141_12345_3	siaQ|siaQ_411681_bv	60.5	152	60	0	1	152	11	162	5.5e-46	186.0
SRR10507655|k141_12345_4	siaT|siaT_75324_uniprot	92.6	435	32	0	1	435	1	435	2.7e-207	723.4
SRR10507655|k141_12382_3	nanU|nanU_628049_bv	62.1	512	188	3	1	510	1	508	3.3e-188	660.2
SRR10507655|k141_88354_1	satD|WP_204878079.1	45.7	199	92	1	1	183	69	267	7.7e-42	172.6
SRR10507655|k141_64032_2	neuA|neuA_15712_uniprot	100.0	222	0	0	1	222	2	223	8.2e-128	458.4
SRR10507655|k141_36934_5	siaP|siaP_503766_bv	79.0	262	50	2	6	262	1	262	6.2e-111	402.9
SRR10507655|k141_36934_7	siaQ|siaQ_989_uniprot	96.5	172	6	0	1	172	1	172	1.3e-88	327.8
SRR10507655|k141_12550_2	satD|WP_320926183.1	45.9	259	136	2	9	264	14	271	1.8e-59	231.9
SRR10507655|k141_36956_38	nanU|nanU_619410_bv	98.2	491	9	0	1	491	2	492	1.3e-282	973.8
SRR10507655|k141_64115_28	nanU|nanU_139829_bv	99.4	522	3	0	7	528	8	529	2.1e-307	1056.2
SRR10507655|k141_64193_2	siaM|siaM_201532_bv	100.0	433	0	0	1	433	1	433	7.9e-236	818.1
SRR10507655|k141_37099_6	SIAE|SIAE_45345_bv	48.4	548	107	1	92	639	1	372	2.9e-141	504.6
SRR10507655|k141_88765_3	kpsT|kpsT_10521_bv	46.9	245	125	2	7	246	2	246	2.6e-58	227.6
SRR10507655|k141_88765_4	kpsM|kpsM_956_bv	60.2	246	98	0	17	262	18	263	6.0e-77	289.7
SRR10507655|k141_37219_26	neuB|neuB_50101_bv	42.6	282	156	5	5	286	15	290	9.3e-55	216.1
SRR10507655|k141_88938_4	nanU|nanU_295025_bv	99.8	508	1	0	22	529	1	508	6.0e-302	1038.1
SRR10507655|k141_37247_1	nanK|nanK_28066_bv	45.7	304	154	3	6	309	5	297	7.1e-61	236.5
SRR10507655|k141_64402_5	nanU|nanU_431062_bv	82.4	501	87	1	5	505	32	531	1.5e-249	864.0
SRR10507655|k141_88981_1	nanT|nanT_145_bv	99.7	380	1	0	1	380	1	380	1.6e-216	753.8
SRR10507655|k141_88981_2	nanA|nanA_1090_bv	99.3	299	2	0	1	299	1	299	3.5e-166	586.3
SRR10507655|k141_88981_3	nanR|nanR_2095_bv	88.3	248	29	0	2	249	16	263	9.2e-120	431.8
SRR10507655|k141_88991_6	nagA|nagA_8500_bv	100.0	378	0	0	1	378	1	378	2.2e-221	770.0
SRR10507655|k141_12945_2	nanU|nanU_10577_bv	100.0	557	0	0	1	557	1	557	0.0e+00	1143.3
SRR10507655|k141_89104_4	kpsT|kpsT_14620_bv	48.6	249	126	1	1	247	1	249	4.3e-61	236.9
SRR10507655|k141_12997_1	nanU|nanU_633962_bv	99.1	462	4	0	7	468	1	462	7.9e-266	917.9
SRR10507655|k141_64609_2	satB|WP_263079827.1	51.0	308	150	1	1	308	1	307	5.6e-77	290.0
SRR10507655|k141_64659_2	kpsD|kpsD_13620_bv	98.6	218	3	0	1	218	5	222	2.4e-116	420.2
SRR10507655|k141_64660_2	kpsD|kpsD_13620_bv	99.5	218	1	0	1	218	5	222	4.9e-117	422.5
SRR10507655|k141_64705_5	siaQ|siaQ_967_uniprot	75.6	172	42	0	1	172	1	172	1.5e-68	261.2
SRR10507655|k141_64705_6	siaM|siaM_3270_bv	99.8	431	1	0	1	431	1	431	2.3e-227	790.0
SRR10507655|k141_64717_1	nanA|nanA_11085_bv	97.5	120	3	0	1	120	13	132	2.1e-61	236.9
SRR10507655|k141_64717_2	nanQ|nanQ_2764_uniprot	100.0	149	0	0	1	149	1	149	1.1e-86	321.2
SRR10507655|k141_64717_3	nanE|nanE_4595_bv	100.0	234	0	0	1	234	1	234	3.5e-129	463.0
SRR10507655|k141_64717_4	nanK|nanK_297_bv	51.5	297	139	3	7	302	5	297	6.3e-78	293.1
SRR10507655|k141_89300_4	nanU|nanU_402906_bv	98.9	522	6	0	1	522	37	558	0.0e+00	1081.2
SRR10507655|k141_64865_1	satD|WP_087104223.1	42.9	238	127	3	22	253	5	239	4.0e-46	187.2
SRR10507655|k141_64894_1	SIAE|SIAE_5323_refseq	100.0	127	0	0	1	127	12	138	6.2e-72	271.9
SRR10507655|k141_13226_4	nanU|nanU_263213_bv	62.0	513	191	3	5	513	1	513	2.6e-185	650.6
SRR10507655|k141_37729_1	siaM|siaM_452029_bv	97.7	213	5	0	1	213	1	213	2.1e-101	370.5
SRR10507655|k141_37729_2	siaQ|siaQ_92454_bv	100.0	162	0	0	29	190	1	162	6.2e-84	312.4
SRR10507655|k141_89492_2	satB|WP_379235424.1	41.0	312	184	0	1	312	1	312	2.1e-60	235.0
SRR10507655|k141_13239_9	nanU|nanU_562137_bv	70.6	408	120	0	14	421	1	408	5.3e-168	592.8
SRR10507655|k141_37755_2	siaQ|siaQ_9122_bv	100.0	169	0	0	1	169	1	169	1.0e-77	291.6
SRR10507655|k141_89522_2	kpsD|kpsD_13620_bv	97.1	278	8	0	23	300	1	278	1.2e-147	525.0
SRR10507655|k141_13273_5	kpsM|kpsM_209_bv	51.1	270	128	1	5	270	8	277	2.7e-72	274.2
SRR10507655|k141_13288_1	satB|WP_292596291.1	48.4	223	115	0	1	223	89	311	4.4e-52	206.8
SRR10507655|k141_89537_12	satD|WP_271417843.1	47.5	236	119	2	29	264	39	269	6.0e-58	226.9
SRR10507655|k141_89545_3	satD|WP_387533728.1	40.3	211	118	4	17	220	29	238	5.4e-31	136.7
SRR10507655|k141_37817_1	satD|WP_152351914.1	44.8	221	119	2	1	220	45	263	4.0e-45	183.7
SRR10507655|k141_13371_3	satD|WP_283490273.1	40.6	229	129	6	14	236	52	279	8.1e-36	152.9
SRR10507655|k141_13435_66	kpsM|kpsM_539_bv	43.8	486	251	8	1	482	1	468	3.6e-96	354.4
SRR10507655|k141_13460_23	nanU|nanU_69728_bv	99.2	516	4	0	1	516	1	516	5.1e-306	1051.6
SRR10507655|k141_89753_7	satD|WP_103464044.1	40.0	235	123	7	14	236	37	265	2.6e-34	147.9
SRR10507655|k141_38136_1	SIAE|SIAE_7934_refseq	99.7	305	1	0	1	305	80	384	1.4e-186	654.1
SRR10507655|k141_65140_12	neuB|neuB_15804_uniprot	100.0	340	0	0	1	340	14	353	8.5e-201	701.4
SRR10507655|k141_13533_6	nanU|nanU_412311_bv	99.6	543	2	0	4	546	3	545	0.0e+00	1125.5
SRR10507655|k141_38318_5	nanU|nanU_26093_bv	100.0	481	0	0	1	481	1	481	6.2e-282	971.5
SRR10507655|k141_89969_3	nagA|nagA_4470_bv	100.0	391	0	0	1	391	1	391	1.4e-228	793.9
SRR10507655|k141_89969_4	nagA|nagA_4007_bv	100.0	388	0	0	1	388	1	388	6.3e-224	778.5
SRR10507655|k141_13807_2	neuB|neuB_21302_bv	67.4	181	59	0	3	183	63	243	2.5e-69	263.8
SRR10507655|k141_89994_2	satD|WP_278012708.1	40.4	230	134	2	22	250	28	255	1.9e-43	178.3
SRR10507655|k141_13815_1	siaP|siaP_95153_bv	74.7	198	48	2	23	220	2	197	3.7e-80	300.1
SRR10507655|k141_65386_3	siaQ|siaQ_510652_bv	84.1	207	30	1	1	204	1	207	3.7e-98	359.8
SRR10507655|k141_38396_1	siaP|siaP_627519_bv	86.6	448	60	0	1	448	35	482	1.1e-229	797.7
SRR10507655|k141_90144_4	nagB|nagB_1759_bv	100.0	270	0	0	1	270	1	270	1.0e-156	554.7
SRR10507655|k141_13976_5	SIAE|SIAE_63972_bv	49.5	652	148	3	11	662	14	484	1.2e-177	625.5
SRR10507655|k141_38511_2	nanU|nanU_485807_bv	96.6	493	17	0	1	493	1	493	4.9e-282	971.8
SRR10507655|k141_65586_1	satD|WP_227924124.1	47.5	261	131	2	5	265	12	266	1.3e-66	255.4
SRR10507655|k141_38550_43	nanU|nanU_192445_bv	66.4	536	180	0	1	536	1	536	3.0e-224	780.0
SRR10507655|k141_65684_33	kpsM|kpsM_209_bv	48.0	277	137	4	1	270	1	277	6.8e-68	259.6
SRR10507655|k141_65684_90	kpsM|kpsM_209_bv	44.0	266	141	2	10	267	12	277	2.7e-61	237.7
SRR10507655|k141_90381_1	satD|WP_387145101.1	40.9	235	126	6	1	224	5	237	1.9e-34	148.3
SRR10507655|k141_14377_2	satB|MFC2030935.1	40.1	319	186	2	1	315	1	318	1.1e-59	232.6
SRR10507655|k141_38834_1	nagA|nagA_21060_bv	100.0	370	0	0	1	370	1	370	9.5e-214	744.6
SRR10507655|k141_90608_1	nanK|nanK_28066_bv	42.2	306	164	3	7	312	5	297	6.9e-56	219.9
SRR10507655|k141_90618_2	nanK|nanK_7216_bv	41.3	310	169	5	12	318	4	303	4.5e-58	227.3
SRR10507655|k141_66008_1	kpsT|kpsT_13997_bv	51.7	230	111	0	3	232	13	242	1.0e-67	258.8
SRR10507655|k141_66073_2	satD|WP_128774247.1	46.1	217	115	2	1	217	54	268	1.0e-47	192.6
SRR10507655|k141_14627_6	siaQ|siaQ_480775_bv	49.4	162	82	0	4	165	1	162	8.3e-32	139.0
SRR10507655|k141_14627_7	siaM|siaM_21316_bv	100.0	424	0	0	1	424	1	424	8.3e-222	771.5
SRR10507655|k141_14627_10	nagB|nagB_15856_bv	100.0	242	0	0	1	242	1	242	2.1e-137	490.3
SRR10507655|k141_14668_7	SIAE|SIAE_3269_bv	100.0	450	0	0	1	450	31	480	7.9e-271	934.5
SRR10507655|k141_14668_11	nanU|nanU_562525_bv	75.6	573	140	0	1	573	1	573	6.3e-273	941.8
SRR10507655|k141_66205_2	nanE|nanE_2047_bv	99.6	231	1	0	1	231	1	231	4.2e-127	456.1
SRR10507655|k141_66240_2	SIAE|SIAE_13179_bv	97.2	213	6	0	1	213	5	217	4.8e-125	449.1
SRR10507655|k141_14702_2	nanU|nanU_556657_bv	47.1	618	288	11	1	613	1	584	7.0e-153	543.1
SRR10507655|k141_14702_6	nanU|nanU_91253_bv	57.0	579	241	6	16	591	14	587	1.0e-185	652.1
SRR10507655|k141_90875_51	nanQ|nanQ_7555_uniprot	100.0	149	0	0	1	149	1	149	9.2e-83	308.1
SRR10507655|k141_39157_2	kpsD|kpsD_1302_bv	53.0	795	367	5	9	802	9	797	2.2e-239	830.9
SRR10507655|k141_39166_1	nanA|nanA_26010_bv	99.6	257	1	0	1	257	38	294	2.3e-142	506.9
SRR10507655|k141_90934_2	satD|MBW4095910.1	46.4	192	103	0	21	212	36	227	3.5e-43	177.2
SRR10507655|k141_39175_1	siaP|siaP_47201_bv	65.9	88	30	0	1	88	31	118	7.9e-25	115.2
SRR10507655|k141_39192_14	nagB|nagB_77717_bv	100.0	268	0	0	1	268	78	345	2.8e-154	546.6
SRR10507655|k141_39192_15	nagA|nagA_37193_bv	100.0	384	0	0	1	384	1	384	3.4e-222	772.7
SRR10507655|k141_91081_1	SIAE|SIAE_3785_bv	99.3	298	2	0	113	410	1	298	1.1e-178	628.2
SRR10507655|k141_39237_2	nanK|nanK_604_uniprot	41.1	231	125	5	1	226	1	225	2.6e-36	154.5
SRR10507655|k141_66579_14	nanU|nanU_501683_bv	99.2	506	4	0	1	506	3	508	8.0e-296	1017.7
SRR10507655|k141_91198_2	satD|WP_129626403.1	43.4	228	121	3	6	228	13	237	2.8e-46	187.6
SRR10507655|k141_15072_3	nanQ|nanQ_1154_bv	100.0	154	0	0	1	154	1	154	4.9e-87	322.4
SRR10507655|k141_91272_14	satB|MFN4189717.1	40.8	336	166	3	1	336	1	303	5.0e-68	260.4
SRR10507655|k141_91272_17	satD|WP_207616619.1	45.6	259	141	0	10	268	10	268	4.0e-62	240.7
SRR10507655|k141_91299_2	nanQ|nanQ_6731_uniprot	99.3	151	1	0	1	151	1	151	3.0e-81	303.1
SRR10507655|k141_91312_1	nanU|nanU_563092_bv	54.1	566	235	12	1	558	46	594	2.5e-157	557.8
SRR10507655|k141_39433_2	nanQ|nanQ_1603_uniprot	100.0	109	0	0	1	109	1	109	1.2e-58	227.6
SRR10507655|k141_91354_2	siaM|siaM_158403_bv	100.0	433	0	0	1	433	1	433	4.8e-225	782.3
SRR10507655|k141_91354_3	siaQ|siaQ_988_uniprot	97.8	135	3	0	1	135	30	164	1.1e-69	264.6
SRR10507655|k141_66690_1	nanA|nanA_43723_refseq	93.9	114	7	0	1	114	1	114	8.5e-56	218.4
SRR10507655|k141_39518_9	SIAE|SIAE_12963_bv	100.0	481	0	0	1	481	1	481	6.6e-292	1004.6
SRR10507655|k141_39624_1	siaM|siaM_106035_bv	99.3	144	1	0	1	144	1	144	1.2e-68	261.2
SRR10507655|k141_15225_4	SIAE|SIAE_54428_bv	42.3	615	186	3	1	615	28	473	2.1e-141	505.0
SRR10507655|k141_15231_2	siaT|siaT_55551_uniprot	100.0	421	0	0	1	421	1	421	1.9e-205	717.2
SRR10507655|k141_91596_1	kpsD|kpsD_13620_bv	98.2	278	5	0	27	304	1	278	1.3e-149	531.6
SRR10507655|k141_91627_3	nanU|nanU_24278_bv	48.6	514	244	10	1	511	1	497	2.3e-133	478.0
SRR10507655|k141_39770_4	satD|WP_411805946.1	46.0	261	140	1	3	263	13	272	2.7e-63	244.6
SRR10507655|k141_66898_49	nanU|nanU_97494_bv	40.5	556	294	17	3	545	22	553	1.7e-102	375.6
SRR10507655|k141_15423_8	nanU|nanU_318479_bv	71.4	511	138	3	16	518	7	517	2.6e-226	786.9
SRR10507655|k141_92013_3	satD|WP_179899760.1	47.0	253	132	2	18	270	17	267	6.9e-62	240.0
SRR10507655|k141_92051_2	nanU|nanU_561719_bv	100.0	473	0	0	1	473	1	473	3.7e-287	988.8
SRR10507655|k141_92081_2	nanU|nanU_339340_bv	40.6	584	315	15	1	573	5	567	1.2e-101	372.9
SRR10507655|k141_15761_2	satD|WP_108832684.1	48.8	258	127	4	21	277	21	274	1.5e-61	238.8
SRR10507655|k141_15761_5	satB|WP_102345104.1	40.4	322	177	4	1	318	1	311	9.6e-53	209.5
SRR10507655|k141_15784_1	siaP|siaP_501955_bv	79.3	299	61	1	61	358	26	324	1.8e-129	464.5
SRR10507655|k141_15784_2	siaQ|siaQ_58158_bv	99.4	162	1	0	1	162	1	162	1.1e-84	314.7
SRR10507655|k141_15784_3	siaM|siaM_10813_bv	100.0	419	0	0	1	419	1	419	2.4e-213	743.4
SRR10507655|k141_67355_54	nanU|nanU_402827_bv	41.4	589	306	18	20	592	18	583	3.8e-111	404.4
SRR10507655|k141_15842_5	nanU|nanU_408167_bv	48.4	645	293	12	1	632	1	618	8.8e-167	589.3
SRR10507655|k141_92206_4	nanU|nanU_230419_bv	95.7	465	20	0	7	471	1	465	1.3e-260	900.6
SRR10507655|k141_92252_3	nanU|nanU_110100_bv	51.9	547	251	8	1	539	1	543	1.4e-152	542.0
SRR10507655|k141_92311_3	nanK|nanK_28066_bv	41.7	307	160	7	7	311	5	294	9.8e-50	199.5
SRR10507655|k141_40321_5	nanU|nanU_137448_bv	80.4	540	106	0	1	540	1	540	1.2e-265	917.5
SRR10507655|k141_67682_21	neuB|neuB_12654_bv	100.0	347	0	0	1	347	1	347	4.3e-200	699.1
SRR10507655|k141_67714_2	nagB|nagB_47922_bv	100.0	241	0	0	1	241	1	241	5.8e-135	482.3
SRR10507655|k141_67714_3	nanE|nanE_4608_bv	100.0	232	0	0	1	232	1	232	5.0e-128	459.1
SRR10507655|k141_67714_4	nanA|nanA_6038_bv	100.0	305	0	0	1	305	1	305	2.5e-175	616.7
SRR10507655|k141_67714_6	nanQ|nanQ_2975_uniprot	83.3	150	24	1	1	150	1	149	3.4e-69	263.1
SRR10507655|k141_67714_7	nanK|nanK_13168_bv	72.6	234	64	0	63	296	3	236	1.1e-98	362.1
SRR10507655|k141_67714_9	nagA|nagA_74057_bv	100.0	388	0	0	1	388	1	388	3.8e-221	769.2
SRR10507655|k141_40376_12	SIAE|SIAE_27254_refseq	100.0	752	0	0	1	752	1	752	0.0e+00	1536.9
SRR10507655|k141_40418_1	ompF|ompF_188_bv	98.6	277	4	0	1	277	19	295	4.2e-158	559.3
SRR10507655|k141_16112_23	nanH|nanH_9455_bv	45.5	413	217	5	10	419	14	421	1.8e-112	408.3
SRR10507655|k141_67921_1	nanK|nanK_28066_bv	44.9	267	129	5	8	271	12	263	1.2e-45	185.7
SRR10507655|k141_92494_14	nanU|nanU_477395_bv	99.8	577	1	0	12	588	1	577	0.0e+00	1213.0
SRR10507655|k141_92527_2	nanQ|nanQ_2862_uniprot	100.0	154	0	0	1	154	1	154	1.1e-86	321.2
SRR10507655|k141_40647_2	nanU|nanU_178026_bv	51.5	565	253	12	1	553	1	556	2.4e-152	541.2
SRR10507655|k141_16259_1	nanA|nanA_9925_uniprot	41.2	68	39	1	5	71	4	71	3.5e-08	59.3
SRR10507655|k141_16327_1	nagB|nagB_12578_bv	99.6	239	1	0	17	255	1	239	2.0e-133	477.2
SRR10507655|k141_92625_2	nagB|nagB_7870_bv	100.0	263	0	0	1	263	1	263	4.3e-152	539.3
SRR10507655|k141_92625_3	nagA|nagA_1584_bv	100.0	395	0	0	1	395	1	395	8.0e-227	788.1
SRR10507655|k141_92625_8	nanU|nanU_352498_bv	99.4	544	3	0	1	544	3	546	0.0e+00	1133.2
SRR10507655|k141_68081_1	siaM|siaM_50931_bv	100.0	400	0	0	13	412	35	434	3.3e-207	723.0
SRR10507655|k141_40915_3	satD|WP_204878079.1	44.5	263	144	2	1	263	13	273	3.7e-64	247.3
SRR10507655|k141_68299_2	siaM|siaM_315128_bv	98.4	64	1	0	1	64	12	75	5.3e-27	121.7
SRR10507655|k141_40932_9	ompF|ompF_7186_bv	100.0	362	0	0	1	362	2	363	6.3e-210	731.9
SRR10507655|k141_40995_1	satD|MBS5449759.1	46.1	193	100	3	4	194	79	269	1.7e-40	168.3
SRR10507655|k141_68413_1	nanQ|nanQ_3949_uniprot	91.5	130	11	0	1	130	21	150	2.4e-66	253.4
SRR10507655|k141_68413_2	nanK|nanK_13168_bv	79.5	234	48	0	61	294	2	235	5.9e-105	382.9
SRR10507655|k141_16569_1	siaP|siaP_291515_bv	50.2	271	130	3	1	271	67	332	3.0e-71	270.8
SRR10507655|k141_16618_4	siaP|siaP_438286_bv	61.1	337	124	1	22	358	4	333	4.7e-117	423.3
SRR10507655|k141_92962_4	nagB|nagB_62438_bv	46.6	219	113	3	14	229	24	241	1.6e-49	198.4
SRR10507655|k141_68579_20	SIAE|SIAE_4809_bv	100.0	473	0	0	1	473	1	473	8.8e-289	994.2
SRR10507655|k141_16722_2	satD|WP_255793737.1	45.7	256	138	1	4	258	12	267	1.1e-59	232.6
SRR10507655|k141_41166_2	kpsT|kpsT_10521_bv	48.1	237	122	1	8	243	2	238	8.1e-63	242.7
SRR10507655|k141_16766_2	satD|HLR47991.1	44.1	195	106	1	22	213	34	228	2.3e-34	147.9
SRR10507655|k141_16825_1	satD|WP_334211665.1	45.3	234	127	1	6	239	29	261	2.5e-55	218.0
SRR10507655|k141_93115_2	nanU|nanU_645800_bv	99.6	531	2	0	1	531	4	534	0.0e+00	1076.6
SRR10507655|k141_68802_5	siaM|siaM_60609_bv	99.5	425	2	0	1	425	1	425	1.5e-226	787.3
SRR10507655|k141_16960_4	kpsM|kpsM_209_bv	50.9	273	122	4	7	272	10	277	8.1e-69	262.7
SRR10507655|k141_16998_2	nanU|nanU_214804_bv	46.2	545	260	12	20	546	11	540	5.5e-125	450.3
SRR10507655|k141_69057_1	neuA|neuA_29075_uniprot	100.0	183	0	0	1	183	1	183	1.4e-101	370.9
SRR10507655|k141_41428_1	satD|WP_151549948.1	42.5	261	146	2	28	288	10	266	1.7e-54	215.3
SRR10507655|k141_93422_1	satD|WP_124933466.1	44.8	212	116	1	1	212	59	269	3.3e-46	187.6
SRR10507655|k141_17365_1	SIAE|SIAE_63972_bv	48.7	632	143	3	7	638	10	460	2.6e-166	587.8
SRR10507655|k141_17365_5	nanU|nanU_91253_bv	58.4	580	227	6	16	587	14	587	5.6e-192	672.9
SRR10507655|k141_17365_9	nanU|nanU_556657_bv	47.7	618	283	12	1	612	1	584	2.2e-151	538.1
SRR10507655|k141_41477_71	nanQ|nanQ_2739_bv	100.0	154	0	0	1	154	1	154	4.6e-85	315.8
SRR10507655|k141_41477_72	nanK|nanK_15547_bv	100.0	291	0	0	1	291	1	291	4.9e-157	555.8
SRR10507655|k141_41477_73	nanE|nanE_4768_bv	100.0	229	0	0	1	229	1	229	8.8e-125	448.4
SRR10507655|k141_41477_74	nanT|nanT_2413_bv	100.0	496	0	0	1	496	11	506	3.4e-283	975.7
SRR10507655|k141_41477_75	nanA|nanA_5472_bv	100.0	297	0	0	1	297	1	297	5.4e-167	589.0
SRR10507655|k141_41477_76	nanR|nanR_50_bv	93.5	263	17	0	1	263	1	263	5.3e-126	452.6
SRR10507655|k141_17381_2	nanU|nanU_85720_bv	71.0	596	151	6	17	605	1	581	1.2e-250	867.8
SRR10507655|k141_93456_13	nanU|nanU_14675_bv	52.3	639	273	15	9	646	4	611	2.7e-179	630.9
SRR10507655|k141_69405_2	nanU|nanU_399565_bv	60.4	493	194	1	2	494	76	567	1.7e-178	627.9
SRR10507655|k141_93473_2	satD|WP_166414582.1	43.8	258	138	3	8	260	7	262	6.9e-56	219.9
SRR10507655|k141_69616_5	nanQ|nanQ_810_uniprot	100.0	159	0	0	1	159	1	159	2.3e-84	313.5
SRR10507655|k141_17695_1	nanU|nanU_51166_bv	87.1	521	65	1	1	521	4	522	7.8e-270	931.4
SRR10507655|k141_41730_1	satD|WP_259891580.1	41.5	270	149	4	18	281	8	274	6.7e-52	206.8
SRR10507655|k141_17726_1	nagB|nagB_80253_bv	88.2	297	4	1	1	266	1	297	4.2e-147	522.7
SRR10507655|k141_17776_1	siaP|siaP_732498_bv	40.8	130	77	0	16	145	5	134	4.8e-23	109.8
SRR10507655|k141_41749_10	nanU|nanU_259305_bv	55.9	547	232	5	13	559	6	543	4.1e-176	620.2
SRR10507655|k141_17994_2	siaP|siaP_503766_bv	98.5	262	4	0	1	262	1	262	3.6e-143	510.0
SRR10507655|k141_18024_1	nagB|nagB_84205_bv	100.0	237	0	0	1	237	6	242	1.4e-133	477.6
SRR10507655|k141_93865_11	neuB|neuB_3480_refseq	97.6	329	8	0	1	329	1	329	1.7e-182	640.6
SRR10507655|k141_93865_12	neuC|neuC_1050_refseq	94.0	381	23	0	1	381	1	381	3.7e-205	716.1
SRR10507655|k141_93865_13	neuA|neuA_18373_uniprot	99.6	229	1	0	1	229	1	229	1.9e-127	457.2
SRR10507655|k141_18112_1	siaM|siaM_50699_bv	100.0	383	0	0	1	383	44	426	7.1e-204	711.8
SRR10507655|k141_42183_1	satD|WP_009398472.1	49.4	259	128	3	12	269	16	272	1.5e-56	222.2
SRR10507655|k141_70245_5	nanU|nanU_37265_bv	59.1	496	198	4	5	497	3	496	9.7e-177	622.1
SRR10507655|k141_42225_1	nanU|nanU_431313_bv	76.4	492	113	3	1	490	1	491	1.5e-222	774.2
SRR10507655|k141_94000_1	siaP|siaP_561783_bv	79.8	233	47	0	1	233	15	247	7.5e-106	385.6
SRR10507655|k141_94000_2	siaQ|siaQ_27406_bv	100.0	165	0	0	1	165	1	165	2.7e-83	310.1
SRR10507655|k141_94000_3	siaM|siaM_90495_bv	100.0	435	0	0	1	435	1	435	2.3e-222	773.5
SRR10507655|k141_94018_4	nanU|nanU_411096_bv	51.5	542	253	7	10	546	1	537	2.6e-159	564.3
SRR10507655|k141_18422_2	nanU|nanU_157414_bv	61.2	551	204	4	20	562	21	569	5.7e-202	706.1
SRR10507655|k141_94097_2	nanK|nanK_20834_bv	42.8	285	158	3	3	284	4	286	9.8e-60	232.6
SRR10507655|k141_70396_1	kpsD|kpsD_11122_bv	86.1	266	37	0	1	266	1	266	1.0e-124	448.4
SRR10507655|k141_42435_1	nagB|nagB_26518_bv	98.9	182	2	0	1	182	61	242	6.8e-104	378.6
SRR10507655|k141_42532_2	satD|WP_303378146.1	42.5	266	151	2	1	266	1	264	1.9e-59	231.9
SRR10507655|k141_94256_6	nanU|nanU_585261_bv	47.1	554	280	9	1	545	1	550	3.3e-138	494.2
SRR10507655|k141_18698_2	nagA|nagA_144330_bv	100.0	376	0	0	1	376	1	376	1.7e-218	760.4
SRR10507655|k141_70499_30	nanU|nanU_415551_bv	59.2	436	175	2	1	436	4	436	5.0e-145	516.5
SRR10507655|k141_18833_4	nanU|nanU_354010_bv	92.2	510	39	1	1	509	5	514	1.5e-281	970.3
SRR10507655|k141_70724_1	neuA|neuA_25890_bv	54.7	150	67	1	1	150	8	156	1.2e-45	184.9
SRR10507655|k141_42816_2	nanU|nanU_340690_bv	45.5	512	251	13	9	508	1	496	4.6e-110	400.6
SRR10507655|k141_42824_3	kpsM|kpsM_209_bv	51.8	195	90	2	7	197	10	204	9.7e-48	192.2
SRR10507655|k141_70866_1	nanQ|nanQ_2724_uniprot	100.0	120	0	0	1	120	1	120	1.1e-65	251.1
SRR10507655|k141_19045_1	siaM|siaM_75826_bv	100.0	140	0	0	1	140	1	140	6.7e-51	202.2
SRR10507655|k141_70905_5	nanQ|nanQ_1286_uniprot	94.9	158	8	0	1	158	1	158	3.5e-80	299.7
SRR10507655|k141_43070_1	nanU|nanU_203565_bv	95.4	417	19	0	15	431	2	418	8.7e-235	814.7
SRR10507655|k141_70969_2	nanU|nanU_553723_bv	99.4	519	3	0	1	519	1	519	4.6e-307	1055.0
SRR10507655|k141_70969_10	nanU|nanU_201826_bv	99.8	511	1	0	9	519	1	511	1.8e-303	1043.1
SRR10507655|k141_19151_57	satD|XZE89459.1	40.0	220	125	6	21	234	37	255	2.5e-37	157.9
SRR10507655|k141_71100_1	kpsM|kpsM_209_bv	47.3	222	112	2	2	218	56	277	5.5e-52	206.5
SRR10507655|k141_71105_2	siaM|siaM_30950_bv	99.8	446	1	0	1	446	1	446	4.8e-236	818.9
SRR10507655|k141_94843_4	neuA|neuA_12749_uniprot	100.0	228	0	0	1	228	1	228	8.1e-131	468.4
SRR10507655|k141_19267_3	satD|WP_334211665.1	40.7	258	145	3	6	258	7	261	3.0e-54	214.5
SRR10507655|k141_71246_2	nanQ|nanQ_1640_uniprot	100.0	155	0	0	1	155	1	155	2.7e-85	316.6
SRR10507655|k141_94957_20	nanH|nanH_54983_bv	67.0	370	117	3	19	386	14	380	2.0e-150	534.3
SRR10507655|k141_94957_21	nanU|nanU_5215_bv	100.0	484	0	0	1	484	1	484	1.6e-285	983.4
SRR10507655|k141_94957_24	nanH|nanH_22409_bv	97.4	454	12	0	93	546	1	454	4.2e-266	919.1
SRR10507655|k141_94957_26	nanM|nanM_1494_uniprot	99.1	338	3	0	1	338	18	355	1.8e-203	710.3
SRR10507655|k141_43442_13	kpsT|kpsT_11441_bv	44.4	241	130	3	5	242	23	262	3.3e-53	210.7
SRR10507655|k141_19393_8	nagB|nagB_1605_bv	100.0	218	0	0	1	218	53	270	4.9e-125	449.1
SRR10507655|k141_19394_3	nagB|nagB_1605_bv	100.0	218	0	0	1	218	53	270	4.9e-125	449.1
SRR10507655|k141_43531_5	nanU|nanU_304918_bv	42.9	576	294	14	16	581	15	565	2.5e-115	418.3
SRR10507655|k141_71517_4	nanU|nanU_403585_bv	92.3	600	7	1	1	600	1	561	0.0e+00	1110.1
SRR10507655|k141_95107_1	ompF|ompF_123_bv	69.7	376	100	3	1	365	1	373	2.7e-136	487.3
SRR10507655|k141_95115_2	satD|GAB3585997.1	45.5	231	125	1	27	257	31	260	6.9e-51	203.4
SRR10507655|k141_43534_11	nanU|nanU_302044_bv	46.7	568	276	15	2	554	10	565	2.3e-126	454.9
SRR10507655|k141_43534_21	nanU|nanU_612126_bv	100.0	490	0	0	47	536	5	494	7.2e-295	1014.6
SRR10507655|k141_43534_30	nanU|nanU_1846_bv	99.3	597	4	0	9	605	1	597	0.0e+00	1219.9
SRR10507655|k141_43534_48	nagA|nagA_2016_bv	100.0	391	0	0	1	391	1	391	1.4e-226	787.3
SRR10507655|k141_43551_2	satD|WP_445507519.1	40.2	214	114	7	34	238	30	238	2.6e-29	131.3
SRR10507655|k141_43597_1	nanK|nanK_7216_bv	40.5	309	172	4	12	317	4	303	3.8e-57	224.2
SRR10507655|k141_19488_1	nagA|nagA_94113_bv	100.0	277	0	0	1	277	112	388	1.0e-156	554.7
SRR10507655|k141_19509_2	siaQ|siaQ_12755_bv	100.0	167	0	0	1	167	1	167	4.5e-86	319.3
SRR10507655|k141_19509_3	siaM|siaM_109389_bv	94.3	157	9	0	1	157	1	157	3.2e-70	266.5
SRR10507655|k141_71809_3	siaP|siaP_336634_bv	99.2	246	2	0	1	246	6	251	7.1e-139	495.7
SRR10507655|k141_71809_4	siaQ|siaQ_150435_bv	67.5	169	55	0	1	169	1	169	2.3e-58	227.3
SRR10507655|k141_71809_5	siaT|siaT_43404_uniprot	99.5	411	2	0	31	441	18	428	4.2e-208	726.1
SRR10507655|k141_71867_5	siaM|siaM_84491_bv	100.0	437	0	0	1	437	1	437	3.3e-237	822.8
SRR10507655|k141_71867_6	siaQ|siaQ_412358_bv	71.7	180	51	0	1	180	1	180	3.4e-63	243.4
SRR10507655|k141_95396_4	nanU|nanU_590222_bv	58.1	570	222	8	1	561	1	562	2.3e-187	657.5
SRR10507655|k141_95396_6	nanU|nanU_179674_bv	40.3	632	309	18	17	630	19	600	2.7e-115	418.3
SRR10507655|k141_95413_2	kpsT|kpsT_10521_bv	54.2	179	81	1	1	178	61	239	8.6e-51	202.2
SRR10507655|k141_19716_3	nanU|nanU_575682_bv	61.9	430	154	6	1	430	104	523	5.4e-144	513.1
SRR10507655|k141_43850_6	nanU|nanU_98380_bv	72.4	576	155	4	11	585	1	573	3.9e-254	879.4
SRR10507655|k141_19792_1	kpsM|kpsM_603_bv	50.2	227	113	0	1	227	34	260	3.8e-56	220.3
SRR10507655|k141_72028_1	kpsM|kpsM_624_bv	100.0	192	0	0	1	192	67	258	1.3e-102	374.4
SRR10507655|k141_72057_1	siaM|siaM_100869_bv	100.0	428	0	0	1	428	4	431	3.1e-224	779.6
SRR10507655|k141_72057_2	siaQ|siaQ_199973_bv	73.9	161	42	0	1	161	1	161	3.8e-66	253.1
SRR10507655|k141_19872_8	satB|MFN4189717.1	43.8	324	152	2	14	337	12	305	2.3e-65	251.5
SRR10507655|k141_19872_11	satD|WP_022922052.1	47.9	257	121	2	5	249	20	275	1.2e-57	225.7
SRR10507655|k141_43991_6	kpsM|kpsM_209_bv	60.6	236	92	1	1	235	1	236	2.0e-79	297.7
SRR10507655|k141_20027_6	siaQ|siaQ_139119_bv	100.0	162	0	0	1	162	1	162	1.4e-79	297.7
SRR10507655|k141_20027_7	siaM|siaM_128084_bv	99.8	433	1	0	1	433	1	433	6.1e-220	765.4
SRR10507655|k141_95747_1	nanH|nanH_55004_bv	98.7	372	5	0	143	514	19	390	2.1e-219	763.8
SRR10507655|k141_72307_39	nanU|nanU_332844_bv	54.2	530	216	8	1	528	10	514	1.6e-161	571.6
SRR10507655|k141_20145_1	SIAE|SIAE_20524_refseq	100.0	339	0	0	1	339	46	384	6.3e-204	711.8
SRR10507655|k141_72485_2	nanU|nanU_186766_bv	98.9	379	4	0	1	379	4	382	3.5e-219	762.7
SRR10507655|k141_72506_1	SIAE|SIAE_102876_bv	99.8	559	1	0	1	559	14	572	0.0e+00	1172.9
SRR10507655|k141_44299_100	nanU|nanU_638711_bv	60.4	598	232	3	1	598	1	593	8.2e-215	748.8
SRR10507655|k141_20412_1	satB|MCZ7572982.1	40.6	310	174	2	7	309	6	312	3.2e-61	237.7
SRR10507655|k141_20412_5	satD|WP_209677732.1	44.9	256	136	1	1	251	17	272	2.7e-52	208.0
SRR10507655|k141_96048_1	siaP|siaP_376232_bv	69.0	171	52	1	10	179	24	194	8.3e-63	242.3
SRR10507655|k141_44556_1	nanU|nanU_303156_bv	96.6	377	13	0	1	377	46	422	6.5e-210	731.9
SRR10507655|k141_44557_1	nanU|nanU_303156_bv	100.0	377	0	0	1	377	46	422	8.8e-215	748.0
SRR10507655|k141_72764_3	nagB|nagB_32250_bv	100.0	270	0	0	1	270	4	273	1.7e-156	553.9
SRR10507655|k141_20499_8	nanU|nanU_6827_bv	100.0	523	0	0	1	523	1	523	0.0e+00	1077.0
SRR10507655|k141_20499_9	nanH|nanH_15173_bv	98.7	393	5	0	147	539	1	393	1.1e-231	804.7
SRR10507655|k141_20499_11	SIAE|SIAE_725_bv	100.0	691	0	0	1	691	1	691	0.0e+00	1442.6
SRR10507655|k141_20499_12	nanM|nanM_2289_bv	99.4	310	2	0	1	310	1	310	1.7e-184	647.5
SRR10507655|k141_96140_2	nanU|nanU_363656_bv	62.4	593	206	8	1	590	1	579	5.2e-206	719.5
SRR10507655|k141_44667_1	nanR|nanR_3642_bv	40.9	225	116	6	1	218	3	217	1.2e-32	142.5
SRR10507655|k141_44667_39	nagA|nagA_31930_refseq	99.7	377	1	0	1	377	1	377	2.8e-213	743.0
SRR10507655|k141_44779_1	nanQ|nanQ_3124_uniprot	96.9	130	4	0	1	130	26	155	1.2e-67	257.7
SRR10507655|k141_44873_2	nanK|nanK_73_bv	41.0	188	108	3	6	192	2	187	1.5e-32	141.7
SRR10507655|k141_20856_41	kpsM|kpsM_604_bv	49.3	280	140	2	3	282	2	279	7.3e-73	276.2
SRR10507655|k141_96449_1	SIAE|SIAE_11666_uniprot	100.0	218	0	0	1	218	26	243	7.3e-129	461.8
SRR10507655|k141_20909_12	nanK|nanK_24160_bv	41.3	312	171	4	1	312	1	300	1.7e-57	225.3
SRR10507655|k141_20909_17	nanU|nanU_277918_bv	100.0	600	0	0	1	600	1	600	0.0e+00	1224.2
SRR10507655|k141_96572_5	kpsD|kpsD_12100_bv	54.9	834	361	5	1	822	2	832	3.9e-260	899.8
SRR10507655|k141_45239_2	siaP|siaP_224340_bv	97.7	86	2	0	1	86	1	86	2.7e-42	172.9
SRR10507655|k141_21013_1	nanA|nanA_45697_refseq	61.4	57	22	0	1	57	1	57	1.1e-13	77.4
SRR10507655|k141_73491_1	nanU|nanU_363656_bv	62.4	566	197	6	1	564	28	579	2.4e-200	700.7
SRR10507655|k141_96700_6	nanU|nanU_458854_bv	88.5	416	48	0	13	428	1	416	7.6e-215	748.4
SRR10507655|k141_96710_5	nanU|nanU_517737_bv	45.6	454	231	9	8	456	1	443	4.7e-93	344.0
SRR10507655|k141_73550_1	nanQ|nanQ_7177_uniprot	99.2	130	1	0	1	130	55	184	2.2e-72	273.5
SRR10507655|k141_73562_2	kpsT|kpsT_10521_bv	45.1	244	133	1	4	246	2	245	1.5e-58	228.4
SRR10507655|k141_73562_3	kpsM|kpsM_245_uniprot	45.6	259	133	3	5	263	21	271	1.1e-51	205.7
SRR10507655|k141_21277_19	nanU|nanU_118450_bv	42.3	594	290	16	1	584	1	551	2.1e-117	425.2
SRR10507655|k141_96877_3	neuD|neuD_4332_refseq	100.0	210	0	0	1	210	1	210	1.2e-67	258.5
SRR10507655|k141_96896_2	satD|WP_182516261.1	42.1	252	143	2	4	255	12	260	9.6e-46	186.0
SRR10507655|k141_45512_1	siaP|siaP_387506_bv	72.4	98	27	0	1	98	5	102	1.2e-33	144.4
SRR10507655|k141_73817_3	nanU|nanU_137448_bv	59.2	546	206	4	2	546	10	539	1.7e-187	657.9
SRR10507655|k141_97030_1	siaM|siaM_53002_bv	99.2	261	2	0	1	261	27	287	8.1e-135	481.9
SRR10507655|k141_97047_7	siaQ|siaQ_567565_bv	98.1	156	3	0	1	156	1	156	8.8e-76	285.0
SRR10507655|k141_97047_8	siaM|siaM_130527_bv	100.0	432	0	0	1	432	2	433	1.5e-218	760.8
SRR10507655|k141_97047_23	nanU|nanU_151621_bv	69.7	545	159	2	1	541	1	543	1.2e-225	784.6
SRR10507655|k141_97047_49	nanU|nanU_275951_bv	99.2	506	1	1	1	503	1	506	1.2e-291	1003.8
SRR10507655|k141_97076_2	nanK|nanK_40_bv	52.4	252	119	1	8	258	62	313	5.4e-70	266.5
SRR10507655|k141_73935_5	nanU|nanU_24278_bv	43.8	518	256	16	1	504	1	497	1.2e-110	402.5
SRR10507655|k141_21529_27	SIAE|SIAE_936_bv	100.0	473	0	0	1	473	1	473	3.0e-289	995.7
SRR10507655|k141_74032_1	neuA|neuA_17867_uniprot	99.4	181	1	0	1	181	1	181	4.8e-102	372.5
SRR10507655|k141_21610_2	kpsM|kpsM_194_bv	45.7	197	102	1	1	197	68	259	1.0e-36	155.6
SRR10507655|k141_74091_1	neuD|neuD_9089_uniprot	98.6	144	2	0	1	144	1	144	3.4e-50	199.9
SRR10507655|k141_21670_2	siaT|siaT_73244_uniprot	99.8	436	1	0	1	436	1	436	2.9e-225	783.1
SRR10507655|k141_74208_1	siaM|siaM_571510_bv	94.7	169	9	0	1	169	1	169	4.2e-76	286.2
SRR10507655|k141_97305_2	siaQ|siaQ_958_uniprot	100.0	178	0	0	1	178	1	178	5.8e-84	312.4
SRR10507655|k141_97305_3	siaP|siaP_65744_bv	100.0	345	0	0	1	345	1	345	2.7e-194	679.9
SRR10507655|k141_21807_3	nanQ|nanQ_6941_uniprot	99.3	148	1	0	1	148	1	148	8.0e-79	295.0
SRR10507655|k141_21850_2	nagA|nagA_8441_bv	100.0	384	0	0	1	384	1	384	3.2e-220	766.1
SRR10507655|k141_21860_2	satB|HYI23826.1	41.5	316	176	2	1	308	1	315	5.0e-62	240.4
SRR10507655|k141_21862_1	nanK|nanK_20455_bv	42.9	266	139	7	4	260	62	323	2.3e-47	191.4
SRR10507655|k141_46243_1	siaP|siaP_353133_bv	69.3	254	76	1	103	354	1	254	2.7e-93	344.4
SRR10507655|k141_97584_2	SIAE|SIAE_503_bv	100.0	435	0	0	1	435	1	435	3.3e-258	892.5
SRR10507655|k141_21863_127	ompC|ompC_80_bv	100.0	368	0	0	1	368	1	368	1.6e-213	743.8
SRR10507655|k141_74550_1	siaM|siaM_9487_bv	99.7	341	1	0	1	341	89	429	1.7e-177	624.0
SRR10507655|k141_21976_1	nanU|nanU_24278_bv	45.5	448	230	5	3	449	24	458	1.0e-108	396.0
SRR10507655|k141_74659_1	satB|WP_042401732.1	50.0	226	113	0	1	226	78	303	2.1e-57	224.6
SRR10507655|k141_46557_5	siaP|siaP_760465_bv	99.5	216	1	0	1	216	69	284	7.0e-124	445.3
SRR10507655|k141_46761_3	nanK|nanK_28066_bv	47.1	306	149	4	6	311	5	297	8.4e-62	239.6
SRR10507655|k141_74959_1	nanQ|nanQ_7177_uniprot	98.5	130	2	0	1	130	55	184	1.1e-71	271.2
SRR10507655|k141_22508_3	nanU|nanU_261372_bv	65.0	528	178	2	17	538	2	528	4.9e-203	709.5
SRR10507655|k141_75184_2	nanK|nanK_28066_bv	45.7	243	122	1	19	261	65	297	1.6e-50	201.8
SRR10507655|k141_98285_3	siaT|siaT_47535_uniprot	49.3	422	202	6	6	421	5	420	2.8e-92	341.3
SRR10507655|k141_98333_1	satD|WP_303172075.1	40.4	188	111	1	1	187	57	244	2.8e-31	137.5
SRR10507655|k141_75248_1	satD|MBP8920704.1	40.0	205	113	4	22	217	29	232	1.5e-31	138.7
SRR10507655|k141_22625_1	neuA|neuA_13348_uniprot	99.0	198	2	0	1	198	1	198	4.4e-109	396.0
SRR10507655|k141_75345_3	satD|WP_320602131.1	40.3	231	132	2	19	245	51	279	2.9e-41	171.0
SRR10507655|k141_47151_29	siaM|siaM_170323_bv	98.8	429	5	0	1	429	1	429	1.1e-221	771.2
SRR10507655|k141_47151_30	siaQ|siaQ_215169_bv	93.5	201	13	0	1	201	14	214	2.5e-99	363.6
SRR10507655|k141_47208_1	siaM|siaM_455931_bv	99.0	398	4	0	1	398	1	398	1.3e-189	664.5
SRR10507655|k141_47208_2	siaQ|siaQ_294885_bv	55.6	160	71	0	3	162	4	163	3.8e-45	183.3
SRR10507655|k141_75389_1	nanU|nanU_444296_bv	42.7	541	282	12	1	527	3	529	1.2e-100	369.4
SRR10507655|k141_75389_57	nanU|nanU_593005_bv	98.8	500	6	0	2	501	13	512	6.0e-296	1018.1
SRR10507655|k141_75389_64	nanU|nanU_155975_bv	46.5	563	279	11	1	548	1	556	3.8e-126	454.1
SRR10507655|k141_47311_2	nanA|nanA_45697_refseq	56.4	55	24	0	5	59	3	57	1.4e-11	70.5
SRR10507655|k141_75429_10	nanU|nanU_226964_bv	51.3	561	248	9	4	560	6	545	1.5e-146	521.9
SRR10507655|k141_22850_19	nanU|nanU_597971_bv	70.8	455	133	0	1	455	1	455	7.9e-194	678.7
SRR10507655|k141_22850_25	nanU|nanU_186279_bv	99.8	492	1	0	1	492	1	492	9.2e-297	1020.8
SRR10507655|k141_47472_7	kpsD|kpsD_6685_bv	77.8	800	167	6	1	791	1	798	0.0e+00	1201.4
SRR10507655|k141_22873_6	nanU|nanU_485165_bv	44.5	512	271	10	7	513	8	511	8.6e-112	406.4
SRR10507655|k141_98768_2	nanU|nanU_270471_bv	74.3	576	123	2	1	576	1	551	9.8e-258	891.3
SRR10507655|k141_22922_1	satD|MDO4917719.1	41.3	189	95	5	3	178	27	212	5.9e-28	126.3
SRR10507655|k141_47612_1	nanQ|nanQ_380_bv	100.0	161	0	0	1	161	1	161	3.8e-90	332.8
SRR10507655|k141_75777_2	siaP|siaP_364512_bv	73.1	324	87	0	4	327	17	340	6.0e-135	482.6
SRR10507655|k141_98876_2	siaT|siaT_53560_uniprot	98.1	428	8	0	3	430	1	428	2.7e-228	793.1
SRR10507655|k141_75859_1	siaP|siaP_376232_bv	65.5	174	57	2	18	188	21	194	1.9e-61	237.7
SRR10507655|k141_75874_31	nanK|nanK_28066_bv	44.8	308	154	5	7	313	5	297	2.9e-62	241.1
SRR10507655|k141_75874_89	satD|HIR91678.1	40.2	219	126	3	20	234	30	247	7.6e-38	159.8
SRR10507655|k141_47897_8	nanU|nanU_203565_bv	99.6	450	2	0	14	463	1	450	2.8e-263	909.4
SRR10507655|k141_23268_2	satD|WP_283456099.1	45.6	259	135	2	7	260	15	272	2.5e-56	221.5
SRR10507655|k141_23268_5	satB|WP_044748530.1	40.4	312	181	1	1	307	1	312	6.4e-62	240.0
SRR10507655|k141_99141_1	satB|MFN4189717.1	43.6	257	144	1	1	257	1	256	1.2e-58	228.8
SRR10507655|k141_23321_1	siaP|siaP_749558_bv	76.3	359	83	1	1	359	2	358	5.7e-147	522.7
SRR10507655|k141_23321_2	siaQ|siaQ_487633_bv	44.2	154	83	1	3	156	2	152	1.6e-29	131.3
SRR10507655|k141_23321_3	siaM|siaM_66195_bv	99.5	425	2	0	1	425	1	425	6.0e-196	685.6
SRR10507655|k141_99264_3	nanU|nanU_91253_bv	58.4	594	237	6	1	591	1	587	4.9e-204	713.0
SRR10507655|k141_23465_1	nanK|nanK_31652_bv	42.7	117	66	1	5	120	11	127	2.5e-22	107.1
SRR10507655|k141_23493_1	siaP|siaP_674952_bv	58.7	305	126	0	64	368	24	328	8.1e-104	379.4
SRR10507655|k141_23495_1	satB|WP_291384240.1	40.2	264	149	2	7	262	51	313	9.3e-46	186.0
SRR10507655|k141_99368_24	nagB|nagB_80253_bv	84.2	297	16	1	1	266	1	297	3.8e-140	499.6
SRR10507655|k141_99368_25	nagA|nagA_100440_bv	100.0	382	0	0	1	382	1	382	1.4e-220	767.3
SRR10507655|k141_23805_1	siaP|siaP_294611_bv	51.5	196	94	1	37	232	3	197	1.2e-52	208.8
SRR10507655|k141_23805_2	siaQ|siaQ_166094_bv	51.4	72	35	0	1	72	1	72	2.1e-16	86.7
SRR10507655|k141_99514_3	nanU|nanU_256025_bv	68.4	554	173	2	3	555	1	553	1.1e-229	798.1
SRR10507655|k141_23923_1	SIAE|SIAE_27087_refseq	100.0	180	0	0	1	180	70	249	3.7e-102	372.9
SRR10507655|k141_48542_1	SIAE|SIAE_82052_bv	99.0	209	2	0	1	209	17	225	1.2e-120	434.5
SRR10507655|k141_99599_9	satD|HJG53471.1	40.5	190	107	3	28	213	37	224	5.6e-26	120.2
SRR10507655|k141_48666_1	nagB|nagB_99264_bv	99.0	105	1	0	4	108	1	105	1.6e-57	223.8
SRR10507655|k141_48671_2	nanK|nanK_28066_bv	46.4	308	151	4	9	316	4	297	1.5e-66	255.4
SRR10507655|k141_48702_1	neuA|neuA_16288_bv	91.5	71	6	0	1	71	5	75	3.6e-29	129.0
SRR10507655|k141_48735_4	nanU|nanU_415572_bv	99.7	384	1	0	60	443	11	394	1.1e-223	778.1
SRR10507655|k141_48771_1	siaM|siaM_397576_bv	97.9	241	5	0	1	241	95	335	8.6e-123	441.8
SRR10507655|k141_24480_1	nanK|nanK_382_bv	71.3	265	76	0	1	265	1	265	4.3e-107	389.8
SRR10507655|k141_99939_1	satB|OPL08662.1	42.5	254	146	0	4	257	51	304	1.4e-54	215.3
SRR10507655|k141_49316_1	nanQ|nanQ_3133_uniprot	98.6	148	2	0	1	148	1	148	3.5e-82	306.2
SRR10507655|k141_49369_7	nagA|nagA_7363_bv	100.0	413	0	0	1	413	1	413	1.5e-239	830.5
SRR10507655|k141_100235_2	nanU|nanU_394475_bv	99.6	475	2	0	11	485	1	475	7.2e-278	958.0
SRR10507655|k141_100235_3	nanH|nanH_37027_bv	98.4	258	4	0	48	305	15	272	5.9e-153	542.3
SRR10507655|k141_100274_5	satD|WP_179899760.1	44.4	268	141	3	2	264	4	268	1.6e-57	225.3
SRR10507655|k141_100292_1	neuA|neuA_35869_bv	60.4	139	55	0	2	140	3	141	1.6e-44	181.0
SRR10507655|k141_100327_4	neuD|neuD_1096_uniprot	96.0	201	8	0	1	201	1	201	4.6e-53	209.9
SRR10507655|k141_100342_5	satD|WP_124933466.1	47.1	242	127	1	20	261	29	269	6.9e-59	229.9
SRR10507655|k141_25132_2	satD|WP_141355403.1	40.4	193	109	5	3	190	68	259	7.7e-24	112.8
SRR10507655|k141_25219_4	nanU|nanU_649704_bv	64.7	529	178	6	12	534	13	538	1.9e-199	697.6
SRR10507655|k141_25256_5	siaT|siaT_75324_uniprot	99.5	435	2	0	1	435	1	435	2.5e-221	770.0
SRR10507655|k141_100508_3	kpsT|kpsT_10521_bv	50.8	187	91	1	1	186	53	239	2.4e-51	204.1
SRR10507655|k141_100566_1	nanK|nanK_28066_bv	46.7	272	131	3	2	273	40	297	7.6e-59	229.6
SRR10507655|k141_49842_2	siaP|siaP_498373_bv	99.3	151	1	0	9	159	1	151	5.4e-81	302.4
SRR10507655|k141_100722_1	nanK|nanK_29547_bv	45.0	307	163	2	11	316	5	306	5.7e-61	236.9
SRR10507655|k141_100852_20	nanU|nanU_154276_bv	54.5	574	249	6	2	573	3	566	3.6e-175	617.1
SRR10507655|k141_100880_9	kpsM|kpsM_162_bv	55.5	256	114	0	4	259	3	258	9.7e-80	298.9
SRR10507655|k141_101005_1	nagA|nagA_125463_bv	97.8	231	5	0	3	233	1	231	3.1e-130	466.5
SRR10507655|k141_101007_1	siaP|siaP_528210_bv	84.3	287	45	0	70	356	1	287	5.1e-140	499.6
SRR10507655|k141_50205_1	nanK|nanK_28066_bv	44.9	243	122	4	2	244	19	249	1.5e-42	175.3
SRR10507655|k141_50263_31	nanU|nanU_453965_bv	40.6	594	315	14	1	587	2	564	3.9e-116	421.0
SRR10507655|k141_101153_23	kpsM|kpsM_209_bv	54.5	268	119	2	66	330	10	277	2.2e-76	288.1
SRR10507655|k141_101153_44	neuA|neuA_49575_bv	83.5	230	14	1	11	240	1	206	9.9e-103	375.2
SRR10507655|k141_101153_47	cpsK|cpsK_23_bv	54.6	361	158	2	1	361	1	355	1.2e-115	418.7
SRR10507655|k141_50503_2	nanU|nanU_24278_bv	45.9	518	245	16	3	506	1	497	9.0e-114	412.9
SRR10507655|k141_50510_4	nanU|nanU_517875_bv	50.1	405	185	7	1	394	157	555	1.7e-104	381.7
SRR10507655|k141_50531_2	SIAE|SIAE_64512_bv	56.1	651	268	5	1	634	1	650	6.7e-223	775.8
SRR10507655|k141_50603_65	nanU|nanU_10752_bv	99.3	553	4	0	1	553	1	553	0.0e+00	1130.2
SRR10507655|k141_50633_1	nanQ|nanQ_653_uniprot	100.0	134	0	0	11	144	1	134	3.4e-74	279.6
SRR10507656|k141_83619_1	nagA|nagA_12110_uniprot	100.0	273	0	0	1	273	115	387	4.3e-155	549.3
SRR10507656|k141_83619_2	nagB|nagB_2062_bv	99.2	255	2	0	1	255	1	255	2.1e-143	510.4
SRR10507656|k141_83737_2	siaM|siaM_11738_bv	100.0	435	0	0	1	435	1	435	2.1e-228	793.5
SRR10507656|k141_83744_7	nanU|nanU_606747_bv	100.0	481	0	0	1	481	3	483	5.3e-281	968.4
SRR10507656|k141_145_1	nanU|nanU_444296_bv	42.7	541	282	12	1	527	3	529	1.2e-100	369.4
SRR10507656|k141_152_8	nanU|nanU_371050_bv	53.6	591	268	5	1	590	1	586	2.9e-180	634.0
SRR10507656|k141_28059_2	siaM|siaM_25544_bv	83.3	425	71	0	1	425	1	425	1.2e-183	644.8
SRR10507656|k141_28059_18	nanR|nanR_1299_uniprot	46.7	225	119	1	1	225	1	224	9.7e-52	205.7
SRR10507656|k141_166_5	SIAE|SIAE_63972_bv	49.5	652	148	3	11	662	14	484	1.2e-177	625.5
SRR10507656|k141_166_8	nanU|nanU_91253_bv	58.4	594	237	6	1	591	1	587	4.9e-204	713.0
SRR10507656|k141_166_12	nanU|nanU_556657_bv	48.0	625	277	15	3	621	2	584	9.2e-153	542.7
SRR10507656|k141_28096_7	nanR|nanR_1299_uniprot	42.1	216	124	1	10	225	10	224	1.1e-42	175.6
SRR10507656|k141_83848_16	nanU|nanU_567044_bv	99.6	475	2	0	14	488	1	475	9.8e-283	974.2
SRR10507656|k141_56124_4	SIAE|SIAE_24923_refseq	100.0	492	0	0	1	492	1	492	5.0e-295	1015.0
SRR10507656|k141_83913_78	siaQ|siaQ_298229_bv	48.4	153	79	0	5	157	7	159	2.0e-30	134.4
SRR10507656|k141_83913_79	siaT|siaT_53783_uniprot	99.8	429	1	0	1	429	1	429	1.7e-222	773.9
SRR10507656|k141_84040_18	nanU|nanU_11990_bv	100.0	542	0	0	1	542	1	542	0.0e+00	1095.5
SRR10507656|k141_28462_31	siaQ|siaQ_7803_bv	100.0	167	0	0	1	167	1	167	3.6e-83	309.7
SRR10507656|k141_28462_32	siaM|siaM_44673_bv	100.0	433	0	0	1	433	1	433	1.0e-222	774.6
SRR10507656|k141_474_28	nanK|nanK_297_bv	51.8	309	138	2	8	316	3	300	2.8e-84	314.3
SRR10507656|k141_474_34	nanE|nanE_1216_bv	100.0	232	0	0	1	232	1	232	6.6e-128	458.8
SRR10507656|k141_56370_9	nanU|nanU_634927_bv	100.0	488	0	0	9	496	12	499	2.7e-288	992.6
SRR10507656|k141_56370_107	nagB|nagB_32250_bv	100.0	270	0	0	1	270	4	273	1.7e-156	553.9
SRR10507656|k141_56410_1	nanU|nanU_228793_bv	53.6	375	160	5	1	375	146	506	2.8e-112	407.5
SRR10507656|k141_28512_33	nanQ|nanQ_3377_uniprot	100.0	153	0	0	1	153	1	153	5.7e-88	325.5
SRR10507656|k141_84189_3	nanK|nanK_7216_bv	40.8	309	171	4	12	317	4	303	1.0e-57	226.1
SRR10507656|k141_56481_1	nagB|nagB_2026_bv	100.0	193	0	0	1	193	53	245	8.5e-105	381.7
SRR10507656|k141_84268_1	siaM|siaM_429620_bv	98.6	423	6	0	1	423	6	428	1.3e-219	764.2
SRR10507656|k141_84268_5	siaQ|siaQ_936_uniprot	94.2	171	10	0	1	171	1	171	2.6e-89	330.1
SRR10507656|k141_84365_1	siaQ|siaQ_936_uniprot	97.7	171	4	0	1	171	1	171	5.6e-92	339.0
SRR10507656|k141_28722_5	nanU|nanU_91253_bv	57.0	579	241	6	16	591	14	587	2.3e-185	651.0
SRR10507656|k141_28722_9	nanU|nanU_556657_bv	47.1	618	288	11	1	613	1	584	1.2e-152	542.3
SRR10507656|k141_56611_10	SIAE|SIAE_19013_uniprot	98.3	357	6	0	4	360	1	357	3.1e-207	723.4
SRR10507656|k141_28748_3	satD|WP_062009075.1	41.4	222	130	0	11	232	23	244	1.3e-42	175.6
SRR10507656|k141_28748_6	satB|HYI23826.1	41.5	316	176	2	1	308	1	315	4.6e-60	233.8
SRR10507656|k141_28826_13	nanU|nanU_623982_bv	70.0	556	166	1	9	564	2	556	1.2e-239	831.2
SRR10507656|k141_56645_13	kpsT|kpsT_10521_bv	49.1	228	116	0	5	232	1	228	3.0e-57	224.2
SRR10507656|k141_84582_63	satB|MFN4189717.1	44.7	304	167	1	1	304	1	303	2.9e-75	284.3
SRR10507656|k141_28918_33	nanK|nanK_28066_bv	47.7	304	148	3	6	309	5	297	2.8e-65	251.1
SRR10507656|k141_28927_1	siaQ|siaQ_811_uniprot	40.4	141	84	0	20	160	1	141	7.9e-27	122.5
SRR10507656|k141_56803_1	nanU|nanU_280392_bv	65.5	531	177	3	1	530	1	526	6.5e-216	752.3
SRR10507656|k141_56840_2	siaP|siaP_142457_bv	97.8	268	6	0	106	373	1	268	4.9e-149	529.6
SRR10507656|k141_56840_3	siaQ|siaQ_282843_bv	48.9	176	88	1	2	175	1	176	5.3e-45	183.0
SRR10507656|k141_56840_4	siaM|siaM_5787_bv	100.0	430	0	0	1	430	1	430	7.2e-213	741.9
SRR10507656|k141_84688_2	neuD|neuD_6300_uniprot	98.5	195	3	0	1	195	1	195	1.4e-38	161.8
SRR10507656|k141_722_42	siaM|siaM_10590_bv	100.0	428	0	0	1	428	1	428	5.8e-223	775.4
SRR10507656|k141_722_43	siaQ|siaQ_936_uniprot	99.4	171	1	0	1	171	1	171	3.3e-92	339.7
SRR10507656|k141_722_53	nanK|nanK_28066_bv	45.8	312	154	4	3	314	1	297	1.3e-65	252.3
SRR10507656|k141_762_1	satD|WP_303378146.1	46.7	261	127	4	5	258	10	265	7.7e-57	223.0
SRR10507656|k141_57019_2	SIAE|SIAE_20707_refseq	100.0	491	0	0	1	491	1	491	7.2e-294	1011.1
SRR10507656|k141_84847_1	satA|WP_290960104.1	99.8	532	1	0	1	532	1	532	0.0e+00	1080.5
SRR10507656|k141_84858_1	nanU|nanU_303156_bv	96.6	377	13	0	1	377	46	422	6.5e-210	731.9
SRR10507656|k141_84859_1	nanU|nanU_303156_bv	99.7	377	1	0	1	377	46	422	1.1e-214	747.7
SRR10507656|k141_776_44	nanU|nanU_115339_bv	56.2	641	270	5	4	644	3	632	1.1e-209	731.9
SRR10507656|k141_777_5	nanU|nanU_24278_bv	43.8	518	256	16	1	504	1	497	1.2e-110	402.5
SRR10507656|k141_29147_2	nanE|nanE_242_bv	100.0	234	0	0	1	234	1	234	1.6e-129	464.2
SRR10507656|k141_57138_3	satB|MEM7021896.1	41.6	320	178	5	1	318	1	313	5.3e-59	230.3
SRR10507656|k141_57138_7	satD|WP_255793737.1	44.4	268	142	2	9	276	9	269	3.1e-57	224.6
SRR10507656|k141_29263_15	nanQ|nanQ_575_uniprot	100.0	148	0	0	1	148	1	148	1.1e-83	311.2
SRR10507656|k141_29263_22	nanU|nanU_323848_bv	63.7	582	194	8	1	582	1	565	3.3e-213	743.4
SRR10507656|k141_29264_2	satB|MFN4189717.1	41.2	301	174	3	3	302	4	302	5.7e-55	216.9
SRR10507656|k141_29307_1	nanU|nanU_214804_bv	46.6	545	258	12	20	546	11	540	2.2e-126	454.9
SRR10507656|k141_29307_5	nanH|nanH_20964_bv	90.0	399	40	0	143	541	1	399	1.1e-213	745.0
SRR10507656|k141_29307_10	nanU|nanU_403585_bv	89.8	528	42	2	2	528	1	517	4.4e-281	968.8
SRR10507656|k141_29322_4	SIAE|SIAE_3264_uniprot	72.5	273	75	0	1	273	1	273	7.9e-119	429.1
SRR10507656|k141_959_2	nanU|nanU_494283_bv	99.8	513	1	0	80	592	1	513	0.0e+00	1075.1
SRR10507656|k141_986_4	siaP|siaP_237435_bv	99.6	255	1	0	85	339	1	255	2.0e-149	530.8
SRR10507656|k141_986_5	siaQ|siaQ_957_uniprot	100.0	160	0	0	1	160	1	160	6.4e-90	332.0
SRR10507656|k141_986_6	siaM|siaM_42530_bv	100.0	423	0	0	1	423	1	423	1.6e-220	767.3
SRR10507656|k141_85205_2	siaM|siaM_581329_bv	100.0	94	0	0	1	94	1	94	6.3e-45	181.8
SRR10507656|k141_1186_17	siaP|siaP_99094_bv	88.6	245	28	0	94	338	1	245	1.4e-118	428.3
SRR10507656|k141_1186_18	siaQ|siaQ_12755_bv	100.0	167	0	0	1	167	1	167	4.5e-86	319.3
SRR10507656|k141_1186_19	siaM|siaM_10592_bv	100.0	435	0	0	1	435	1	435	6.1e-228	792.0
SRR10507656|k141_29546_2	satD|WP_400504934.1	40.9	264	156	0	1	264	1	264	2.4e-59	231.5
SRR10507656|k141_85311_37	kpsM|kpsM_252_bv	40.0	265	157	2	3	267	16	278	1.3e-42	175.6
SRR10507656|k141_85311_41	kpsT|kpsT_13997_bv	40.5	237	138	2	69	305	7	240	2.5e-45	184.9
SRR10507656|k141_1197_4	satD|WP_290245837.1	41.9	267	147	3	3	266	6	267	2.3e-57	224.9
SRR10507656|k141_29633_2	nanU|nanU_204066_bv	75.2	524	128	2	1	523	1	523	2.0e-249	863.6
SRR10507656|k141_1271_23	kpsM|kpsM_209_bv	57.4	270	108	3	7	271	10	277	1.4e-81	305.1
SRR10507656|k141_29738_1	nanK|nanK_130_bv	40.8	277	142	7	1	258	1	274	1.9e-49	198.4
SRR10507656|k141_85454_80	SIAE|SIAE_45363_bv	62.5	571	176	4	1	571	1	533	2.0e-210	734.2
SRR10507656|k141_85454_136	neuB|neuB_32248_bv	45.6	283	147	5	6	288	19	294	3.3e-52	207.6
SRR10507656|k141_57567_7	siaP|siaP_438286_bv	53.1	303	132	3	30	330	34	328	3.5e-90	334.0
SRR10507656|k141_57609_3	satD|WP_209677732.1	44.1	256	137	2	5	255	16	270	3.9e-54	214.2
SRR10507656|k141_1314_34	satD|MBF1225435.1	46.9	262	134	2	8	269	13	269	2.9e-60	234.6
SRR10507656|k141_1314_37	satB|EOS39101.1	41.7	300	172	1	1	297	12	311	2.6e-60	234.6
SRR10507656|k141_85647_2	kpsT|kpsT_10521_bv	45.5	244	132	1	4	246	2	245	1.3e-60	235.3
SRR10507656|k141_29859_53	neuA|neuA_33991_bv	99.1	229	2	0	1	229	1	229	3.2e-127	456.4
SRR10507656|k141_29859_59	neuC|neuC_3340_refseq	99.7	387	1	0	1	387	1	387	2.3e-218	760.0
SRR10507656|k141_29859_60	neuB|neuB_11071_refseq	99.7	330	1	0	1	330	1	330	3.6e-188	659.4
SRR10507656|k141_29859_88	nanK|nanK_13641_bv	97.1	240	7	0	54	293	1	240	3.0e-130	466.8
SRR10507656|k141_29859_89	nanE|nanE_4589_uniprot	100.0	231	0	0	1	231	7	237	3.2e-127	456.4
SRR10507656|k141_29859_90	nanQ|nanQ_635_uniprot	100.0	148	0	0	1	148	1	148	1.8e-83	310.5
SRR10507656|k141_29859_91	nanA|nanA_5008_bv	88.0	309	37	0	1	309	1	309	7.6e-156	552.0
SRR10507656|k141_29859_96	nagB|nagB_22017_uniprot	100.0	250	0	0	1	250	2	251	8.6e-142	505.0
SRR10507656|k141_57684_4	kpsM|kpsM_657_bv	99.6	258	1	0	1	258	1	258	2.3e-137	490.3
SRR10507656|k141_57684_5	kpsT|kpsT_10521_bv	49.8	237	118	1	7	242	3	239	9.6e-61	235.7
SRR10507656|k141_29895_5	nanU|nanU_430414_bv	46.4	631	295	9	1	614	5	609	1.2e-157	558.9
SRR10507656|k141_1562_10	kpsD|kpsD_6685_bv	69.7	788	228	5	36	814	13	798	0.0e+00	1089.3
SRR10507656|k141_85754_59	nanU|nanU_551912_bv	48.0	583	286	9	14	585	4	580	6.9e-150	533.1
SRR10507656|k141_85754_100	nanU|nanU_607467_bv	42.1	549	288	8	4	533	6	543	9.5e-106	386.3
SRR10507656|k141_85754_114	nanU|nanU_230996_bv	76.2	517	116	2	1	513	1	514	1.0e-245	851.3
SRR10507656|k141_85754_131	nanU|nanU_24278_bv	56.2	500	206	6	1	490	1	497	4.4e-158	560.1
SRR10507656|k141_1622_32	nanU|nanU_573757_bv	63.5	496	175	3	16	505	10	505	8.5e-189	662.1
SRR10507656|k141_1659_1	nagB|nagB_118355_bv	99.4	180	1	0	1	180	75	254	3.7e-102	372.9
SRR10507656|k141_58009_4	SIAE|SIAE_16573_refseq	99.3	287	2	0	1	287	1	287	2.6e-166	586.6
SRR10507656|k141_1802_1	nanC|nanC_708_bv	69.2	146	41	1	1	146	1	142	4.7e-55	216.1
SRR10507656|k141_85898_1	nanK|nanK_30968_bv	48.0	123	52	1	23	133	1	123	8.9e-24	112.1
SRR10507656|k141_58148_4	nanU|nanU_9425_bv	72.5	553	152	0	1	553	1	553	1.7e-246	854.0
SRR10507656|k141_86093_5	nagA|nagA_612_bv	100.0	385	0	0	1	385	1	385	6.4e-229	795.0
SRR10507656|k141_2052_1	ompF|ompF_9192_bv	78.5	130	23	1	11	140	1	125	1.1e-53	211.5
SRR10507656|k141_86112_30	nanU|nanU_441088_bv	56.1	613	261	3	1	613	1	605	1.5e-203	711.4
SRR10507656|k141_2059_17	nanU|nanU_587755_bv	98.9	454	5	0	46	499	1	454	5.5e-273	941.8
SRR10507656|k141_2059_70	nanU|nanU_453965_bv	60.5	569	214	8	1	564	2	564	2.9e-198	693.7
SRR10507656|k141_30489_5	nanK|nanK_22814_bv	40.4	314	180	5	2	310	7	318	1.3e-54	215.7
SRR10507656|k141_58308_37	nanQ|nanQ_2957_uniprot	100.0	205	0	0	1	205	1	205	2.5e-115	416.8
SRR10507656|k141_58342_4	nanU|nanU_173864_bv	55.3	568	239	6	1	563	3	560	1.9e-176	621.3
SRR10507656|k141_58342_15	SIAE|SIAE_100362_bv	100.0	474	0	0	1	474	1	474	2.7e-293	1009.2
SRR10507656|k141_58342_20	nanU|nanU_201171_bv	96.7	543	18	0	1	543	1	543	0.0e+00	1106.3
SRR10507656|k141_58363_4	SIAE|SIAE_26544_bv	100.0	473	0	0	1	473	1	473	3.0e-289	995.7
SRR10507656|k141_2199_2	siaM|siaM_246743_bv	99.8	405	1	0	1	405	20	424	4.1e-202	706.1
SRR10507656|k141_86305_14	satD|WP_303358652.1	40.6	229	122	7	18	237	31	254	4.1e-32	140.6
SRR10507656|k141_30659_10	nanU|nanU_114568_bv	49.3	608	297	7	15	615	35	638	2.7e-168	594.3
SRR10507656|k141_30659_16	nanU|nanU_335603_bv	56.7	497	212	3	14	509	1	495	6.8e-162	572.8
SRR10507656|k141_86339_1	neuB|neuB_900_bv	99.7	293	1	0	1	293	54	346	2.8e-168	593.2
SRR10507656|k141_58396_30	nanU|nanU_276468_bv	98.2	494	9	0	1	494	3	496	3.1e-284	979.2
SRR10507656|k141_58396_33	nanU|nanU_447037_bv	71.3	492	139	2	1	490	1	492	1.9e-214	747.3
SRR10507656|k141_58396_40	nanU|nanU_160243_bv	100.0	516	0	0	1	516	1	516	0.0e+00	1076.2
SRR10507656|k141_58396_66	nanU|nanU_441088_bv	65.3	602	208	1	6	607	5	605	1.5e-240	834.3
SRR10507656|k141_58396_77	nagB|nagB_3398_bv	100.0	270	0	0	1	270	1	270	2.1e-154	547.0
SRR10507656|k141_2252_8	nanU|nanU_14675_bv	52.3	639	273	15	9	646	4	611	1.2e-179	632.1
SRR10507656|k141_2252_25	nanU|nanU_258096_bv	61.7	517	188	2	1	511	1	513	2.0e-185	651.0
SRR10507656|k141_30778_1	SIAE|SIAE_1195_uniprot	95.7	277	12	0	1	277	11	287	2.0e-155	550.4
SRR10507656|k141_2296_6	nanH|nanH_52781_bv	97.0	200	6	0	1	200	5	204	4.4e-112	406.0
SRR10507656|k141_2329_2	satD|WP_149083920.1	41.4	210	108	7	17	216	30	234	3.7e-27	124.0
SRR10507656|k141_30800_17	SIAE|SIAE_2726_bv	100.0	522	0	0	1	522	1	522	9.2e-313	1074.3
SRR10507656|k141_30806_4	satD|HJC70536.1	40.2	209	115	7	20	221	7	212	4.2e-26	120.6
SRR10507656|k141_30820_1	nagA|nagA_1634_bv	99.7	383	1	0	1	383	1	383	5.8e-222	771.9
SRR10507656|k141_86460_184	neuB|neuB_11070_refseq	99.4	329	2	0	1	329	1	329	1.3e-185	651.0
SRR10507656|k141_86460_185	neuC|neuC_34483_bv	100.0	383	0	0	1	383	1	383	2.4e-220	766.5
SRR10507656|k141_86460_186	neuA|neuA_11258_uniprot	100.0	228	0	0	1	228	1	228	1.6e-126	454.1
SRR10507656|k141_58585_6	nanU|nanU_408962_bv	99.6	472	2	0	1	472	1	472	3.3e-267	922.5
SRR10507656|k141_2339_97	nagA|nagA_52062_bv	100.0	375	0	0	1	375	1	375	1.3e-218	760.8
SRR10507656|k141_2339_107	nanK|nanK_28066_bv	43.0	305	159	7	7	311	5	294	1.5e-53	212.2
SRR10507656|k141_86472_10	nanU|nanU_210717_bv	66.3	499	161	6	14	509	4	498	5.2e-186	652.9
SRR10507656|k141_58639_2	nanK|nanK_28066_bv	43.3	305	158	6	7	311	5	294	3.6e-52	207.6
SRR10507656|k141_58823_3	satD|WP_297186591.1	40.6	229	129	2	19	241	30	257	2.0e-39	164.9
SRR10507656|k141_2472_1	nanU|nanU_402590_bv	98.2	379	7	0	2	380	23	401	4.1e-220	765.8
SRR10507656|k141_2496_1	satB|WP_262292067.1	40.7	231	131	4	1	230	1	226	6.3e-38	159.8
SRR10507656|k141_58962_4	nanU|nanU_304918_bv	41.1	579	310	15	4	572	9	566	2.6e-101	371.7
SRR10507656|k141_2642_1	siaM|siaM_385679_bv	97.1	421	12	0	1	421	1	421	8.6e-211	734.9
SRR10507656|k141_2642_2	siaQ|siaQ_269314_bv	99.4	167	1	0	1	167	1	167	1.0e-82	308.1
SRR10507656|k141_86973_3	nanU|nanU_566500_bv	94.0	480	29	0	32	511	1	480	4.9e-269	928.7
SRR10507656|k141_86982_1	SIAE|SIAE_23181_bv	59.9	222	89	0	1	222	79	300	7.7e-77	289.3
SRR10507656|k141_31355_1	nanA|nanA_27086_bv	100.0	307	0	0	1	307	22	328	5.0e-176	619.0
SRR10507656|k141_87056_7	nanU|nanU_645800_bv	99.6	531	2	0	1	531	4	534	0.0e+00	1076.6
SRR10507656|k141_59185_2	siaQ|siaQ_76954_bv	99.5	202	1	0	1	202	1	202	6.4e-111	402.1
SRR10507656|k141_59211_2	kpsM|kpsM_932_bv	100.0	258	0	0	1	258	1	258	9.5e-136	485.0
SRR10507656|k141_31420_5	nanU|nanU_98380_bv	72.6	576	154	4	11	585	1	573	1.8e-254	880.6
SRR10507656|k141_2910_1	nanA|nanA_761_refseq	45.5	132	72	0	1	132	1	132	7.8e-28	125.9
SRR10507656|k141_31439_26	siaQ|siaQ_480775_bv	52.9	138	65	0	4	141	1	138	6.5e-29	129.4
SRR10507656|k141_31439_27	siaM|siaM_42927_bv	100.0	424	0	0	1	424	1	424	3.7e-222	772.7
SRR10507656|k141_59313_1	satD|WP_420176145.1	40.6	229	123	3	30	247	36	262	1.4e-41	172.2
SRR10507656|k141_59313_2	satD|WP_104088064.1	40.9	257	142	1	4	250	5	261	2.7e-50	201.1
SRR10507656|k141_87182_9	kpsT|kpsT_14620_bv	48.6	249	126	1	1	247	1	249	7.6e-58	226.1
SRR10507656|k141_2986_20	nanU|nanU_175551_bv	42.4	559	292	14	3	555	10	544	3.3e-109	397.9
SRR10507656|k141_59360_48	nanU|nanU_590222_bv	46.7	572	284	12	3	564	2	562	2.8e-140	501.1
SRR10507656|k141_31499_150	satD|PID97652.1	42.3	260	142	3	1	259	4	256	9.8e-48	192.6
SRR10507656|k141_3050_26	nanK|nanK_22396_bv	45.2	310	170	0	3	312	5	314	9.0e-72	272.7
SRR10507656|k141_3050_46	nanK|nanK_28066_bv	43.9	305	159	3	7	311	5	297	1.3e-57	225.7
SRR10507656|k141_59421_8	kpsT|kpsT_13997_bv	43.3	238	131	2	8	242	5	241	9.7e-53	209.1
SRR10507656|k141_87234_110	nanU|nanU_97494_bv	40.5	556	294	17	3	545	22	553	1.7e-102	375.6
SRR10507656|k141_3108_11	satD|WP_320926183.1	45.9	259	136	2	9	264	14	271	1.1e-59	232.6
SRR10507656|k141_3108_15	nagB|nagB_110471_bv	99.6	242	1	0	1	242	1	242	1.2e-137	491.1
SRR10507656|k141_31537_5	siaM|siaM_385679_bv	99.8	422	1	0	1	422	1	422	1.7e-214	747.3
SRR10507656|k141_31537_6	siaQ|siaQ_36530_bv	100.0	167	0	0	1	167	1	167	1.0e-82	308.1
SRR10507656|k141_31537_7	siaP|siaP_99094_bv	90.7	247	23	0	95	341	1	247	2.0e-125	451.1
SRR10507656|k141_31537_63	nagA|nagA_21600_bv	100.0	384	0	0	1	384	1	384	3.2e-220	766.1
SRR10507656|k141_87247_16	siaP|siaP_523080_bv	52.5	316	146	3	14	328	17	329	5.9e-90	333.2
SRR10507656|k141_87247_17	siaT|siaT_19174_uniprot	90.4	425	41	0	1	425	1	425	6.7e-203	708.8
SRR10507656|k141_87247_18	siaQ|siaQ_196187_bv	41.7	144	82	2	3	145	10	152	2.1e-21	104.4
SRR10507656|k141_87247_19	nanQ|nanQ_3251_bv	97.4	155	4	0	1	155	1	155	3.9e-84	312.8
SRR10507656|k141_3132_2	siaM|siaM_19458_bv	100.0	344	0	0	1	344	1	344	6.9e-166	585.5
SRR10507656|k141_31598_1	satD|WP_284875207.1	45.9	183	96	2	6	186	76	257	3.3e-40	167.2
SRR10507656|k141_31606_3	nanA|nanA_20601_bv	78.0	305	67	0	1	305	1	305	1.7e-139	497.7
SRR10507656|k141_87351_1	ompF|ompF_9294_bv	63.4	186	59	2	1	179	31	214	4.4e-63	243.0
SRR10507656|k141_3219_10	SIAE|SIAE_31754_bv	99.5	414	2	0	11	424	1	414	4.4e-247	855.5
SRR10507656|k141_31686_5	nanU|nanU_16711_bv	100.0	557	0	0	1	557	1	557	0.0e+00	1143.3
SRR10507656|k141_59729_1	nanK|nanK_17982_bv	98.8	170	2	0	1	170	1	170	5.0e-93	342.4
SRR10507656|k141_3268_1	siaP|siaP_682123_bv	59.6	109	44	0	1	109	6	114	3.9e-30	132.9
SRR10507656|k141_87510_3	siaQ|siaQ_59333_bv	100.0	125	0	0	1	125	1	125	2.2e-61	236.9
SRR10507656|k141_3414_4	nagA|nagA_2988_uniprot	100.0	356	0	0	1	356	24	379	8.3e-207	721.5
SRR10507656|k141_31970_72	nanQ|nanQ_2739_bv	100.0	154	0	0	1	154	1	154	4.6e-85	315.8
SRR10507656|k141_31970_73	nanK|nanK_15207_bv	100.0	291	0	0	1	291	7	297	2.9e-157	556.6
SRR10507656|k141_31970_74	nanE|nanE_243_bv	100.0	229	0	0	1	229	1	229	1.1e-124	448.0
SRR10507656|k141_31970_75	nanT|nanT_2413_bv	100.0	496	0	0	1	496	11	506	3.4e-283	975.7
SRR10507656|k141_31970_76	nanA|nanA_5472_bv	100.0	297	0	0	1	297	1	297	5.4e-167	589.0
SRR10507656|k141_31970_77	nanR|nanR_64_bv	93.5	263	17	0	1	263	1	263	1.7e-132	474.2
SRR10507656|k141_3440_5	satD|WP_132501181.1	41.0	229	120	5	26	244	39	262	6.5e-33	143.3
SRR10507656|k141_87609_38	nanK|nanK_707_uniprot	55.3	349	154	1	51	397	3	351	9.9e-108	392.5
SRR10507656|k141_87610_1	satD|WP_151549948.1	45.5	257	132	3	4	254	12	266	1.6e-61	238.4
SRR10507656|k141_87689_2	nanK|nanK_325_bv	44.5	310	166	4	5	310	3	310	3.3e-58	227.6
SRR10507656|k141_32052_20	nanU|nanU_256107_bv	40.8	576	296	19	6	564	1	548	5.2e-102	374.0
SRR10507656|k141_32052_42	nanU|nanU_230315_bv	100.0	510	0	0	4	513	18	527	8.3e-309	1060.8
SRR10507656|k141_3461_91	nanU|nanU_108721_bv	41.0	544	298	10	6	548	2	523	9.5e-109	396.4
SRR10507656|k141_3461_114	nanU|nanU_6042_bv	100.0	522	0	0	1	522	1	522	1.7e-309	1063.1
SRR10507656|k141_87747_1	nanA|nanA_49330_refseq	43.2	88	50	0	6	93	2	89	1.2e-14	81.3
SRR10507656|k141_59991_4	nanU|nanU_601173_bv	86.7	562	74	1	1	561	12	573	1.1e-298	1027.3
SRR10507656|k141_60008_1	kpsM|kpsM_209_bv	41.2	199	114	1	1	196	79	277	4.5e-37	156.8
SRR10507656|k141_87775_1	satD|WP_285297560.1	47.7	258	129	3	15	267	15	271	6.5e-57	223.4
SRR10507656|k141_32088_14	siaM|siaM_230495_bv	99.7	313	1	0	1	313	116	428	5.5e-162	572.4
SRR10507656|k141_87797_38	kpsT|kpsT_10521_bv	46.7	240	127	1	1	239	2	241	1.0e-59	232.3
SRR10507656|k141_87797_39	kpsM|kpsM_539_bv	55.9	472	204	3	1	469	1	471	9.8e-139	495.7
SRR10507656|k141_60030_133	ompC|ompC_8962_bv	100.0	374	0	0	1	374	2	375	2.9e-218	759.6
SRR10507656|k141_32177_13	nagA|nagA_2856_bv	100.0	382	0	0	1	382	1	382	5.2e-223	775.4
SRR10507656|k141_87919_6	kpsM|kpsM_245_uniprot	47.6	225	110	3	2	226	18	234	9.5e-47	189.1
SRR10507656|k141_60119_7	nanU|nanU_6501_bv	100.0	512	0	0	1	512	11	522	4.3e-305	1048.5
SRR10507656|k141_60119_13	nanU|nanU_572409_bv	42.2	462	254	6	69	526	134	586	1.2e-97	359.4
SRR10507656|k141_60119_46	nanU|nanU_181331_bv	77.1	533	117	1	8	540	1	528	6.4e-251	868.6
SRR10507656|k141_60119_51	nagA|nagA_3982_bv	100.0	388	0	0	1	388	1	388	1.8e-223	776.9
SRR10507656|k141_60119_52	nagA|nagA_116871_bv	100.0	386	0	0	1	386	1	386	2.9e-221	769.6
SRR10507656|k141_88065_1	satD|WP_245637405.1	47.8	245	123	3	12	253	30	272	2.3e-59	231.5
SRR10507656|k141_88090_2	nanQ|nanQ_1006_bv	92.3	104	8	0	1	104	1	104	6.9e-53	208.4
SRR10507656|k141_60306_11	satD|WP_250506924.1	41.3	252	139	6	1	247	14	261	6.5e-39	163.7
SRR10507656|k141_88095_23	nanU|nanU_119814_bv	59.7	457	184	0	16	472	25	481	6.6e-151	536.2
SRR10507656|k141_88095_37	nanU|nanU_226964_bv	55.0	555	232	8	1	547	1	545	1.7e-163	578.2
SRR10507656|k141_3761_7	nanQ|nanQ_3361_uniprot	97.3	148	4	0	1	148	1	148	4.0e-78	292.7
SRR10507656|k141_3776_1	nanK|nanK_4187_bv	55.0	160	72	0	3	162	5	164	1.1e-40	168.7
SRR10507656|k141_32434_2	nanU|nanU_500862_bv	41.0	522	284	13	16	523	18	529	2.3e-96	355.1
SRR10507656|k141_3826_1	nanR|nanR_1411_uniprot	44.8	480	261	2	1	478	1	478	9.8e-110	399.4
SRR10507656|k141_88299_4	nanU|nanU_352498_bv	99.4	544	3	0	1	544	3	546	0.0e+00	1133.2
SRR10507656|k141_88299_9	nagA|nagA_3712_bv	100.0	395	0	0	1	395	1	395	8.0e-227	788.1
SRR10507656|k141_88299_10	nagB|nagB_28939_bv	100.0	263	0	0	1	263	1	263	5.7e-152	538.9
SRR10507656|k141_60591_8	satB|MFN4189717.1	43.6	321	151	2	1	321	15	305	1.4e-64	248.8
SRR10507656|k141_60591_11	satD|WP_022922052.1	47.9	257	121	2	5	249	20	275	3.3e-58	227.6
SRR10507656|k141_60630_27	nagA|nagA_10787_bv	100.0	369	0	0	1	369	1	369	3.6e-213	742.7
SRR10507656|k141_60630_28	nagB|nagB_5664_bv	100.0	247	0	0	1	247	1	247	2.7e-140	500.0
SRR10507656|k141_60630_31	nanK|nanK_29727_bv	45.8	310	157	2	7	316	3	301	1.2e-76	288.9
SRR10507656|k141_60630_33	nanE|nanE_1920_bv	100.0	226	0	0	1	226	1	226	6.4e-128	458.8
SRR10507656|k141_60640_1	siaP|siaP_233095_bv	98.7	155	2	0	1	155	1	155	3.1e-82	306.6
SRR10507656|k141_3996_5	siaM|siaM_233698_bv	100.0	206	0	0	1	206	1	206	3.8e-103	376.3
SRR10507656|k141_88442_30	nanU|nanU_472641_bv	40.1	591	270	16	13	603	23	529	2.2e-90	335.5
SRR10507656|k141_88445_68	siaM|siaM_18443_bv	100.0	438	0	0	1	438	1	438	7.8e-231	801.6
SRR10507656|k141_4126_5	nanU|nanU_622114_bv	44.3	517	255	14	4	517	8	494	3.2e-106	387.9
SRR10507656|k141_60828_37	nagA|nagA_15009_bv	100.0	381	0	0	1	381	1	381	6.8e-223	775.0
SRR10507656|k141_88541_2	siaQ|siaQ_166094_bv	57.4	68	29	0	1	68	1	68	1.3e-15	84.0
SRR10507656|k141_60844_1	nanE|nanE_3833_bv	100.0	213	0	0	1	213	39	251	6.3e-117	422.2
SRR10507656|k141_32838_4	siaP|siaP_745430_bv	42.1	340	184	2	4	342	3	330	1.9e-75	285.0
SRR10507656|k141_32838_5	siaM|siaM_59280_bv	100.0	436	0	0	1	436	1	436	2.3e-235	816.6
SRR10507656|k141_32838_6	siaQ|siaQ_226247_bv	43.1	153	83	2	1	151	1	151	4.2e-26	120.2
SRR10507656|k141_60911_2	nanM|nanM_1494_uniprot	79.4	355	73	0	1	355	1	355	4.6e-173	609.4
SRR10507656|k141_60911_4	nanH|nanH_20530_bv	78.2	545	118	1	1	545	1	544	2.2e-259	896.7
SRR10507656|k141_60911_7	nanU|nanU_2415_bv	100.0	484	0	0	1	484	1	484	7.9e-285	981.1
SRR10507656|k141_60911_8	nanH|nanH_54983_bv	67.2	372	113	3	19	386	14	380	1.0e-149	531.9
SRR10507656|k141_60916_1	siaP|siaP_108089_bv	44.8	232	127	1	95	325	1	232	1.3e-49	199.1
SRR10507656|k141_32889_4	satD|WP_207616619.1	40.3	216	129	0	14	229	32	247	5.8e-40	166.8
SRR10507656|k141_4238_1	nanU|nanU_253382_bv	99.4	522	3	0	1	522	2	523	3.0e-306	1052.4
SRR10507656|k141_32947_14	nanU|nanU_501683_bv	83.8	506	81	1	1	505	3	508	3.1e-255	882.9
SRR10507656|k141_32947_24	nanU|nanU_1200_bv	43.1	620	291	16	12	598	10	600	6.0e-133	476.9
SRR10507656|k141_32947_26	nanU|nanU_656288_bv	56.1	556	231	6	6	552	7	558	2.3e-179	630.9
SRR10507656|k141_61068_3	nanU|nanU_575682_bv	61.9	430	154	6	1	430	104	523	5.4e-144	513.1
SRR10507656|k141_61068_11	nanU|nanU_235265_bv	45.0	464	234	6	1	448	1	459	4.1e-102	374.0
SRR10507656|k141_88763_11	nagB|nagB_201375_bv	100.0	241	0	0	1	241	1	241	1.1e-138	494.6
SRR10507656|k141_88763_12	nagA|nagA_119745_bv	100.0	373	0	0	1	373	1	373	2.3e-215	750.0
SRR10507656|k141_4298_4	nanQ|nanQ_618_bv	100.0	154	0	0	1	154	1	154	3.7e-87	322.8
SRR10507656|k141_61182_18	ompF|ompF_7186_bv	100.0	362	0	0	1	362	2	363	6.3e-210	731.9
SRR10507656|k141_33141_1	nagA|nagA_1897_bv	100.0	388	0	0	1	388	1	388	8.2e-224	778.1
SRR10507656|k141_33141_2	nagA|nagA_3976_bv	100.0	390	0	0	1	390	1	390	1.6e-227	790.4
SRR10507656|k141_4436_1	nanQ|nanQ_2720_uniprot	97.9	146	3	0	1	146	1	146	9.3e-80	298.1
SRR10507656|k141_88930_12	nanU|nanU_556657_bv	50.3	604	273	11	21	617	1	584	2.7e-160	567.8
SRR10507656|k141_88930_16	nanU|nanU_91253_bv	70.1	598	165	6	4	598	1	587	5.8e-245	849.0
SRR10507656|k141_88930_51	nanU|nanU_447203_bv	42.2	676	339	20	19	683	3	637	1.6e-129	465.7
SRR10507656|k141_88930_56	nagB|nagB_112767_bv	100.0	270	0	0	1	270	1	270	3.5e-157	556.2
SRR10507656|k141_88930_99	nanU|nanU_5493_bv	100.0	520	0	0	1	520	1	520	1.1e-308	1060.4
SRR10507656|k141_88930_106	nanU|nanU_285064_bv	96.7	519	17	0	10	528	1	519	6.2e-299	1028.1
SRR10507656|k141_61290_84	satD|WP_255793737.1	43.1	255	140	1	5	254	13	267	2.0e-58	228.4
SRR10507656|k141_61346_1	siaQ|siaQ_308670_bv	98.8	81	1	0	1	81	1	81	2.9e-38	159.5
SRR10507656|k141_61364_2	nanK|nanK_26250_bv	40.4	302	169	5	7	308	6	296	3.4e-58	227.6
SRR10507656|k141_89041_4	nagB|nagB_9608_bv	100.0	244	0	0	1	244	1	244	7.4e-138	491.9
SRR10507656|k141_33326_1	nagA|nagA_22185_bv	79.8	342	65	1	3	344	42	379	2.2e-164	580.5
SRR10507656|k141_89055_17	satD|WP_005824826.1	40.9	254	144	2	4	251	11	264	1.5e-48	195.3
SRR10507656|k141_33394_2	satD|MDF2442142.1	49.8	233	116	1	14	246	32	263	2.3e-64	248.1
SRR10507656|k141_61566_7	nanU|nanU_339340_bv	41.3	564	299	15	21	573	25	567	9.0e-102	373.2
SRR10507656|k141_61566_16	nanU|nanU_69323_bv	42.4	575	297	16	11	572	4	557	3.9e-105	384.4
SRR10507656|k141_61589_2	satD|WP_110851963.1	44.5	227	117	4	22	245	29	249	5.5e-48	193.4
SRR10507656|k141_61657_1	ompC|ompC_12209_bv	78.9	123	26	0	1	123	4	126	6.2e-53	208.8
SRR10507656|k141_89260_1	satD|GAB3624202.1	46.2	212	110	2	1	212	60	267	9.2e-52	206.1
SRR10507656|k141_61741_5	siaM|siaM_65930_bv	100.0	429	0	0	1	429	1	429	6.7e-227	788.5
SRR10507656|k141_61741_6	siaQ|siaQ_151783_bv	93.5	169	11	0	1	169	1	169	4.2e-84	312.8
SRR10507656|k141_61741_7	siaP|siaP_685834_bv	73.6	303	80	0	68	370	24	326	6.1e-128	459.5
SRR10507656|k141_4766_47	nanU|nanU_327911_bv	98.0	497	10	0	47	543	1	497	5.9e-297	1021.5
SRR10507656|k141_4770_8	siaP|siaP_99094_bv	99.2	253	2	0	97	349	1	253	1.7e-140	501.1
SRR10507656|k141_33474_84	nanU|nanU_438235_bv	99.8	482	1	0	12	493	1	482	4.7e-285	981.9
SRR10507656|k141_33488_6	nanU|nanU_403585_bv	94.0	579	17	1	1	579	1	561	0.0e+00	1101.7
SRR10507656|k141_33488_11	nanH|nanH_20964_bv	97.5	402	10	0	143	544	1	402	1.9e-226	787.3
SRR10507656|k141_33488_15	nanU|nanU_214804_bv	46.2	545	260	12	20	546	11	540	5.5e-125	450.3
SRR10507656|k141_61844_18	nanQ|nanQ_32_uniprot	100.0	146	0	0	1	146	1	146	3.9e-78	292.7
SRR10507656|k141_89425_47	siaP|siaP_503766_bv	71.4	262	74	1	1	262	1	261	3.4e-101	370.5
SRR10507656|k141_89425_49	siaQ|siaQ_989_uniprot	86.6	172	23	0	1	172	1	172	5.3e-82	305.8
SRR10507656|k141_89425_50	siaM|siaM_13046_bv	100.0	446	0	0	1	446	1	446	5.7e-237	822.0
SRR10507656|k141_33624_2	satD|MDO5604064.1	44.3	255	141	1	1	255	1	254	4.5e-53	210.3
SRR10507656|k141_89594_5	nanU|nanU_566340_bv	67.7	575	178	5	1	571	1	571	8.0e-228	792.0
SRR10507656|k141_89597_1	siaM|siaM_10867_bv	95.0	362	18	0	26	387	74	435	1.1e-183	644.8
SRR10507656|k141_62050_62	nanU|nanU_586567_bv	42.4	542	269	16	4	523	6	526	3.1e-109	397.9
SRR10507656|k141_89650_3	siaP|siaP_513842_bv	41.3	155	90	1	1	155	8	161	7.6e-27	122.5
SRR10507656|k141_5063_1	nanQ|nanQ_4710_uniprot	100.0	129	0	0	1	129	1	129	1.1e-71	271.2
SRR10507656|k141_5083_1	nanA|nanA_6979_bv	100.0	261	0	0	1	261	45	305	4.2e-147	522.7
SRR10507656|k141_5083_2	nanK|nanK_13168_bv	73.7	232	61	0	62	293	2	233	2.6e-100	367.5
SRR10507656|k141_62220_2	nanA|nanA_5596_bv	100.0	291	0	0	1	291	1	291	4.4e-166	585.9
SRR10507656|k141_89935_1	siaM|siaM_593324_bv	96.1	103	4	0	1	103	27	129	1.1e-47	191.0
SRR10507656|k141_5230_7	nagB|nagB_178655_bv	100.0	241	0	0	1	241	9	249	9.5e-138	491.5
SRR10507656|k141_33912_2	SIAE|SIAE_9325_bv	100.0	610	0	0	1	610	1	610	0.0e+00	1279.2
SRR10507656|k141_5291_1	nanA|nanA_8656_uniprot	53.9	76	35	0	3	78	5	80	7.2e-18	91.7
SRR10507656|k141_90095_6	nanU|nanU_114568_bv	43.2	629	324	13	2	612	25	638	1.2e-136	489.2
SRR10507656|k141_62353_16	satD|WP_141820517.1	40.5	222	128	3	25	242	44	265	1.7e-33	145.2
SRR10507656|k141_90181_5	nanK|nanK_297_bv	47.9	307	149	2	11	317	1	296	6.2e-76	286.6
SRR10507656|k141_33946_1	nanA|nanA_46587_refseq	44.6	101	56	0	4	104	20	120	1.5e-20	101.3
SRR10507656|k141_5433_24	nanU|nanU_255842_bv	77.9	507	110	2	1	505	14	520	5.1e-242	839.0
SRR10507656|k141_33948_30	satD|WP_069102428.1	44.4	266	143	3	4	269	9	269	1.4e-59	232.3
SRR10507656|k141_62520_26	kpsT|kpsT_10521_bv	48.5	237	121	1	1	236	2	238	5.9e-63	243.0
SRR10507656|k141_62520_27	kpsM|kpsM_999_bv	60.3	481	190	1	1	481	12	491	3.2e-153	543.9
SRR10507656|k141_5504_32	nagA|nagA_4321_bv	100.0	391	0	0	1	391	1	391	6.5e-229	795.0
SRR10507656|k141_5504_33	nagA|nagA_1948_bv	100.0	388	0	0	1	388	1	388	4.8e-224	778.9
SRR10507656|k141_90252_89	kpsM|kpsM_657_bv	67.1	258	85	0	1	258	1	258	9.3e-91	335.5
SRR10507656|k141_90252_90	kpsT|kpsT_10521_bv	46.1	243	130	1	5	246	2	244	4.0e-59	230.3
SRR10507656|k141_62661_2	satD|WP_345043431.1	44.5	229	124	2	22	248	43	270	1.6e-49	198.7
SRR10507656|k141_62712_2	siaM|siaM_130527_bv	100.0	432	0	0	1	432	2	433	1.5e-218	760.8
SRR10507656|k141_5533_76	nanU|nanU_415551_bv	59.4	436	174	2	1	436	4	436	2.2e-145	517.7
SRR10507656|k141_34081_13	nanU|nanU_122390_bv	99.8	480	1	0	13	492	1	480	8.9e-284	977.6
SRR10507656|k141_34081_15	nanU|nanU_572409_bv	43.5	462	248	6	69	526	134	586	2.6e-100	368.2
SRR10507656|k141_5562_6	satD|WP_166414582.1	44.0	259	138	3	7	260	6	262	2.4e-56	221.5
SRR10507656|k141_62759_1	nanK|nanK_40_bv	49.7	310	152	4	2	308	3	311	3.3e-74	280.8
SRR10507656|k141_90322_122	nanK|nanK_13707_bv	47.7	300	144	3	1	294	1	293	4.7e-70	266.9
SRR10507656|k141_5634_1	satB|OPL08662.1	40.4	302	177	1	1	302	6	304	5.0e-59	230.3
SRR10507656|k141_90414_2	nanU|nanU_24278_bv	44.6	518	252	16	1	504	1	497	5.8e-113	410.2
SRR10507656|k141_34248_51	SIAE|SIAE_626_uniprot	100.0	474	0	0	1	474	7	480	2.2e-287	989.6
SRR10507656|k141_90443_7	neuD|neuD_1978_uniprot	56.4	218	94	1	3	219	2	219	3.6e-67	256.9
SRR10507656|k141_90464_13	nanU|nanU_27392_bv	92.9	468	33	0	5	472	3	470	7.5e-256	884.8
SRR10507656|k141_5742_2	nanU|nanU_656288_bv	55.3	548	234	5	11	549	13	558	3.6e-169	597.0
SRR10507656|k141_5742_4	nanU|nanU_1200_bv	42.4	620	293	16	11	598	13	600	2.7e-125	451.4
SRR10507656|k141_5753_1	ompC|ompC_14250_bv	78.2	87	19	0	1	87	1	87	8.8e-33	141.4
SRR10507656|k141_90471_19	satD|WP_154476661.1	47.7	258	135	0	2	259	4	261	5.5e-64	246.9
SRR10507656|k141_90471_22	satB|OPL08662.1	47.4	304	160	0	1	304	1	304	1.1e-74	282.3
SRR10507656|k141_5777_4	nanQ|nanQ_2958_uniprot	100.0	148	0	0	1	148	1	148	2.5e-80	300.1
SRR10507656|k141_90485_3	siaP|siaP_315466_bv	67.8	345	111	0	2	346	3	347	7.7e-133	475.7
SRR10507656|k141_90485_4	siaQ|siaQ_473197_bv	100.0	162	0	0	1	162	1	162	5.1e-87	322.4
SRR10507656|k141_34411_1	siaQ|siaQ_149436_bv	66.0	144	49	0	21	164	1	144	8.6e-50	198.7
SRR10507656|k141_34411_2	siaP|siaP_481753_bv	57.3	89	38	0	3	91	1	89	2.2e-26	120.2
SRR10507656|k141_90579_5	nanU|nanU_47594_bv	100.0	487	0	0	1	487	4	490	1.6e-293	1010.0
SRR10507656|k141_90624_3	satD|WP_440102230.1	40.1	237	133	7	13	241	22	257	6.6e-33	143.3
SRR10507656|k141_34443_2	nanU|nanU_40511_bv	62.9	167	62	0	41	207	1	167	3.9e-58	226.9
SRR10507656|k141_5895_1	siaQ|siaQ_16218_bv	100.0	151	0	0	1	151	14	164	1.3e-76	287.7
SRR10507656|k141_5895_2	siaM|siaM_153212_bv	100.0	429	0	0	1	429	1	429	1.3e-222	774.2
SRR10507656|k141_63321_3	nanQ|nanQ_2508_uniprot	100.0	149	0	0	1	149	1	149	1.2e-82	307.8
SRR10507656|k141_63326_2	nanU|nanU_485165_bv	52.7	562	245	11	6	563	8	552	3.5e-159	563.9
SRR10507656|k141_63326_4	nanU|nanU_179674_bv	43.1	620	305	12	9	609	10	600	4.0e-132	474.2
SRR10507656|k141_63326_16	nanU|nanU_326774_bv	41.4	541	282	14	1	539	1	508	3.1e-104	381.3
SRR10507656|k141_63371_1	nanK|nanK_40_bv	45.8	295	154	2	3	291	2	296	3.3e-68	260.8
SRR10507656|k141_6118_3	satB|OPL08662.1	58.0	312	126	2	1	312	1	307	5.6e-93	343.2
SRR10507656|k141_6134_2	nanQ|nanQ_672_uniprot	100.0	154	0	0	1	154	1	154	1.4e-86	320.9
SRR10507656|k141_34597_3	nanU|nanU_276196_bv	59.8	523	199	7	13	527	9	528	1.2e-185	651.7
SRR10507656|k141_34608_21	nagA|nagA_28613_bv	100.0	380	0	0	1	380	1	380	8.8e-223	774.6
SRR10507656|k141_90819_1	SIAE|SIAE_14031_bv	49.3	653	144	4	8	647	9	487	2.8e-176	620.9
SRR10507656|k141_90845_1	siaP|siaP_353251_bv	75.8	91	22	0	4	94	1	91	3.3e-33	142.9
SRR10507656|k141_34624_14	nanU|nanU_501683_bv	99.2	506	4	0	1	506	3	508	8.0e-296	1017.7
SRR10507656|k141_6246_2	siaQ|siaQ_269984_bv	43.3	141	80	0	11	151	15	155	1.8e-20	101.3
SRR10507656|k141_90918_2	SIAE|SIAE_7664_refseq	99.1	464	4	0	1	464	11	474	3.1e-278	959.1
SRR10507656|k141_90924_1	siaP|siaP_187424_bv	100.0	231	0	0	1	231	41	271	4.4e-116	419.5
SRR10507656|k141_63619_38	satD|WP_271417843.1	46.3	257	116	4	24	280	35	269	4.3e-59	230.7
SRR10507656|k141_63631_2	siaQ|siaQ_25443_bv	100.0	167	0	0	1	167	1	167	2.2e-85	317.0
SRR10507656|k141_63631_3	siaP|siaP_99094_bv	84.1	245	39	0	51	295	1	245	1.6e-115	417.9
SRR10507656|k141_63654_1	nagB|nagB_15298_bv	100.0	252	0	0	1	252	1	252	3.3e-141	503.1
SRR10507656|k141_6483_22	nanU|nanU_461825_bv	52.6	576	254	7	16	588	5	564	1.5e-165	585.1
SRR10507656|k141_63772_11	nanA|nanA_14655_bv	97.8	179	4	0	1	179	1	179	1.9e-95	350.5
SRR10507656|k141_63799_12	nanU|nanU_491623_bv	74.7	483	121	1	1	482	1	483	1.8e-215	750.7
SRR10507656|k141_63839_5	nagA|nagA_4267_bv	100.0	379	0	0	1	379	1	379	1.6e-224	780.4
SRR10507656|k141_6570_2	nanK|nanK_30968_bv	49.5	99	38	1	1	87	29	127	5.0e-20	99.0
SRR10507656|k141_6612_1	nanA|nanA_5035_uniprot	45.0	100	55	0	3	102	1	100	3.4e-20	99.8
SRR10507656|k141_34842_3	satD|WP_204878079.1	43.7	261	142	1	1	256	13	273	3.6e-55	217.6
SRR10507656|k141_34868_1	siaP|siaP_202658_bv	90.9	573	52	0	1	573	16	588	0.0e+00	1093.2
SRR10507656|k141_6721_2	nanU|nanU_383909_bv	58.7	600	237	8	1	598	1	591	5.5e-195	682.9
SRR10507656|k141_91441_1	nagB|nagB_8888_bv	100.0	180	0	0	1	180	64	243	6.9e-101	368.6
SRR10507656|k141_34971_3	satD|WP_069102428.1	46.1	269	124	5	10	270	15	270	9.6e-56	219.5
SRR10507656|k141_6870_2	nanT|nanT_1111_uniprot	98.1	429	8	0	1	429	1	429	4.8e-233	808.9
SRR10507656|k141_6882_2	nanU|nanU_453937_bv	73.4	384	99	2	24	404	27	410	4.7e-166	586.3
SRR10507656|k141_6899_6	nanU|nanU_397579_bv	68.5	406	124	3	1	404	1	404	2.3e-165	583.9
SRR10507656|k141_35156_1	siaP|siaP_598204_bv	40.4	267	154	2	55	318	93	357	6.8e-57	223.4
SRR10507656|k141_91555_30	nanU|nanU_572409_bv	49.0	502	245	3	29	527	98	591	7.9e-137	489.6
SRR10507656|k141_91555_55	nanU|nanU_10752_bv	99.3	553	4	0	1	553	1	553	0.0e+00	1129.8
SRR10507656|k141_64226_1	siaM|siaM_45946_bv	100.0	421	0	0	1	421	1	421	8.3e-222	771.5
SRR10507656|k141_6918_60	nanU|nanU_592890_bv	99.8	484	1	0	1	484	1	484	1.1e-286	987.3
SRR10507656|k141_91608_1	siaM|siaM_19431_bv	100.0	338	0	0	1	338	1	338	2.9e-169	596.7
SRR10507656|k141_35338_12	nanU|nanU_118450_bv	41.3	603	302	13	1	596	1	558	3.9e-116	421.0
SRR10507656|k141_64371_1	siaQ|siaQ_958_bv	100.0	170	0	0	1	170	1	170	8.5e-93	341.7
SRR10507656|k141_6981_17	satB|WP_209510972.1	41.4	297	167	1	1	297	15	304	1.5e-60	235.3
SRR10507656|k141_6981_55	siaM|siaM_50931_bv	100.0	400	0	0	35	434	35	434	2.0e-207	723.8
SRR10507656|k141_6981_56	siaQ|siaQ_209780_bv	82.3	158	28	0	1	158	1	158	9.9e-67	255.0
SRR10507656|k141_6981_57	siaP|siaP_387218_bv	75.6	279	68	0	54	332	2	280	9.5e-120	432.2
SRR10507656|k141_6981_58	nanQ|nanQ_2720_uniprot	100.0	154	0	0	1	154	1	154	3.0e-84	313.2
SRR10507656|k141_7068_2	nanU|nanU_631361_bv	99.4	328	2	0	1	328	90	417	5.9e-191	668.7
SRR10507656|k141_7121_1	kpsD|kpsD_1302_bv	53.3	613	284	2	1	612	47	658	7.6e-192	672.5
SRR10507656|k141_35607_2	nanQ|nanQ_69_uniprot	100.0	148	0	0	1	148	1	148	7.0e-83	308.5
SRR10507656|k141_35627_5	nanU|nanU_173356_bv	41.6	526	267	13	7	527	12	502	2.7e-97	358.2
SRR10507656|k141_35703_2	nanU|nanU_563092_bv	98.5	592	9	0	1	592	4	595	0.0e+00	1100.1
SRR10507656|k141_35703_12	nanU|nanU_639198_bv	47.0	513	260	5	6	514	8	512	4.8e-139	496.9
SRR10507656|k141_35749_1	SIAE|SIAE_16676_refseq	100.0	190	0	0	1	190	70	259	2.6e-114	413.3
SRR10507656|k141_91813_11	nanU|nanU_263213_bv	61.8	513	191	4	5	512	1	513	1.3e-184	648.3
SRR10507656|k141_91818_12	nanU|nanU_51166_bv	100.0	520	0	0	1	520	4	523	1.1e-305	1050.4
SRR10507656|k141_64667_1	satD|MFR3272525.1	47.2	176	91	2	4	178	55	229	3.2e-38	160.6
SRR10507656|k141_64720_1	nanA|nanA_9613_uniprot	58.2	79	33	0	6	84	2	80	3.2e-24	112.8
SRR10507656|k141_7338_6	satD|WP_440292989.1	42.5	200	101	5	43	234	25	218	1.2e-28	129.0
SRR10507656|k141_35912_30	nanU|nanU_46717_bv	97.7	566	13	0	1	566	1	566	0.0e+00	1146.3
SRR10507656|k141_35912_38	nanU|nanU_46717_bv	59.2	527	207	3	1	522	43	566	1.0e-181	638.6
SRR10507656|k141_7370_2	nanK|nanK_15276_bv	99.7	312	1	0	1	312	1	312	1.3e-176	620.9
SRR10507656|k141_7370_3	nanE|nanE_22324_bv	97.7	131	3	0	1	131	27	157	7.9e-70	265.0
SRR10507656|k141_7393_12	nanU|nanU_69323_bv	41.1	581	302	16	10	577	3	556	1.2e-109	399.4
SRR10507656|k141_7436_4	nanU|nanU_485807_bv	99.6	493	2	0	1	493	1	493	1.9e-289	996.5
SRR10507656|k141_64786_12	nanU|nanU_198982_bv	57.2	554	221	9	17	563	10	554	4.9e-177	623.2
SRR10507656|k141_7500_1	nanK|nanK_28066_bv	43.0	305	162	3	4	308	5	297	1.6e-57	225.3
SRR10507656|k141_64825_15	kpsD|kpsD_12100_bv	54.0	833	364	4	1	816	2	832	1.3e-263	911.4
SRR10507656|k141_64825_25	nanU|nanU_276196_bv	56.8	530	218	6	4	524	1	528	1.8e-170	601.3
SRR10507656|k141_64825_38	nanU|nanU_415551_bv	90.6	436	41	0	7	442	1	436	1.3e-225	784.3
SRR10507656|k141_64825_58	neuA|neuA_18956_bv	56.4	225	74	1	1	225	1	201	3.5e-65	250.4
SRR10507656|k141_64825_61	neuB|neuB_19920_bv	47.8	337	163	2	8	331	18	354	1.9e-83	311.6
SRR10507656|k141_64861_1	kpsT|kpsT_5664_bv	43.1	225	125	2	2	224	39	262	1.4e-50	201.8
SRR10507656|k141_64906_3	satD|WP_271417843.1	44.0	257	133	6	9	258	17	269	3.9e-51	204.1
SRR10507656|k141_7543_3	siaP|siaP_501135_bv	44.1	297	129	3	56	350	38	299	3.4e-59	231.1
SRR10507656|k141_7543_5	siaM|siaM_135767_bv	100.0	430	0	0	1	430	1	430	3.0e-219	763.1
SRR10507656|k141_7591_2	nanK|nanK_12387_bv	99.7	302	1	0	1	302	1	302	2.6e-169	596.7
SRR10507656|k141_91866_132	nagA|nagA_161209_bv	100.0	374	0	0	1	374	1	374	1.4e-217	757.3
SRR10507656|k141_91866_394	nanK|nanK_40_bv	59.1	318	127	2	1	317	1	316	1.4e-104	381.7
SRR10507656|k141_91866_520	nanE|nanE_2826_bv	100.0	228	0	0	1	228	1	228	2.5e-127	456.8
SRR10507656|k141_91866_521	nanA|nanA_995_bv	100.0	293	0	0	1	293	1	293	1.4e-167	590.9
SRR10507656|k141_91866_570	nanH|nanH_22655_bv	99.8	448	1	0	1	448	1	448	8.7e-270	931.0
SRR10507656|k141_65041_1	siaP|siaP_689284_bv	82.4	295	51	1	57	350	1	295	5.6e-139	496.1
SRR10507656|k141_36257_8	nanU|nanU_223553_bv	43.7	538	282	5	5	538	8	528	3.4e-119	431.0
SRR10507656|k141_36257_19	SIAE|SIAE_64512_bv	56.2	651	267	5	1	634	1	650	3.0e-223	776.9
SRR10507656|k141_65173_3	nanU|nanU_231159_bv	61.9	499	180	5	14	506	4	498	1.7e-176	621.3
SRR10507656|k141_7827_16	nanK|nanK_26250_bv	40.7	302	168	5	7	308	6	296	1.8e-59	231.9
SRR10507656|k141_7827_23	nanU|nanU_413036_bv	67.2	564	184	1	1	563	2	565	1.4e-237	824.3
SRR10507656|k141_92043_139	nanK|nanK_539_uniprot	100.0	313	0	0	1	313	1	313	1.4e-181	637.5
SRR10507656|k141_92043_140	nagB|nagB_36284_bv	80.2	242	48	0	1	242	1	242	1.5e-114	414.5
SRR10507656|k141_92065_1	siaP|siaP_449607_bv	63.5	307	111	1	65	371	33	338	4.0e-111	403.7
SRR10507656|k141_92065_3	siaM|siaM_59856_bv	100.0	428	0	0	1	428	1	428	4.6e-228	792.3
SRR10507656|k141_65198_131	nanU|nanU_486073_bv	88.8	516	58	0	19	534	2	517	9.1e-274	944.5
SRR10507656|k141_7986_9	nanH|nanH_54983_bv	67.0	370	117	3	19	386	14	380	2.0e-150	534.3
SRR10507656|k141_7986_10	nanU|nanU_5215_bv	100.0	484	0	0	1	484	1	484	1.6e-285	983.4
SRR10507656|k141_7986_13	nanH|nanH_22409_bv	97.8	454	10	0	93	546	1	454	6.4e-267	921.8
SRR10507656|k141_7986_15	nanM|nanM_1494_uniprot	99.7	338	1	0	1	338	18	355	6.3e-204	711.8
SRR10507656|k141_36612_1	siaP|siaP_590789_bv	63.4	284	104	0	28	311	23	306	4.0e-96	353.6
SRR10507656|k141_65233_10	nanK|nanK_28066_bv	44.3	305	158	3	7	311	5	297	1.1e-56	222.6
SRR10507656|k141_65262_1	satD|WP_227924124.1	46.7	214	110	1	1	214	57	266	5.7e-48	193.4
SRR10507656|k141_36766_2	nanK|nanK_542_bv	42.5	306	155	8	2	293	1	299	1.4e-53	212.2
SRR10507656|k141_92239_1	nanK|nanK_17845_bv	40.0	275	158	6	33	304	3	273	3.4e-47	191.0
SRR10507656|k141_8225_2	nanU|nanU_1846_bv	99.3	597	4	0	9	605	1	597	0.0e+00	1219.9
SRR10507656|k141_8266_3	satB|WP_263079827.1	50.2	309	152	1	1	309	1	307	2.2e-81	304.7
SRR10507656|k141_65447_14	satD|WP_443424392.1	40.6	212	117	4	17	221	38	247	5.1e-29	130.2
SRR10507656|k141_36823_5	kpsT|kpsT_10521_bv	48.1	237	122	1	8	243	2	238	8.1e-63	242.7
SRR10507656|k141_36823_6	kpsM|kpsM_966_bv	54.2	262	120	0	1	262	1	262	3.6e-74	280.4
SRR10507656|k141_36823_53	satD|WP_179899760.1	44.4	268	141	3	2	264	4	268	1.6e-57	225.3
SRR10507656|k141_92257_58	SIAE|SIAE_1142_bv	100.0	477	0	0	1	477	1	477	6.4e-287	988.0
SRR10507656|k141_92257_132	SIAE|SIAE_85672_bv	80.7	648	62	1	1	648	1	585	8.1e-309	1061.2
SRR10507656|k141_92257_143	SIAE|SIAE_26406_refseq	100.0	479	0	0	1	479	1	479	9.9e-288	990.7
SRR10507656|k141_92257_158	nanU|nanU_595400_bv	96.7	487	16	0	10	496	1	487	7.3e-286	984.6
SRR10507656|k141_8319_54	satD|WP_136640697.1	45.6	263	141	1	1	261	1	263	1.1e-59	232.6
SRR10507656|k141_36927_1	siaM|siaM_11742_bv	100.0	435	0	0	1	435	1	435	5.6e-213	742.3
SRR10507656|k141_36964_2	nanU|nanU_387551_bv	95.8	518	22	0	22	539	1	518	1.4e-303	1043.5
SRR10507656|k141_92367_5	nanU|nanU_75154_bv	44.5	463	239	10	1	458	1	450	5.8e-91	337.0
SRR10507656|k141_37035_5	nanU|nanU_590222_bv	51.5	581	258	12	1	576	1	562	4.7e-159	563.5
SRR10507656|k141_65627_116	satD|WP_221652614.1	45.2	252	134	2	4	252	17	267	3.4e-56	220.7
SRR10507656|k141_65627_119	satB|MCB1069314.1	43.1	313	167	3	6	311	4	312	7.2e-61	236.5
SRR10507656|k141_92457_88	nanU|nanU_464377_bv	99.8	487	1	0	15	501	1	487	5.5e-289	995.0
SRR10507656|k141_92535_2	neuD|neuD_4195_uniprot	57.8	204	85	1	30	233	1	203	1.3e-54	215.3
SRR10507656|k141_65848_1	kpsT|kpsT_10521_bv	51.6	223	108	0	6	228	3	225	9.8e-60	232.3
SRR10507656|k141_65923_2	nanK|nanK_28066_bv	45.8	312	154	4	3	314	1	297	7.4e-66	253.1
SRR10507656|k141_65955_2	nanE|nanE_1616_bv	100.0	234	0	0	1	234	1	234	8.1e-134	478.4
SRR10507656|k141_65955_3	nanQ|nanQ_4134_bv	99.4	154	1	0	1	154	1	154	2.4e-86	320.1
SRR10507656|k141_37228_66	nanU|nanU_254119_bv	94.9	509	26	0	1	509	8	516	1.7e-290	1000.0
SRR10507656|k141_8830_8	siaQ|siaQ_215169_bv	99.5	201	1	0	1	201	14	214	4.2e-107	389.4
SRR10507656|k141_8830_9	siaM|siaM_286735_bv	99.3	429	3	0	1	429	1	429	3.4e-223	776.2
SRR10507656|k141_8838_2	nanK|nanK_14917_bv	40.8	316	184	2	5	318	3	317	1.6e-58	228.8
SRR10507656|k141_92724_16	satD|WP_227924124.1	42.9	266	146	2	1	260	1	266	1.6e-60	235.3
SRR10507656|k141_37335_12	nanU|nanU_288776_bv	40.0	577	310	12	4	573	5	552	2.7e-114	414.8
SRR10507656|k141_92799_2	satD|WP_047261589.1	41.0	256	147	3	1	255	14	266	2.4e-46	188.0
SRR10507656|k141_37408_30	ompF|ompF_6640_bv	64.5	406	105	6	1	404	3	371	1.0e-131	472.2
SRR10507656|k141_66122_3	nanU|nanU_525511_bv	52.9	561	232	10	6	555	19	558	1.4e-165	585.1
SRR10507656|k141_8916_3	nanU|nanU_628049_bv	62.4	510	188	2	1	508	1	508	7.7e-190	665.6
SRR10507656|k141_37444_1	nanE|nanE_29215_bv	100.0	232	0	0	1	232	1	232	5.9e-129	462.2
SRR10507656|k141_37444_2	nanK|nanK_13707_bv	57.8	287	118	2	1	286	1	285	5.0e-88	326.6
SRR10507656|k141_37444_5	nanA|nanA_9631_bv	83.2	303	51	0	1	303	21	323	5.2e-149	529.3
SRR10507656|k141_8935_21	siaP|siaP_364155_bv	49.3	302	151	1	50	351	24	323	7.4e-78	293.1
SRR10507656|k141_8935_23	siaM|siaM_19737_bv	100.0	429	0	0	1	429	1	429	1.6e-225	783.9
SRR10507656|k141_92882_5	satD|WP_123960866.1	41.3	225	125	6	26	244	40	263	1.3e-33	145.6
SRR10507656|k141_37514_15	satD|WP_108832684.1	45.7	269	135	3	2	269	12	270	8.7e-60	233.0
SRR10507656|k141_37514_22	nanQ|nanQ_6936_uniprot	100.0	150	0	0	1	150	1	150	1.2e-82	307.8
SRR10507656|k141_37514_31	satD|WP_412956920.1	44.6	260	142	2	2	261	3	260	1.0e-55	219.2
SRR10507656|k141_37514_34	satB|MDZ7704265.1	42.6	312	179	0	1	312	1	312	1.9e-61	238.4
SRR10507656|k141_37514_65	satD|WP_049168700.1	42.0	262	148	2	4	264	21	279	9.1e-54	213.0
SRR10507656|k141_66210_31	cpsK|cpsK_23_bv	56.0	361	153	2	1	361	1	355	5.1e-119	429.9
SRR10507656|k141_66210_34	neuA|neuA_37296_bv	95.4	175	8	0	60	234	1	175	6.7e-96	352.4
SRR10507656|k141_66210_52	kpsM|kpsM_209_bv	54.5	268	119	2	70	334	10	277	1.3e-76	288.9
SRR10507656|k141_37541_1	satB|WP_263079827.1	46.2	303	163	0	1	303	1	303	4.5e-68	260.4
SRR10507656|k141_37541_4	satD|WP_298128765.1	48.1	235	113	3	26	257	30	258	5.4e-53	210.3
SRR10507656|k141_37541_15	siaM|siaM_42880_bv	100.0	426	0	0	1	426	1	426	9.9e-223	774.6
SRR10507656|k141_37541_16	siaQ|siaQ_493946_bv	99.4	162	1	0	15	176	1	162	6.8e-77	288.9
SRR10507656|k141_66265_19	satD|HJG53471.1	40.5	190	107	3	28	213	37	224	5.6e-26	120.2
SRR10507656|k141_9103_3	nagA|nagA_1968_bv	100.0	388	0	0	1	388	1	388	1.3e-226	787.3
SRR10507656|k141_66320_1	nanA|nanA_9368_uniprot	44.2	129	72	0	1	129	10	138	5.7e-25	116.3
SRR10507656|k141_66354_1	nanE|nanE_22324_bv	96.9	131	4	0	1	131	27	157	3.9e-69	262.7
SRR10507656|k141_93201_1	kpsD|kpsD_13620_bv	98.5	274	4	0	1	274	5	278	2.4e-148	527.3
SRR10507656|k141_93238_3	siaP|siaP_122481_bv	97.3	221	6	0	1	221	1	221	8.0e-120	432.2
SRR10507656|k141_37773_1	nanU|nanU_449473_bv	98.6	504	7	0	10	513	1	504	3.5e-299	1028.9
SRR10507656|k141_93293_1	satB|WP_053206816.1	40.1	257	153	1	3	259	56	311	1.4e-52	208.8
SRR10507656|k141_93293_4	satD|WP_271417843.1	50.2	233	114	2	28	260	39	269	1.9e-61	238.4
SRR10507656|k141_93365_10	SIAE|SIAE_54428_bv	42.2	633	192	4	4	631	10	473	4.4e-142	507.3
SRR10507656|k141_66515_1	nanK|nanK_28066_bv	43.9	296	154	3	9	304	5	288	1.8e-53	211.8
SRR10507656|k141_9170_58	nanU|nanU_140524_bv	49.2	522	235	10	13	515	5	515	1.2e-126	455.7
SRR10507656|k141_9170_72	nanU|nanU_223553_bv	41.9	537	289	9	6	536	9	528	1.6e-105	385.6
SRR10507656|k141_9170_93	nanU|nanU_266727_bv	99.8	506	1	0	1	506	11	516	1.7e-301	1036.6
SRR10507656|k141_9170_149	nanU|nanU_548226_bv	61.9	514	191	4	1	511	1	512	8.0e-195	682.2
SRR10507656|k141_37831_9	nanK|nanK_28066_bv	43.3	305	161	3	7	311	5	297	5.1e-59	230.3
SRR10507656|k141_66601_24	kpsM|kpsM_209_bv	50.0	268	130	2	7	270	10	277	2.3e-68	261.2
SRR10507656|k141_9213_36	satD|WP_060565526.1	40.0	235	133	3	24	258	37	263	1.1e-38	162.5
SRR10507656|k141_9213_37	satD|MBM6620729.1	44.4	234	129	1	21	253	36	269	2.8e-47	191.0
SRR10507656|k141_93481_27	kpsM|kpsM_253_bv	63.0	265	97	1	14	278	14	277	7.2e-89	329.3
SRR10507656|k141_37910_27	nanK|nanK_7216_bv	40.3	310	172	5	12	318	4	303	1.9e-56	221.9
SRR10507656|k141_9244_4	nanU|nanU_441770_bv	40.5	566	300	13	23	573	54	597	2.6e-101	371.7
SRR10507656|k141_93532_2	nanU|nanU_302020_bv	40.7	573	300	17	19	583	4	544	1.0e-105	386.3
SRR10507656|k141_9267_4	nanU|nanU_69323_bv	43.7	581	290	16	10	578	1	556	1.8e-118	428.7
SRR10507656|k141_9303_1	kpsD|kpsD_13695_bv	56.2	662	286	3	33	691	132	792	3.5e-217	756.9
SRR10507656|k141_93571_19	nanU|nanU_402906_bv	98.5	522	8	0	1	522	37	558	0.0e+00	1077.4
SRR10507656|k141_93600_2	satB|WP_101552959.1	40.6	303	180	0	1	303	1	303	1.8e-61	238.4
SRR10507656|k141_93600_5	satD|WP_129626403.1	48.9	231	117	1	33	263	45	274	5.3e-59	230.3
SRR10507656|k141_93630_4	nanE|nanE_6095_bv	100.0	237	0	0	8	244	1	237	1.0e-131	471.5
SRR10507656|k141_93630_5	nanK|nanK_16543_bv	77.7	202	45	0	1	202	1	202	1.3e-85	318.2
SRR10507656|k141_66737_3	siaP|siaP_364512_bv	76.5	340	80	0	1	340	1	340	2.9e-148	526.9
SRR10507656|k141_66737_4	siaQ|siaQ_411681_bv	65.8	155	53	0	2	156	11	165	1.4e-52	208.0
SRR10507656|k141_9372_2	nanA|nanA_5035_uniprot	47.7	107	56	0	5	111	1	107	9.9e-21	101.7
SRR10507656|k141_38067_2	nanQ|nanQ_137_bv	100.0	154	0	0	1	154	1	154	1.3e-87	324.3
SRR10507656|k141_93760_3	siaP|siaP_632229_bv	75.3	77	18	1	1	76	1	77	6.4e-24	111.7
SRR10507656|k141_9400_1	ompF|ompF_637_bv	65.7	204	45	5	1	198	18	202	2.4e-62	240.7
SRR10507656|k141_66894_1	nanU|nanU_322029_bv	41.0	542	267	18	3	526	2	508	3.9e-96	354.4
SRR10507656|k141_93858_1	nagA|nagA_21932_bv	100.0	340	0	0	1	340	42	381	3.7e-196	686.0
SRR10507656|k141_9431_45	SIAE|SIAE_88384_bv	100.0	473	0	0	1	473	5	477	8.8e-289	994.2
SRR10507656|k141_9462_15	nagA|nagA_126832_bv	50.0	392	192	3	1	389	1	391	2.1e-110	401.4
SRR10507656|k141_93880_2	neuB|neuB_15912_uniprot	53.4	369	134	2	26	358	18	384	2.1e-104	381.3
SRR10507656|k141_93880_5	neuA|neuA_36635_bv	53.4	251	91	3	19	245	2	250	2.6e-66	254.2
SRR10507656|k141_38255_2	siaM|siaM_504_bv	99.7	624	2	0	1	624	1	624	0.0e+00	1089.7
SRR10507656|k141_9481_6	nanU|nanU_6982_bv	100.0	543	0	0	1	543	1	543	0.0e+00	1129.0
SRR10507656|k141_67136_2	kpsD|kpsD_1302_bv	53.7	779	355	4	26	803	24	797	9.9e-240	832.0
SRR10507656|k141_93931_18	nanK|nanK_392_bv	44.5	310	170	2	5	313	7	315	1.5e-74	282.0
SRR10507656|k141_93971_1	neuB|neuB_65248_bv	80.5	236	46	0	1	236	1	236	3.6e-105	383.3
SRR10507656|k141_94018_1	siaM|siaM_281661_bv	100.0	290	0	0	1	290	59	348	2.5e-153	543.5
SRR10507656|k141_38363_1	SIAE|SIAE_6121_refseq	50.9	222	106	2	1	220	36	256	9.1e-60	232.6
SRR10507656|k141_38370_4	nanU|nanU_371050_bv	49.3	582	281	6	26	607	19	586	5.5e-166	586.6
SRR10507656|k141_9679_4	nanU|nanU_517875_bv	45.3	594	274	10	3	594	11	555	4.9e-135	483.8
SRR10507656|k141_67376_2	nanK|nanK_550_uniprot	93.2	220	15	0	2	221	94	313	3.4e-118	426.4
SRR10507656|k141_67408_6	nanA|nanA_29593_bv	98.4	309	5	0	1	309	4	312	3.1e-173	609.8
SRR10507656|k141_67408_7	nanQ|nanQ_3945_uniprot	98.0	152	3	0	1	152	1	152	1.6e-85	317.4
SRR10507656|k141_67408_8	nanE|nanE_23510_bv	99.6	236	1	0	1	236	1	236	3.2e-130	466.5
SRR10507656|k141_67408_9	nanK|nanK_297_bv	45.4	306	162	3	5	309	3	304	5.8e-71	270.0
SRR10507656|k141_38427_72	kpsM|kpsM_209_bv	99.3	277	2	0	1	277	1	277	9.8e-155	548.1
SRR10507656|k141_38450_2	nanU|nanU_216933_bv	40.3	524	277	7	18	539	3	492	3.1e-104	381.3
SRR10507656|k141_94266_1	nanU|nanU_439310_bv	99.2	363	3	0	1	363	101	463	1.4e-214	747.3
SRR10507656|k141_9704_43	siaQ|siaQ_92454_bv	100.0	162	0	0	29	190	1	162	6.2e-84	312.4
SRR10507656|k141_9791_2	nanK|nanK_7216_bv	42.9	326	159	7	6	328	3	304	2.7e-58	228.0
SRR10507656|k141_67699_1	satD|WP_123209432.1	41.4	232	133	3	2	232	19	248	5.7e-39	163.3
SRR10507656|k141_38539_26	nanQ|nanQ_6941_uniprot	99.3	148	1	0	1	148	1	148	8.0e-79	295.0
SRR10507656|k141_94505_1	nanQ|nanQ_4719_uniprot	100.0	59	0	0	1	59	20	78	4.9e-27	121.7
SRR10507656|k141_38613_5	kpsD|kpsD_7818_bv	98.8	166	2	0	1	166	1	166	2.3e-87	323.6
SRR10507656|k141_38627_1	nanA|nanA_10388_bv	99.6	270	1	0	36	305	1	270	1.7e-152	540.8
SRR10507656|k141_38627_2	nanQ|nanQ_3648_uniprot	51.4	148	72	0	1	148	1	148	8.2e-39	162.2
SRR10507656|k141_9913_50	satB|WP_292596291.1	44.1	320	173	1	1	320	1	314	1.9e-64	248.4
SRR10507656|k141_67917_5	satD|WP_204618385.1	40.7	221	126	4	22	237	30	250	4.4e-37	157.1
SRR10507656|k141_94545_3	nanQ|nanQ_5727_uniprot	98.7	156	2	0	1	156	1	156	1.8e-81	303.9
SRR10507656|k141_38858_7	satB|MEM7021896.1	40.1	322	184	3	1	320	1	315	3.1e-59	231.1
SRR10507656|k141_68214_2	siaM|siaM_195279_bv	100.0	435	0	0	1	435	2	436	7.0e-224	778.5
SRR10507656|k141_68214_3	siaQ|siaQ_39005_bv	100.0	158	0	0	1	158	1	158	6.3e-82	305.4
SRR10507656|k141_68257_6	nanQ|nanQ_5285_uniprot	100.0	154	0	0	1	154	1	154	1.7e-87	323.9
SRR10507656|k141_9964_9	nanK|nanK_7216_bv	40.0	320	177	6	8	325	4	310	9.5e-56	219.5
SRR10507656|k141_38949_12	SIAE|SIAE_2289_bv	100.0	474	0	0	1	474	1	474	2.6e-280	966.1
SRR10507656|k141_38950_8	kpsT|kpsT_10521_bv	46.7	229	121	1	5	233	2	229	4.6e-59	230.3
SRR10507656|k141_38950_9	kpsM|kpsM_159_bv	63.8	257	93	0	5	261	2	258	4.1e-94	346.7
SRR10507656|k141_68321_11	nanU|nanU_348447_bv	72.0	533	144	2	4	536	1	528	1.6e-233	810.8
SRR10507656|k141_68321_15	nanU|nanU_340690_bv	42.9	510	265	12	9	506	1	496	1.3e-104	382.5
SRR10507656|k141_68334_2	satD|HJD79679.1	40.3	236	138	2	18	252	20	253	6.9e-41	169.9
SRR10507656|k141_10036_2	satB|MFC2030935.1	40.6	271	159	2	20	290	49	317	2.9e-56	221.1
SRR10507656|k141_94996_3	nanA|nanA_30477_bv	99.7	305	1	0	1	305	1	305	3.0e-173	609.8
SRR10507656|k141_94996_4	nanE|nanE_554_bv	100.0	228	0	0	1	228	1	228	8.7e-125	448.4
SRR10507656|k141_38991_36	nanU|nanU_173214_bv	100.0	561	0	0	1	561	1	561	0.0e+00	1144.8
SRR10507656|k141_38991_101	nagB|nagB_14303_bv	100.0	256	0	0	1	256	1	256	7.7e-146	518.5
SRR10507656|k141_38991_102	nagA|nagA_4930_bv	100.0	394	0	0	1	394	1	394	9.8e-225	781.2
SRR10507656|k141_38991_105	nanU|nanU_195971_bv	57.8	535	224	1	16	548	15	549	2.5e-178	627.5
SRR10507656|k141_10102_24	SIAE|SIAE_45363_bv	63.2	571	172	4	1	571	1	533	1.6e-212	741.1
SRR10507656|k141_10148_2	siaP|siaP_690391_bv	49.5	307	155	0	68	374	25	331	9.4e-84	312.8
SRR10507656|k141_10148_3	siaQ|siaQ_184336_bv	93.5	169	11	0	1	169	1	169	1.5e-84	314.3
SRR10507656|k141_10148_4	siaM|siaM_47611_bv	100.0	433	0	0	1	433	1	433	4.9e-185	649.4
SRR10507656|k141_10220_3	satD|KFC16516.1	48.7	236	116	3	16	251	34	264	1.6e-55	218.4
SRR10507656|k141_39192_6	nanU|nanU_437265_bv	99.6	498	2	0	16	513	1	498	1.1e-292	1007.3
SRR10507656|k141_68758_1	siaM|siaM_453552_bv	92.2	257	20	0	2	258	7	263	1.6e-122	441.0
SRR10507656|k141_68758_2	siaQ|siaQ_1155_uniprot	86.5	171	23	0	15	185	1	171	3.0e-78	293.5
SRR10507656|k141_68758_3	siaP|siaP_418533_bv	100.0	116	0	0	1	116	7	122	3.8e-60	232.6
SRR10507656|k141_10363_1	nanU|nanU_334668_bv	50.1	407	197	4	8	410	1	405	1.8e-104	381.7
SRR10507656|k141_39217_1	nanU|nanU_28527_bv	99.6	484	2	0	1	484	47	530	2.3e-292	1006.1
SRR10507656|k141_10364_2	SIAE|SIAE_78326_bv	100.0	477	0	0	1	477	3	479	6.6e-284	978.0
SRR10507656|k141_68819_3	siaT|siaT_55802_uniprot	99.7	328	1	0	1	328	1	328	9.1e-176	618.2
SRR10507656|k141_39230_2	kpsT|kpsT_10521_bv	49.2	238	120	1	11	247	1	238	3.3e-64	247.3
SRR10507656|k141_39230_3	kpsM|kpsM_538_bv	100.0	212	0	0	1	212	47	258	4.2e-105	382.9
SRR10507656|k141_68858_2	nanU|nanU_170163_bv	48.8	578	279	9	3	579	2	563	3.9e-145	517.3
SRR10507656|k141_95277_3	nanU|nanU_446700_bv	48.7	495	245	5	3	496	1	487	6.3e-128	459.9
SRR10507656|k141_39337_1	satD|WP_329862083.1	40.4	223	126	3	2	223	9	225	1.1e-39	165.6
SRR10507656|k141_69058_1	satD|WP_255793737.1	45.7	232	126	0	5	236	36	267	8.7e-56	219.5
SRR10507656|k141_69155_23	nagA|nagA_161891_bv	81.8	380	65	1	32	411	1	376	2.0e-180	634.0
SRR10507656|k141_10585_1	satB|HYI23826.1	42.8	236	127	1	2	229	80	315	1.3e-46	188.7
SRR10507656|k141_95508_1	satD|GAB3794624.1	44.1	227	112	3	3	215	5	230	3.2e-44	180.6
SRR10507656|k141_69246_2	siaQ|siaQ_349124_bv	95.3	190	9	0	1	190	1	190	1.3e-92	341.3
SRR10507656|k141_10618_1	nanU|nanU_318479_bv	49.9	495	236	7	18	506	7	495	2.4e-135	484.6
SRR10507656|k141_10618_5	SIAE|SIAE_24602_refseq	100.0	483	0	0	1	483	1	483	1.0e-284	980.7
SRR10507656|k141_10618_6	SIAE|SIAE_19013_uniprot	71.5	288	82	0	9	296	5	292	1.4e-119	431.4
SRR10507656|k141_39466_5	satD|WP_058234849.1	42.3	215	112	7	21	227	39	249	1.8e-30	135.2
SRR10507656|k141_10678_4	SIAE|SIAE_129_bv	100.0	479	0	0	1	479	1	479	8.9e-289	994.2
SRR10507656|k141_10678_8	nanU|nanU_481207_bv	74.7	572	144	1	1	571	1	572	6.7e-267	921.8
SRR10507656|k141_10700_1	nanH|nanH_5497_bv	99.7	326	1	0	1	326	19	344	1.0e-195	684.5
SRR10507656|k141_95676_7	siaP|siaP_696401_bv	43.9	244	119	4	1	243	1	227	1.1e-51	206.1
SRR10507656|k141_95676_8	siaQ|siaQ_298229_bv	77.3	150	34	0	11	160	11	160	8.9e-63	241.9
SRR10507656|k141_69517_4	kpsT|kpsT_10521_bv	46.0	237	127	1	5	240	2	238	3.0e-62	240.7
SRR10507656|k141_69517_5	kpsM|kpsM_197_bv	100.0	260	0	0	1	260	1	260	9.0e-134	478.4
SRR10507656|k141_10944_1	nanA|nanA_11995_bv	58.9	297	122	0	1	297	1	297	2.2e-102	374.4
SRR10507656|k141_69583_1	nanA|nanA_19317_bv	73.5	147	39	0	2	148	3	149	4.0e-62	239.6
SRR10507656|k141_69630_3	nagA|nagA_91733_bv	100.0	382	0	0	1	382	1	382	3.6e-224	779.2
SRR10507656|k141_69645_1	satB|WP_014065363.1	100.0	317	0	0	1	317	1	317	5.7e-167	589.0
SRR10507656|k141_10969_2	nanH|nanH_20964_bv	87.5	399	50	0	145	543	1	399	1.3e-203	711.4
SRR10507656|k141_10969_4	SIAE|SIAE_427_bv	100.0	691	0	0	1	691	1	691	0.0e+00	1453.3
SRR10507656|k141_10969_27	nanU|nanU_403585_bv	86.1	533	73	1	12	543	29	561	1.9e-282	973.4
SRR10507656|k141_11002_2	siaQ|siaQ_366544_bv	50.6	154	76	0	1	154	1	154	8.4e-32	139.0
SRR10507656|k141_11007_2	neuD|neuD_6715_uniprot	64.7	218	77	0	3	220	5	222	8.0e-51	202.6
SRR10507656|k141_96034_1	nanK|nanK_25432_bv	77.4	186	42	0	1	186	1	186	3.5e-79	296.6
SRR10507656|k141_96034_3	nagA|nagA_81659_bv	100.0	376	0	0	1	376	1	376	7.9e-216	751.5
SRR10507656|k141_96162_1	nanH|nanH_48949_bv	91.3	196	17	0	1	196	44	239	3.4e-109	396.4
SRR10507656|k141_11137_1	nagA|nagA_2076_bv	100.0	388	0	0	1	388	1	388	1.1e-223	777.7
SRR10507656|k141_11137_2	nagA|nagA_2077_bv	99.7	390	1	0	1	390	1	390	3.2e-228	792.7
SRR10507656|k141_69917_1	kpsT|kpsT_9718_bv	50.3	195	97	0	1	195	47	241	9.3e-52	205.7
SRR10507656|k141_69983_9	nanU|nanU_34999_bv	94.5	492	27	0	1	492	1	492	1.9e-278	959.9
SRR10507656|k141_39992_3	nagA|nagA_2016_bv	100.0	391	0	0	1	391	1	391	1.4e-226	787.3
SRR10507656|k141_11356_2	nanU|nanU_37265_bv	54.0	502	219	6	9	505	5	499	3.5e-158	560.5
SRR10507656|k141_40106_1	siaM|siaM_322293_bv	100.0	331	0	0	1	331	72	402	2.1e-180	633.6
SRR10507656|k141_40145_1	siaQ|siaQ_24694_bv	100.0	129	0	0	1	129	1	129	1.4e-63	244.2
SRR10507656|k141_40145_2	siaP|siaP_99094_bv	86.6	247	33	0	90	336	1	247	3.1e-118	427.2
SRR10507656|k141_96505_4	satD|WP_136640697.1	49.2	262	130	1	18	276	2	263	3.3e-64	247.7
SRR10507656|k141_70210_82	siaP|siaP_438286_bv	54.2	301	128	3	32	330	36	328	1.3e-87	325.5
SRR10507656|k141_70210_84	siaM|siaM_3270_bv	100.0	431	0	0	1	431	1	431	7.9e-228	791.6
SRR10507656|k141_70210_85	siaQ|siaQ_967_uniprot	75.6	172	42	0	1	172	1	172	1.5e-68	261.2
SRR10507656|k141_96569_2	kpsT|kpsT_10521_bv	47.6	252	123	2	1	251	2	245	1.5e-61	238.4
SRR10507656|k141_96569_3	kpsM|kpsM_200_bv	100.0	192	0	0	1	192	76	267	5.1e-102	372.5
SRR10507656|k141_70287_1	siaM|siaM_402097_bv	100.0	202	0	0	1	202	54	255	1.5e-80	301.2
SRR10507656|k141_40290_2	satD|WP_005696082.1	100.0	270	0	0	1	270	1	270	1.1e-145	518.1
SRR10507656|k141_70413_1	neuA|neuA_37263_bv	71.2	219	62	1	1	219	33	250	9.4e-84	312.4
SRR10507656|k141_70459_3	siaP|siaP_99094_bv	87.3	245	31	0	93	337	1	245	2.6e-117	424.1
SRR10507656|k141_70459_4	siaQ|siaQ_299120_bv	100.0	167	0	0	1	167	1	167	1.3e-85	317.8
SRR10507656|k141_70459_5	siaM|siaM_207766_bv	99.8	435	1	0	1	435	1	435	2.1e-228	793.5
SRR10507656|k141_96853_2	satD|WP_445507519.1	40.2	209	119	5	21	224	31	238	5.1e-30	133.7
SRR10507656|k141_96857_9	kpsM|kpsM_209_bv	50.9	269	126	2	7	270	10	277	1.5e-70	268.5
SRR10507656|k141_70486_20	SIAE|SIAE_522_bv	100.0	472	0	0	1	472	1	472	6.7e-289	994.6
SRR10507656|k141_70508_2	siaM|siaM_18784_bv	100.0	424	0	0	1	424	1	424	8.6e-227	788.1
SRR10507656|k141_70508_3	siaQ|siaQ_120781_bv	92.7	192	14	0	1	192	1	192	6.4e-92	339.0
SRR10507656|k141_40351_7	nanU|nanU_534055_bv	43.4	603	317	12	10	595	1	596	3.4e-128	461.1
SRR10507656|k141_40351_22	nanU|nanU_563802_bv	96.4	525	19	0	1	525	1	525	0.0e+00	1077.8
SRR10507656|k141_40351_75	nanU|nanU_619586_bv	55.2	498	214	7	11	504	1	493	1.2e-150	535.4
SRR10507656|k141_40351_147	nanU|nanU_124174_bv	76.0	526	123	3	1	523	2	527	1.1e-239	831.2
SRR10507656|k141_96924_3	nanR|nanR_1299_uniprot	43.1	216	122	1	13	228	10	224	7.6e-44	179.5
SRR10507656|k141_40381_2	nanK|nanK_28066_bv	46.1	304	152	4	6	308	5	297	4.1e-61	237.3
SRR10507656|k141_70583_2	siaM|siaM_42632_bv	100.0	431	0	0	1	431	1	431	4.7e-220	765.8
SRR10507656|k141_40400_5	satD|KFC16516.1	46.3	259	131	3	2	254	15	271	1.3e-62	242.3
SRR10507656|k141_40400_8	satB|WP_101552959.1	54.5	303	138	0	9	311	1	303	8.7e-86	319.3
SRR10507656|k141_11825_22	kpsM|kpsM_209_bv	60.3	277	109	1	1	276	1	277	1.6e-96	354.8
SRR10507656|k141_97054_2	nanQ|nanQ_5201_uniprot	96.6	149	5	0	1	149	1	149	1.0e-81	304.7
SRR10507656|k141_97054_3	SIAE|SIAE_16786_refseq	100.0	266	0	0	1	266	1	266	5.9e-157	555.4
SRR10507656|k141_97054_4	nanK|nanK_22102_bv	66.3	104	35	0	1	104	1	104	3.8e-35	149.4
SRR10507656|k141_40457_4	siaQ|siaQ_989_uniprot	76.7	172	40	0	1	172	1	172	7.2e-71	268.9
SRR10507656|k141_40457_5	siaM|siaM_16860_bv	99.8	430	1	0	1	430	1	430	2.5e-226	786.6
SRR10507656|k141_40457_7	siaP|siaP_639380_bv	56.8	285	115	3	4	288	3	279	1.4e-86	322.0
SRR10507656|k141_97062_2	satD|WP_378900728.1	40.2	209	112	6	17	216	30	234	5.3e-26	120.2
SRR10507656|k141_11979_2	nanU|nanU_266727_bv	91.5	506	43	0	1	506	11	516	8.0e-280	964.5
SRR10507656|k141_97242_3	nanH|nanH_65800_bv	92.0	562	45	0	2	563	1	562	0.0e+00	1104.4
SRR10507656|k141_40632_5	nanU|nanU_106564_bv	48.1	489	234	7	16	498	18	492	1.2e-123	445.7
SRR10507656|k141_40632_10	nagA|nagA_6205_bv	100.0	395	0	0	1	395	1	395	1.5e-228	793.9
SRR10507656|k141_40632_11	nagB|nagB_6807_bv	99.6	272	1	0	1	272	1	272	1.5e-155	550.8
SRR10507656|k141_97281_2	nanK|nanK_40_bv	48.0	281	144	2	3	281	2	282	7.6e-70	266.2
SRR10507656|k141_97433_14	nanK|nanK_8349_bv	43.0	323	165	5	1	305	1	322	3.2e-69	264.2
SRR10507656|k141_70895_50	SIAE|SIAE_2570_bv	100.0	485	0	0	1	485	1	485	1.8e-292	1006.5
SRR10507656|k141_70900_1	SIAE|SIAE_3648_bv	99.3	454	3	0	1	454	12	465	1.6e-274	946.8
SRR10507656|k141_12296_7	nanU|nanU_348730_bv	61.7	569	209	4	11	572	1	567	1.1e-205	718.4
SRR10507656|k141_70925_86	nagA|nagA_100440_bv	100.0	382	0	0	1	382	1	382	1.4e-220	767.3
SRR10507656|k141_70925_87	nagB|nagB_80253_bv	84.2	297	16	1	1	266	1	297	3.8e-140	499.6
SRR10507656|k141_70932_13	kpsM|kpsM_209_bv	49.6	270	132	2	5	270	8	277	2.8e-69	264.2
SRR10507656|k141_40866_14	satD|WP_085368748.1	40.6	256	146	2	4	253	6	261	8.7e-49	196.1
SRR10507656|k141_40866_15	satD|MFT3889449.1	40.3	238	134	4	21	258	31	260	4.1e-41	170.6
SRR10507656|k141_70962_15	satD|WP_075875557.1	41.7	192	106	2	1	187	3	193	7.3e-37	156.0
SRR10507656|k141_70962_38	nagB|nagB_5638_bv	100.0	247	0	0	1	247	1	247	3.3e-138	493.0
SRR10507656|k141_70962_39	nagA|nagA_25377_bv	100.0	367	0	0	1	367	1	367	4.0e-212	739.2
SRR10507656|k141_70962_40	nanE|nanE_20909_bv	97.0	268	8	0	1	268	1	268	4.7e-146	519.2
SRR10507656|k141_12412_18	satD|HJC70536.1	45.3	225	120	2	31	254	13	235	4.5e-45	183.7
SRR10507656|k141_12412_34	siaQ|siaQ_480775_bv	50.0	162	81	0	4	165	1	162	4.1e-31	136.7
SRR10507656|k141_12412_35	siaM|siaM_19740_bv	100.0	424	0	0	1	424	1	424	4.9e-222	772.3
SRR10507656|k141_12412_38	nagB|nagB_6048_bv	100.0	242	0	0	1	242	1	242	1.2e-137	491.1
SRR10507656|k141_12412_41	satD|WP_320926183.1	45.9	259	136	2	9	264	14	271	1.8e-59	231.9
SRR10507656|k141_12412_48	siaM|siaM_5181_bv	100.0	432	0	0	1	432	1	432	3.6e-228	792.7
SRR10507656|k141_12414_2	nanU|nanU_517237_bv	65.2	488	166	3	11	497	1	485	5.6e-193	676.0
SRR10507656|k141_40970_14	satD|WP_066299715.1	41.5	289	143	4	1	287	1	265	7.2e-54	213.4
SRR10507656|k141_40992_3	SIAE|SIAE_95637_bv	50.5	662	140	5	3	651	6	492	7.1e-188	659.4
SRR10507656|k141_41092_1	nanU|nanU_480321_bv	55.7	420	175	5	2	413	9	425	1.1e-130	468.8
SRR10507656|k141_41115_1	nanK|nanK_7216_bv	41.4	309	169	4	7	312	4	303	7.6e-58	226.5
SRR10507656|k141_12531_27	kpsM|kpsM_603_bv	99.6	260	1	0	1	260	1	260	9.6e-136	485.0
SRR10507656|k141_12531_28	kpsT|kpsT_10521_bv	45.7	234	125	2	9	241	7	239	2.6e-58	227.6
SRR10507656|k141_12531_29	neuD|neuD_2237_refseq	99.1	211	2	0	1	211	1	211	8.6e-119	428.3
SRR10507656|k141_41207_18	neuA|neuA_13361_uniprot	88.1	219	26	0	1	219	1	219	1.7e-109	397.5
SRR10507656|k141_98112_7	satD|WP_088295752.1	40.6	212	113	6	13	213	20	229	2.1e-28	128.3
SRR10507656|k141_41275_3	nanU|nanU_590222_bv	48.8	578	275	10	1	573	1	562	3.6e-151	537.3
SRR10507656|k141_71511_16	satB|MFN4189717.1	40.8	336	166	3	1	336	1	303	5.0e-68	260.4
SRR10507656|k141_71511_19	satD|WP_207616619.1	45.6	259	141	0	10	268	10	268	4.0e-62	240.7
SRR10507656|k141_71522_11	nanU|nanU_399565_bv	58.6	558	229	2	13	569	11	567	8.4e-193	675.6
SRR10507656|k141_98236_4	satD|WP_066299715.1	45.1	257	138	2	5	261	11	264	5.5e-56	220.3
SRR10507656|k141_98236_7	satB|MCC6703501.1	44.2	312	174	0	1	312	1	312	2.5e-69	264.6
SRR10507656|k141_41344_2	nanU|nanU_199489_bv	97.5	510	13	0	3	512	11	520	1.4e-292	1006.9
SRR10507656|k141_41344_6	nanU|nanU_568635_bv	99.2	496	4	0	8	503	1	496	6.3e-293	1008.1
SRR10507656|k141_41411_2	nanA|nanA_8656_uniprot	55.0	60	27	0	1	60	1	60	9.0e-13	74.3
SRR10507656|k141_71628_3	nanA|nanA_9368_uniprot	44.5	137	76	0	6	142	2	138	1.3e-28	128.3
SRR10507656|k141_12792_1	kpsT|kpsT_10521_bv	53.5	187	87	0	6	192	3	189	1.6e-50	201.4
SRR10507656|k141_98335_3	nanU|nanU_140902_bv	99.8	489	1	0	1	489	1	489	1.9e-294	1013.1
SRR10507656|k141_98347_5	nanU|nanU_517737_bv	45.4	454	232	9	8	456	1	443	3.6e-93	344.4
SRR10507656|k141_12856_2	nanH|nanH_11755_bv	44.5	501	234	13	42	530	92	560	9.5e-107	389.8
SRR10507656|k141_12856_4	nanQ|nanQ_452_bv	82.1	190	34	0	12	201	1	190	1.0e-89	331.6
SRR10507656|k141_71785_13	kpsT|kpsT_3161_bv	40.2	326	181	4	7	325	5	323	1.6e-58	229.2
SRR10507656|k141_71785_14	kpsM|kpsM_209_bv	41.0	266	150	3	3	261	12	277	3.4e-56	220.7
SRR10507656|k141_41564_6	SIAE|SIAE_27167_refseq	100.0	265	0	0	1	265	1	265	5.2e-153	542.3
SRR10507656|k141_41608_3	satD|WP_043564595.1	43.6	259	141	3	10	268	16	269	1.0e-57	226.1
SRR10507656|k141_98444_2	siaM|siaM_5114_bv	100.0	339	0	0	1	339	90	428	3.6e-175	616.3
SRR10507656|k141_41656_2	kpsE|kpsE_5351_bv	97.0	201	6	0	1	201	79	279	2.6e-96	353.6
SRR10507656|k141_98462_4	nanK|nanK_28066_bv	43.3	312	162	4	3	314	1	297	1.9e-61	238.4
SRR10507656|k141_71948_2	nanU|nanU_556657_bv	47.2	623	283	13	1	616	1	584	2.3e-151	538.1
SRR10507656|k141_71948_6	nanU|nanU_91253_bv	61.9	591	217	7	1	587	1	587	8.0e-207	722.2
SRR10507656|k141_71948_9	SIAE|SIAE_63972_bv	48.8	650	152	3	8	657	16	484	2.0e-174	614.8
SRR10507656|k141_41713_26	nanU|nanU_568734_bv	53.8	528	237	4	6	529	4	528	3.9e-160	567.0
SRR10507656|k141_12995_1	SIAE|SIAE_26258_bv	100.0	177	0	0	1	177	22	198	3.5e-105	382.9
SRR10507656|k141_41758_2	nanK|nanK_28066_bv	42.8	304	163	3	6	309	5	297	3.1e-56	221.1
SRR10507656|k141_72008_7	nanU|nanU_619410_bv	99.8	491	1	0	1	491	2	492	8.6e-287	987.6
SRR10507656|k141_41824_2	satD|WP_069102428.1	49.2	236	115	2	32	267	39	269	1.4e-58	228.8
SRR10507656|k141_98807_25	satD|WP_445507519.1	40.2	214	114	7	34	238	30	238	2.6e-29	131.3
SRR10507656|k141_13234_1	siaP|siaP_546097_bv	77.6	147	33	0	30	176	3	149	3.0e-64	246.9
SRR10507656|k141_98844_5	nanK|nanK_27872_bv	64.6	254	90	0	60	313	3	256	3.8e-94	347.1
SRR10507656|k141_13265_2	nanU|nanU_480950_bv	99.8	530	1	0	6	535	8	537	0.0e+00	1076.2
SRR10507656|k141_13268_17	nagA|nagA_31930_refseq	99.7	377	1	0	1	377	1	377	2.8e-213	743.0
SRR10507656|k141_13268_23	nagB|nagB_62438_bv	46.6	219	113	3	14	229	24	241	1.6e-49	198.4
SRR10507656|k141_42115_1	nanU|nanU_189451_bv	72.7	484	130	1	1	484	24	505	1.5e-214	747.7
SRR10507656|k141_13308_1	nanU|nanU_562513_bv	47.2	536	269	3	12	539	10	539	5.3e-128	460.3
SRR10507656|k141_72549_1	satD|WP_433122724.1	45.9	233	126	0	3	235	32	264	1.1e-54	215.7
SRR10507656|k141_42182_1	nanM|nanM_1222_bv	99.4	176	1	0	1	176	6	181	4.1e-98	359.4
SRR10507656|k141_13381_2	nanU|nanU_277065_bv	99.1	432	4	0	69	500	1	432	2.3e-255	883.2
SRR10507656|k141_13407_2	satD|WP_378900728.1	40.7	209	111	6	17	216	30	234	1.8e-26	121.7
SRR10507656|k141_72613_1	nanA|nanA_43723_refseq	93.5	108	7	0	1	108	1	108	8.8e-51	201.4
SRR10507656|k141_99215_1	nagB|nagB_1605_bv	100.0	218	0	0	1	218	53	270	4.9e-125	449.1
SRR10507656|k141_99215_16	nanU|nanU_330865_bv	48.4	572	261	15	7	557	13	571	7.0e-144	513.1
SRR10507656|k141_99224_3	siaM|siaM_9479_bv	100.0	435	0	0	1	435	1	435	3.2e-200	699.9
SRR10507656|k141_99224_4	siaQ|siaQ_411681_bv	52.9	155	73	0	1	155	11	165	1.1e-41	171.8
SRR10507656|k141_99224_5	siaP|siaP_41778_bv	100.0	346	0	0	1	346	1	346	7.6e-189	661.8
SRR10507656|k141_72694_1	siaM|siaM_445184_bv	99.4	178	1	0	1	178	1	178	1.4e-85	317.8
SRR10507656|k141_72694_2	siaQ|siaQ_138879_bv	100.0	175	0	0	23	197	1	175	3.2e-91	336.7
SRR10507656|k141_99317_2	SIAE|SIAE_6981_bv	100.0	477	0	0	1	477	17	493	2.1e-285	983.0
SRR10507656|k141_72765_15	nanU|nanU_203565_bv	99.6	450	2	0	14	463	1	450	8.1e-263	907.9
SRR10507656|k141_99353_6	nanU|nanU_257230_bv	95.7	517	22	0	1	517	1	517	4.2e-300	1031.9
SRR10507656|k141_99381_2	siaP|siaP_602282_bv	60.7	308	120	1	43	350	25	331	1.2e-104	382.1
SRR10507656|k141_72835_1	nanC|nanC_791_bv	99.0	202	2	0	1	202	1	202	3.1e-118	426.4
SRR10507656|k141_72839_1	siaM|siaM_125382_bv	100.0	244	0	0	1	244	49	292	3.8e-126	453.0
SRR10507656|k141_99429_5	nanU|nanU_151621_bv	69.7	545	159	2	1	541	1	543	1.2e-225	784.6
SRR10507656|k141_72862_7	nanU|nanU_231159_bv	63.5	498	176	3	1	492	1	498	1.8e-188	661.0
SRR10507656|k141_99514_2	nanU|nanU_221486_bv	86.9	528	69	0	10	537	1	528	8.5e-272	937.9
SRR10507656|k141_42378_8	nanK|nanK_28910_bv	76.3	211	50	0	83	293	1	211	4.7e-91	336.7
SRR10507656|k141_42384_2	satB|WP_042401732.1	47.2	303	160	0	1	303	1	303	7.7e-76	286.2
SRR10507656|k141_42384_5	satD|WP_048777128.1	46.5	256	136	1	4	259	7	261	1.4e-59	232.3
SRR10507656|k141_42390_29	nanU|nanU_118450_bv	42.4	594	289	16	1	584	1	551	7.1e-118	426.8
SRR10507656|k141_42390_106	neuD|neuD_4332_refseq	100.0	210	0	0	1	210	1	210	1.2e-67	258.5
SRR10507656|k141_99768_1	nanC|nanC_1028_bv	56.3	71	25	1	23	87	1	71	3.7e-15	82.8
SRR10507656|k141_42415_145	nagB|nagB_40150_bv	100.0	241	0	0	1	241	1	241	2.3e-136	486.9
SRR10507656|k141_99794_7	siaQ|siaQ_3735_bv	100.0	166	0	0	1	166	1	166	1.5e-81	304.3
SRR10507656|k141_99794_8	siaM|siaM_17224_bv	99.8	433	1	0	1	433	1	433	2.0e-223	776.9
SRR10507656|k141_13723_8	nagA|nagA_77336_bv	99.7	380	1	0	1	380	1	380	7.7e-219	761.5
SRR10507656|k141_13723_9	nagB|nagB_145306_bv	100.0	241	0	0	1	241	13	253	4.0e-136	486.1
SRR10507656|k141_13723_13	siaM|siaM_66225_bv	100.0	426	0	0	1	426	1	426	6.0e-220	765.4
SRR10507656|k141_13723_14	siaQ|siaQ_322007_bv	47.8	186	97	0	1	186	1	186	1.2e-40	168.7
SRR10507656|k141_13723_17	nanR|nanR_1299_uniprot	42.6	223	128	0	1	223	1	223	2.1e-38	161.4
SRR10507656|k141_13723_33	satD|MFQ7554379.1	50.6	233	113	2	30	262	37	267	6.2e-57	223.4
SRR10507656|k141_99859_2	satB|MEM7021896.1	41.0	312	172	3	6	308	5	313	9.9e-63	242.7
SRR10507656|k141_13743_1	nanH|nanH_11755_bv	42.7	496	240	13	33	519	97	557	2.2e-100	368.6
SRR10507656|k141_42627_2	nanU|nanU_70254_bv	46.4	526	252	14	11	523	1	509	1.9e-119	431.8
SRR10507656|k141_99982_21	siaP|siaP_77546_bv	99.6	234	1	0	90	323	21	254	1.7e-129	464.5
SRR10507656|k141_99982_22	siaM|siaM_1782_bv	100.0	433	0	0	1	433	1	433	2.0e-226	786.9
SRR10507656|k141_99982_23	siaQ|siaQ_2329_bv	52.2	157	74	1	1	157	1	156	1.1e-36	155.2
SRR10507656|k141_99982_68	nanQ|nanQ_4124_uniprot	86.6	149	20	0	1	149	1	149	1.0e-73	278.1
SRR10507656|k141_100008_1	ompF|ompF_307_bv	73.2	392	84	6	1	377	1	386	2.1e-160	567.4
SRR10507656|k141_100053_2	nagB|nagB_25683_bv	93.5	155	10	0	1	155	1	155	7.3e-83	308.5
SRR10507656|k141_13882_6	nanU|nanU_357702_bv	99.8	508	1	0	1	508	4	511	6.8e-303	1041.2
SRR10507656|k141_13882_49	SIAE|SIAE_73114_bv	99.2	750	6	0	1	750	1	750	0.0e+00	1551.6
SRR10507656|k141_13882_51	nanH|nanH_15173_bv	85.2	393	58	0	146	538	1	393	1.4e-202	708.0
SRR10507656|k141_100066_2	nagB|nagB_80253_bv	88.9	297	2	1	1	266	1	297	1.1e-147	524.6
SRR10507656|k141_100066_3	nagA|nagA_1684_bv	100.0	280	0	0	1	280	1	280	3.7e-162	572.8
SRR10507656|k141_42844_3	nanQ|nanQ_7444_uniprot	100.0	152	0	0	1	152	6	157	2.8e-87	323.2
SRR10507656|k141_42886_6	neuB|neuB_765_bv	100.0	345	0	0	1	345	1	345	8.1e-199	694.9
SRR10507656|k141_42888_2	nanU|nanU_485807_bv	94.7	493	26	0	1	493	1	493	2.8e-277	956.1
SRR10507656|k141_100200_1	nanE|nanE_15319_bv	99.0	204	2	0	1	204	25	228	1.9e-110	400.6
SRR10507656|k141_73554_221	siaP|siaP_302285_bv	98.3	288	5	0	54	341	1	288	1.5e-160	567.8
SRR10507656|k141_73554_222	siaQ|siaQ_501631_bv	51.0	155	76	0	1	155	1	155	2.5e-39	164.1
SRR10507656|k141_73554_223	siaM|siaM_124031_bv	100.0	425	0	0	1	425	1	425	6.8e-224	778.5
SRR10507656|k141_14122_2	nanU|nanU_226964_bv	47.7	583	262	11	1	578	1	545	3.1e-134	481.1
SRR10507656|k141_14122_7	SIAE|SIAE_94965_bv	96.0	299	12	0	1	299	1	299	2.3e-170	600.1
SRR10507656|k141_73644_1	siaM|siaM_42364_bv	99.7	384	1	0	37	420	37	420	9.2e-197	688.3
SRR10507656|k141_14191_4	satD|WP_278012708.1	41.0	212	109	6	20	220	28	234	1.1e-28	129.0
SRR10507656|k141_73711_3	SIAE|SIAE_145_bv	100.0	477	0	0	1	477	1	477	3.9e-284	978.8
SRR10507656|k141_43127_1	nanK|nanK_22396_bv	44.3	314	175	0	6	319	3	316	4.4e-74	280.4
SRR10507656|k141_43127_2	nanE|nanE_1553_bv	100.0	246	0	0	1	246	1	246	6.9e-144	511.9
SRR10507656|k141_73799_1	siaM|siaM_30307_bv	100.0	433	0	0	1	433	1	433	5.2e-219	762.3
SRR10507656|k141_73799_2	siaQ|siaQ_415993_bv	100.0	165	0	0	1	165	1	165	2.4e-84	313.5
SRR10507656|k141_73799_3	siaP|siaP_291423_bv	84.3	248	39	0	96	343	1	248	2.3e-121	437.6
SRR10507656|k141_14333_7	nanQ|nanQ_4508_bv	86.4	154	21	0	1	154	1	154	3.9e-76	286.2
SRR10507656|k141_100363_29	nanQ|nanQ_827_uniprot	100.0	152	0	0	1	152	1	152	1.7e-84	313.9
SRR10507656|k141_73901_1	SIAE|SIAE_14581_uniprot	81.7	251	46	0	1	251	1	251	1.8e-123	444.1
SRR10507656|k141_43287_7	nagB|nagB_5460_bv	100.0	270	0	0	1	270	1	270	1.1e-155	551.2
SRR10507656|k141_43287_10	nanH|nanH_47264_bv	80.2	383	76	0	163	545	3	385	7.0e-189	662.5
SRR10507656|k141_14399_3	nagB|nagB_1605_bv	100.0	218	0	0	1	218	53	270	4.9e-125	449.1
SRR10507656|k141_100444_19	nanA|nanA_23184_bv	90.0	301	30	0	1	301	1	301	8.7e-157	555.1
SRR10507656|k141_100444_20	nagB|nagB_4205_bv	100.0	250	0	0	1	250	1	250	3.5e-143	509.6
SRR10507656|k141_100444_21	nagA|nagA_7160_bv	100.0	373	0	0	1	373	1	373	3.7e-213	742.7
SRR10507656|k141_100470_8	nanU|nanU_403585_bv	74.0	543	138	2	6	545	19	561	2.3e-240	833.6
SRR10507656|k141_14526_9	nagB|nagB_67212_bv	100.0	241	0	0	1	241	26	266	8.0e-137	488.4
SRR10507656|k141_14563_1	nanQ|nanQ_201_bv	100.0	126	0	0	1	126	26	151	1.4e-68	260.8
SRR10507656|k141_74344_2	neuD|neuD_4094_uniprot	66.5	212	71	0	1	212	1	212	4.5e-75	283.1
SRR10507656|k141_74361_1	satB|MEM7021896.1	40.2	249	148	1	1	248	1	249	1.6e-42	175.3
SRR10507656|k141_14721_73	neuD|neuD_9125_uniprot	94.4	195	11	0	1	195	1	195	3.2e-51	203.8
SRR10507656|k141_43628_2	ompF|ompF_4208_bv	100.0	308	0	0	1	308	1	308	5.4e-178	625.5
SRR10507656|k141_14759_15	nanU|nanU_319905_bv	47.6	525	263	10	1	516	1	522	1.3e-128	462.2
SRR10507656|k141_74391_44	kpsM|kpsM_956_bv	60.2	256	102	0	7	262	8	263	4.4e-80	300.1
SRR10507656|k141_74391_45	kpsT|kpsT_13997_bv	47.3	220	114	1	8	227	8	225	6.7e-54	213.0
SRR10507656|k141_14810_2	nanU|nanU_178026_bv	51.7	565	252	12	1	553	1	556	6.3e-153	543.1
SRR10507656|k141_43693_17	nanU|nanU_635054_bv	48.6	502	248	6	7	505	8	502	1.5e-137	491.9
SRR10507656|k141_43828_26	nanU|nanU_71571_bv	44.1	675	356	13	1	667	1	662	6.7e-157	556.6
SRR10507656|k141_43852_2	siaQ|siaQ_200262_bv	99.4	157	1	0	1	157	1	157	4.2e-78	292.7
SRR10507656|k141_43852_3	siaP|siaP_270179_bv	92.4	92	7	0	1	92	38	129	1.2e-40	167.5
SRR10507656|k141_74657_1	satB|MBI5878579.1	41.7	235	137	0	2	236	78	312	2.0e-50	201.4
SRR10507656|k141_74683_1	nanH|nanH_59915_bv	67.3	214	69	1	1	213	24	237	3.8e-79	297.0
SRR10507656|k141_101098_140	kpsM|kpsM_604_bv	56.4	280	121	1	1	280	1	279	2.8e-85	317.4
SRR10507656|k141_15041_64	satD|WP_129315695.1	41.3	252	145	2	3	251	10	261	6.6e-47	189.9
SRR10507656|k141_44032_1	satD|CEA06890.1	41.3	201	110	5	20	213	32	231	2.5e-28	127.9
SRR10507656|k141_15111_2	nagB|nagB_83351_bv	95.7	186	8	0	1	186	61	246	3.3e-98	359.8
SRR10507656|k141_101234_21	nagA|nagA_707_bv	100.0	387	0	0	1	387	1	387	7.4e-225	781.6
SRR10507656|k141_74905_1	nagB|nagB_6045_bv	100.0	174	0	0	1	174	70	243	1.2e-97	357.8
SRR10507656|k141_74905_2	nagA|nagA_13256_uniprot	100.0	379	0	0	1	379	12	390	8.3e-221	768.1
SRR10507656|k141_44232_11	nanU|nanU_412311_bv	99.6	543	2	0	4	546	3	545	0.0e+00	1125.5
SRR10507656|k141_15264_70	nanK|nanK_7216_bv	40.5	311	171	5	8	315	4	303	1.4e-56	222.2
SRR10507656|k141_44233_12	nagA|nagA_11046_bv	100.0	370	0	0	1	370	1	370	1.8e-212	740.3
SRR10507656|k141_44233_13	nagB|nagB_20299_bv	100.0	245	0	0	1	245	1	245	3.5e-140	499.6
SRR10507656|k141_44320_1	nanU|nanU_91940_bv	100.0	296	0	0	1	296	81	376	4.7e-171	602.4
SRR10507656|k141_75002_7	satD|WP_009277834.1	40.4	213	120	6	21	227	31	242	1.8e-30	135.2
SRR10507656|k141_101365_3	satB|WP_019415778.1	44.1	322	152	4	3	320	17	314	5.4e-64	246.9
SRR10507656|k141_75095_2	nanM|nanM_1175_bv	100.0	136	0	0	1	136	18	153	5.5e-74	278.9
SRR10507656|k141_44484_2	nanH|nanH_15173_bv	98.7	393	5	0	147	539	1	393	1.1e-231	804.7
SRR10507656|k141_75194_1	nanA|nanA_8656_uniprot	49.3	69	35	0	1	69	1	69	2.9e-13	76.3
SRR10507656|k141_75236_10	siaP|siaP_76955_bv	99.3	307	2	0	1	307	1	307	1.3e-175	617.8
SRR10507656|k141_75236_11	siaQ|siaQ_142491_bv	98.7	156	2	0	1	156	1	156	8.5e-79	295.0
SRR10507656|k141_75236_12	siaM|siaM_4198_bv	100.0	431	0	0	1	431	1	431	2.5e-229	796.6
SRR10507656|k141_101505_1	nanK|nanK_306_bv	42.4	257	138	6	37	290	74	323	3.1e-45	184.5
SRR10507656|k141_101571_15	siaQ|siaQ_60664_bv	100.0	165	0	0	1	165	8	172	2.6e-86	320.1
SRR10507656|k141_101653_4	SIAE|SIAE_9031_uniprot	41.5	258	143	4	89	343	4	256	1.9e-46	188.7
SRR10507656|k141_44738_2	siaM|siaM_11737_bv	100.0	428	0	0	1	428	1	428	2.1e-220	766.9
SRR10507656|k141_101669_3	nagB|nagB_3161_bv	100.0	244	0	0	1	244	1	244	1.9e-138	493.8
SRR10507656|k141_101755_4	satB|HUX88249.1	41.8	318	178	3	4	319	2	314	8.6e-62	239.6
SRR10507656|k141_44922_1	siaQ|siaQ_550996_bv	50.4	139	69	0	1	139	31	169	1.5e-31	137.9
SRR10507656|k141_15470_2	satD|WP_136453715.1	46.6	264	136	2	1	262	1	261	1.2e-63	245.7
SRR10507656|k141_45082_2	kpsM|kpsM_209_bv	57.5	275	107	3	2	268	5	277	2.5e-86	320.9
SRR10507656|k141_15640_1	nanT|nanT_12471_bv	47.5	387	199	3	10	395	14	397	1.7e-89	332.0
SRR10507656|k141_45246_4	siaT|siaT_41280_uniprot	99.8	430	1	0	1	430	7	436	9.3e-229	794.7
SRR10507656|k141_45269_2	satB|OPL08662.1	40.9	318	174	1	1	318	1	304	6.2e-60	233.4
SRR10507656|k141_45269_5	satD|WP_207616619.1	44.3	264	144	2	1	263	5	266	2.2e-60	235.0
SRR10507656|k141_15723_3	nagB|nagB_44414_bv	100.0	245	0	0	1	245	1	245	8.4e-142	505.0
SRR10507656|k141_45282_13	nanU|nanU_441088_bv	40.7	624	336	14	3	612	2	605	2.6e-123	444.9
SRR10507656|k141_75661_35	nanK|nanK_28066_bv	42.3	307	163	5	7	313	5	297	4.5e-55	217.2
SRR10507656|k141_15777_1	nagB|nagB_3619_bv	100.0	203	0	0	1	203	53	255	9.2e-118	424.9
SRR10507656|k141_45286_23	siaQ|siaQ_175396_bv	96.3	162	6	0	1	162	1	162	4.5e-83	309.3
SRR10507656|k141_45286_24	siaM|siaM_222959_bv	100.0	439	0	0	1	439	1	439	7.1e-216	751.9
SRR10507656|k141_45286_56	nagB|nagB_61856_bv	100.0	243	0	0	1	243	1	243	1.6e-140	500.7
SRR10507656|k141_75799_2	nagA|nagA_128853_bv	100.0	379	0	0	1	379	2	380	3.6e-224	779.2
SRR10507656|k141_75799_6	nagB|nagB_5034_bv	100.0	242	0	0	1	242	1	242	1.7e-139	497.3
SRR10507656|k141_75890_1	siaM|siaM_27636_bv	97.1	382	11	0	1	382	41	422	2.4e-196	686.8
SRR10507656|k141_45316_114	satD|WP_283490273.1	46.6	262	126	5	5	257	27	283	1.2e-52	209.1
SRR10507656|k141_45316_126	nanQ|nanQ_2890_uniprot	81.4	156	29	0	1	156	1	156	2.6e-67	256.9
SRR10507656|k141_16041_3	nanU|nanU_654913_bv	99.4	538	3	0	8	545	1	538	0.0e+00	1138.6
SRR10507656|k141_102408_3	nanK|nanK_26250_bv	40.1	302	170	5	7	308	6	296	2.5e-58	228.0
SRR10507656|k141_76018_11	satD|WP_066299715.1	47.7	256	133	1	5	260	11	265	8.0e-63	243.0
SRR10507656|k141_76018_14	satB|MFN4189717.1	47.4	304	159	1	1	304	1	303	6.3e-78	293.1
SRR10507656|k141_76098_12	kpsM|kpsM_209_bv	50.4	268	129	2	7	270	10	277	2.8e-69	264.2
SRR10507656|k141_16139_2	kpsD|kpsD_6685_bv	81.7	683	117	4	1	676	117	798	0.0e+00	1102.4
SRR10507656|k141_76141_3	nagA|nagA_2982_bv	100.0	388	0	0	1	388	1	388	1.8e-223	776.9
SRR10507656|k141_76141_4	nagA|nagA_814_bv	100.0	308	0	0	1	308	94	401	3.3e-175	616.3
SRR10507656|k141_16469_1	siaQ|siaQ_567565_bv	100.0	113	0	0	1	113	1	113	2.6e-53	209.9
SRR10507656|k141_102712_15	satD|WP_237188952.1	40.2	239	127	8	22	254	64	292	1.1e-30	136.0
SRR10507656|k141_102712_35	satD|WP_066299715.1	47.9	257	131	2	6	261	11	265	2.5e-64	248.1
SRR10507656|k141_102712_39	satB|OPL08662.1	40.3	315	177	2	1	315	1	304	2.2e-62	241.5
SRR10507656|k141_45933_1	nanQ|nanQ_1279_uniprot	100.0	150	0	0	1	150	1	150	1.3e-84	314.3
SRR10507656|k141_45972_1	siaP|siaP_682331_bv	48.2	137	71	0	1	137	31	167	1.5e-31	137.9
SRR10507656|k141_16638_2	satD|WP_271417843.1	43.1	276	127	5	13	283	19	269	4.9e-56	220.3
SRR10507656|k141_16725_2	nanU|nanU_37265_bv	42.4	556	253	10	6	555	5	499	3.0e-118	427.9
SRR10507656|k141_102935_1	ompF|ompF_3216_bv	72.1	104	26	1	1	101	18	121	3.9e-37	156.0
SRR10507656|k141_46038_1	nanU|nanU_6827_bv	100.0	440	0	0	1	440	1	440	4.2e-261	902.1
SRR10507656|k141_76343_14	kpsD|kpsD_1302_bv	53.2	801	369	4	3	802	2	797	3.0e-244	847.0
SRR10507656|k141_16747_9	nanQ|nanQ_55_uniprot	100.0	148	0	0	1	148	1	148	2.9e-81	303.1
SRR10507656|k141_16765_4	nanU|nanU_242774_bv	88.9	552	61	0	1	552	4	555	1.9e-298	1026.5
SRR10507656|k141_16787_4	nanU|nanU_114568_bv	48.9	622	301	15	3	613	24	639	1.5e-155	552.0
SRR10507656|k141_103088_1	SIAE|SIAE_14581_uniprot	81.3	251	47	0	1	251	1	251	1.1e-123	444.9
SRR10507656|k141_46341_3	nanU|nanU_35422_bv	100.0	499	0	0	1	499	10	508	7.1e-297	1021.1
SRR10507656|k141_103149_6	nanU|nanU_590222_bv	55.4	570	230	10	1	554	1	562	1.8e-171	604.7
SRR10507656|k141_46473_1	ompF|ompF_3282_bv	63.7	146	50	1	1	143	1	146	2.6e-50	200.3
SRR10507656|k141_16997_26	nanK|nanK_28066_bv	47.4	308	148	4	6	313	4	297	2.5e-66	254.6
SRR10507656|k141_76570_11	nanQ|nanQ_648_uniprot	99.3	148	1	0	1	148	1	148	5.6e-80	298.9
SRR10507656|k141_103216_50	kpsD|kpsD_12100_bv	51.8	836	368	4	1	806	2	832	9.9e-248	858.6
SRR10507656|k141_103216_186	kpsD|kpsD_12100_bv	54.7	834	363	5	1	822	2	832	8.8e-260	898.7
SRR10507656|k141_103216_215	nanU|nanU_210329_bv	65.1	559	189	3	1	557	1	555	4.2e-213	743.0
SRR10507656|k141_103216_217	nanU|nanU_94083_bv	42.9	645	297	17	1	619	1	600	7.8e-136	486.5
SRR10507656|k141_76766_1	nanA|nanA_9368_uniprot	44.9	138	75	1	9	145	1	138	2.9e-29	130.6
SRR10507656|k141_76791_3	satD|WP_136640697.1	40.1	252	149	1	7	258	8	257	6.5e-47	189.9
SRR10507656|k141_76791_6	satB|HMA59673.1	40.4	314	175	3	6	311	3	312	1.2e-52	209.1
SRR10507656|k141_17225_8	nanK|nanK_297_bv	48.8	303	153	2	5	306	3	304	1.6e-73	278.5
SRR10507656|k141_17225_9	nanE|nanE_20202_bv	99.6	234	1	0	1	234	1	234	6.2e-126	452.2
SRR10507656|k141_17225_10	nanQ|nanQ_639_uniprot	61.3	150	58	0	1	150	1	150	2.6e-53	210.3
SRR10507656|k141_17225_11	nanA|nanA_31404_bv	85.8	309	44	0	1	309	1	309	3.9e-152	539.7
SRR10507656|k141_103322_1	siaM|siaM_68510_bv	90.1	192	19	0	1	192	5	196	4.1e-91	336.3
SRR10507656|k141_76810_3	nanU|nanU_61296_bv	100.0	541	0	0	1	541	1	541	0.0e+00	1132.1
SRR10507656|k141_103376_10	nanU|nanU_446700_bv	46.7	492	256	5	3	493	1	487	1.1e-119	432.6
SRR10507656|k141_76859_20	nanU|nanU_587575_bv	100.0	463	0	0	1	463	2	464	2.5e-272	939.5
SRR10507656|k141_76859_36	nanU|nanU_123241_bv	80.2	501	99	0	11	511	1	501	3.7e-240	832.8
SRR10507656|k141_103450_4	nanU|nanU_326952_bv	69.6	553	153	3	1	545	47	592	2.9e-227	790.0
SRR10507656|k141_76927_2	kpsT|kpsT_10521_bv	44.4	243	131	1	6	244	2	244	1.3e-57	225.3
SRR10507656|k141_76927_3	kpsM|kpsM_958_bv	52.3	256	122	0	5	260	8	263	3.4e-72	273.9
SRR10507656|k141_46806_2	nanU|nanU_186766_bv	99.0	516	5	0	1	516	4	519	2.1e-304	1046.2
SRR10507656|k141_46806_54	nanU|nanU_53127_bv	52.1	532	238	6	8	536	15	532	2.7e-164	580.9
SRR10507656|k141_46806_106	nanU|nanU_398453_bv	41.2	495	265	11	20	503	22	501	1.4e-103	379.0
SRR10507656|k141_46861_3	satD|WP_404291271.1	40.4	245	130	8	16	254	31	265	4.3e-32	140.6
SRR10507656|k141_103605_24	kpsM|kpsM_209_bv	46.9	273	136	3	5	271	8	277	3.4e-67	257.3
SRR10507656|k141_46949_2	nanH|nanH_9455_bv	45.5	393	206	5	10	399	14	401	1.4e-106	388.7
SRR10507656|k141_77054_3	nanU|nanU_430973_bv	40.5	583	293	15	16	591	8	543	4.0e-105	384.4
SRR10507656|k141_17645_7	siaP|siaP_686083_bv	97.6	297	7	0	65	361	1	297	4.0e-164	579.7
SRR10507656|k141_77113_3	satD|MGQ4576061.1	48.1	262	135	1	6	267	4	264	4.7e-63	243.8
SRR10507656|k141_77141_2	nanA|nanA_22520_bv	99.7	292	1	0	1	292	1	292	3.2e-164	579.7
SRR10507656|k141_77141_3	nagB|nagB_9170_bv	100.0	267	0	0	1	267	1	267	8.0e-154	545.0
SRR10507656|k141_77141_4	nagA|nagA_4056_bv	99.7	381	1	0	1	381	1	381	3.0e-218	759.6
SRR10507656|k141_17654_23	nanU|nanU_259305_bv	56.1	547	231	5	13	559	6	543	1.8e-176	621.3
SRR10507656|k141_77327_2	neuA|neuA_18394_uniprot	100.0	223	0	0	1	223	1	223	2.6e-129	463.4
SRR10507656|k141_17769_21	nanU|nanU_233955_bv	75.2	509	114	1	8	516	1	497	2.0e-238	827.0
SRR10507656|k141_17830_1	nanA|nanA_22628_bv	81.9	127	23	0	1	127	29	155	7.0e-55	215.3
SRR10507656|k141_17861_22	nanU|nanU_151923_bv	49.6	486	222	8	1	481	1	468	7.3e-129	463.0
SRR10507656|k141_47151_51	neuA|neuA_1021_bv	100.0	235	0	0	1	235	1	235	1.4e-133	477.6
SRR10507656|k141_47151_52	neuC|neuC_2299_refseq	100.0	365	0	0	1	365	1	365	2.0e-208	726.9
SRR10507656|k141_47151_53	neuB|neuB_1607_bv	100.0	336	0	0	1	336	1	336	7.6e-194	678.3
SRR10507656|k141_104221_2	nanK|nanK_40_bv	47.0	313	163	3	2	311	3	315	2.4e-72	274.6
SRR10507656|k141_104301_1	kpsT|kpsT_9055_bv	49.5	190	89	1	2	184	1	190	1.0e-43	178.7
SRR10507656|k141_17995_2	satB|WP_263079827.1	55.7	307	135	1	1	307	1	306	5.5e-90	333.2
SRR10507656|k141_47334_1	satD|CAB0633674.1	40.4	225	127	4	18	236	44	267	3.1e-34	147.9
SRR10507656|k141_18015_11	nanU|nanU_335603_bv	98.8	495	6	0	13	507	1	495	1.6e-291	1003.4
SRR10507656|k141_104361_1	nanU|nanU_192445_bv	66.4	536	180	0	1	536	1	536	3.0e-224	780.0
SRR10507656|k141_47335_9	SIAE|SIAE_3626_bv	100.0	752	0	0	1	752	1	752	0.0e+00	1546.9
SRR10507656|k141_77997_4	nanU|nanU_643356_bv	83.8	616	99	1	2	616	1	616	1.1e-312	1073.5
SRR10507656|k141_47428_16	kpsM|kpsM_163_bv	58.0	255	107	0	14	268	4	258	1.1e-81	305.4
SRR10507656|k141_18102_44	nagA|nagA_35628_bv	100.0	376	0	0	1	376	1	376	2.4e-220	766.5
SRR10507656|k141_18102_45	nagB|nagB_1196_bv	100.0	243	0	0	1	243	1	243	2.1e-137	490.3
SRR10507656|k141_104509_6	nanU|nanU_290639_bv	99.8	502	1	0	14	515	1	502	5.4e-300	1031.6
SRR10507656|k141_78108_1	nanQ|nanQ_812_uniprot	100.0	150	0	0	1	150	22	171	3.3e-88	326.2
SRR10507656|k141_47575_38	nanU|nanU_597991_bv	54.6	606	251	8	17	613	5	595	4.9e-191	669.8
SRR10507656|k141_104813_4	siaQ|siaQ_16404_bv	100.0	172	0	0	16	187	1	172	6.8e-91	335.5
SRR10507656|k141_18296_12	nagA|nagA_123221_bv	100.0	386	0	0	1	386	1	386	1.2e-227	790.8
SRR10507656|k141_78334_1	siaM|siaM_9939_bv	100.0	420	0	0	1	420	7	426	4.0e-224	779.2
SRR10507656|k141_104816_109	nanU|nanU_273398_bv	99.8	543	1	0	1	543	1	543	0.0e+00	1125.5
SRR10507656|k141_47741_2	nanU|nanU_151621_bv	76.1	543	130	0	1	543	1	543	1.5e-255	884.0
SRR10507656|k141_78621_19	siaM|siaM_37958_bv	100.0	428	0	0	1	428	1	428	1.4e-232	807.4
SRR10507656|k141_78621_20	siaQ|siaQ_812_uniprot	40.5	173	102	1	1	172	1	173	2.8e-30	134.0
SRR10507656|k141_78621_39	siaQ|siaQ_39381_bv	99.5	206	1	0	1	206	1	206	2.6e-112	406.8
SRR10507656|k141_78621_40	siaM|siaM_445992_bv	99.5	429	2	0	1	429	1	429	6.3e-217	755.4
SRR10507656|k141_78724_2	nanH|nanH_39817_bv	69.9	365	110	0	1	365	1	365	2.6e-163	577.0
SRR10507656|k141_78724_3	nanU|nanU_522316_bv	98.9	268	3	0	1	268	102	369	1.7e-151	537.3
SRR10507656|k141_47902_12	nanU|nanU_554903_bv	53.7	534	232	6	12	534	14	543	1.3e-166	588.6
SRR10507656|k141_78763_1	siaP|siaP_157066_bv	66.5	272	91	0	1	272	62	333	4.6e-104	379.8
SRR10507656|k141_78763_2	siaQ|siaQ_544447_bv	45.8	153	79	1	1	153	1	149	6.1e-32	139.4
SRR10507656|k141_78763_3	siaM|siaM_584066_bv	100.0	221	0	0	1	221	1	221	1.4e-111	404.4
SRR10507656|k141_105276_9	nanU|nanU_119814_bv	69.1	457	141	0	16	472	25	481	5.9e-184	646.0
SRR10507656|k141_105288_5	nanQ|nanQ_1025_uniprot	100.0	208	0	0	1	208	1	208	4.5e-120	432.6
SRR10507656|k141_105298_2	nanQ|nanQ_374_uniprot	100.0	208	0	0	1	208	1	208	1.7e-119	430.6
SRR10507656|k141_48135_4	nanR|nanR_6426_uniprot	47.4	228	120	0	1	228	59	286	4.4e-52	206.8
SRR10507656|k141_105405_2	siaQ|siaQ_967_uniprot	78.1	155	34	0	1	155	17	171	4.6e-64	246.1
SRR10507656|k141_105405_3	siaM|siaM_2556_bv	100.0	431	0	0	1	431	1	431	1.4e-227	790.8
SRR10507656|k141_79150_2	nanR|nanR_630_uniprot	100.0	238	0	0	1	238	1	238	2.6e-132	473.4
SRR10507656|k141_48212_10	siaM|siaM_389539_bv	100.0	429	0	0	1	429	1	429	5.8e-223	775.4
SRR10507656|k141_48212_11	siaQ|siaQ_476084_bv	87.9	215	16	2	1	215	1	205	4.7e-96	352.8
SRR10507656|k141_18737_21	neuO|neuO_1_bv	42.1	171	93	3	23	190	1	168	1.6e-26	121.7
SRR10507656|k141_48313_3	kpsM|kpsM_209_bv	58.3	259	101	3	1	254	21	277	4.7e-79	296.6
SRR10507656|k141_48377_2	nanU|nanU_247095_bv	50.1	359	155	9	3	357	1	339	9.2e-89	329.3
SRR10507656|k141_79351_46	nanU|nanU_196140_bv	44.4	545	278	9	20	564	15	534	6.3e-124	446.8
SRR10507656|k141_79351_50	nanU|nanU_638711_bv	92.7	593	43	0	1	593	1	593	0.0e+00	1146.0
SRR10507656|k141_18985_5	nanQ|nanQ_206_bv	100.0	155	0	0	1	155	1	155	3.5e-85	316.2
SRR10507656|k141_18995_92	satB|WP_062515624.1	44.2	303	156	3	16	310	15	312	6.3e-65	250.0
SRR10507656|k141_18995_96	satD|WP_157242448.1	42.2	251	140	1	27	272	9	259	5.2e-49	197.2
SRR10507656|k141_106052_4	siaM|siaM_16028_bv	100.0	429	0	0	1	429	1	429	3.3e-218	759.6
SRR10507656|k141_106124_6	nanK|nanK_7216_bv	40.5	309	172	4	12	317	4	303	2.2e-57	224.9
SRR10507656|k141_19272_6	siaQ|siaQ_16147_bv	100.0	167	0	0	1	167	1	167	5.7e-81	302.4
SRR10507656|k141_19272_7	siaM|siaM_2109_bv	100.0	433	0	0	1	433	1	433	6.3e-225	781.9
SRR10507656|k141_79742_4	nanU|nanU_79795_bv	60.7	535	203	5	2	535	3	531	6.2e-182	639.4
SRR10507656|k141_48826_1	nanU|nanU_415551_bv	62.1	390	148	0	3	392	47	436	1.0e-136	488.8
SRR10507656|k141_19328_1	nanU|nanU_69323_bv	44.5	402	201	11	1	392	167	556	5.8e-84	313.5
SRR10507656|k141_19456_6	nanU|nanU_619410_bv	98.2	491	9	0	1	491	2	492	1.3e-282	973.8
SRR10507656|k141_106292_74	nanU|nanU_317574_bv	100.0	511	0	0	1	511	6	516	1.1e-308	1060.4
SRR10507656|k141_106292_82	nanU|nanU_497957_bv	75.9	486	116	1	11	496	2	486	1.1e-220	768.1
SRR10507656|k141_49067_1	satD|WP_005698987.1	41.4	198	111	1	4	196	22	219	5.9e-37	156.4
SRR10507656|k141_19515_7	nanU|nanU_114568_bv	41.5	610	322	17	22	616	49	638	6.0e-120	433.7
SRR10507656|k141_49152_2	nanQ|nanQ_828_uniprot	100.0	149	0	0	1	149	1	149	1.1e-80	301.2
SRR10507656|k141_106442_9	siaM|siaM_21359_bv	100.0	427	0	0	1	427	1	427	8.1e-225	781.6
SRR10507656|k141_80112_3	satD|MDF2442142.1	48.7	199	102	0	1	199	65	263	3.6e-47	190.7
SRR10507656|k141_80130_2	nanU|nanU_575570_bv	74.7	546	138	0	1	546	1	546	8.4e-251	868.2
SRR10507656|k141_80172_2	nanU|nanU_24278_bv	64.0	497	177	1	1	495	1	497	1.7e-186	654.4
SRR10507656|k141_19667_24	nanK|nanK_7216_bv	40.8	309	171	4	12	317	4	303	5.9e-58	226.9
SRR10507656|k141_80236_2	siaM|siaM_47873_bv	100.0	248	0	0	1	248	1	248	3.6e-124	446.4
SRR10507656|k141_80273_12	siaM|siaM_37309_bv	100.0	433	0	0	1	433	1	433	9.1e-224	778.1
SRR10507656|k141_80273_13	siaQ|siaQ_7646_bv	100.0	167	0	0	1	167	1	167	6.7e-82	305.4
SRR10507656|k141_49284_56	nanU|nanU_17366_bv	100.0	524	0	0	1	524	1	524	0.0e+00	1082.8
SRR10507656|k141_106561_48	nanU|nanU_194521_bv	99.8	517	1	0	1	517	1	517	3.6e-312	1072.0
SRR10507656|k141_80523_1	siaQ|siaQ_11754_bv	100.0	122	0	0	1	122	1	122	4.7e-61	235.7
SRR10507656|k141_49414_8	nanK|nanK_325_bv	79.9	314	63	0	1	314	1	314	7.0e-141	502.3
SRR10507656|k141_20019_21	siaM|siaM_30461_bv	100.0	390	0	0	1	390	1	390	4.1e-191	669.5
SRR10507656|k141_106707_11	nanU|nanU_548479_bv	55.1	503	215	6	1	497	1	498	3.5e-163	577.0
SRR10507656|k141_106799_2	nanU|nanU_574169_bv	95.3	529	25	0	1	529	1	529	2.6e-305	1049.3
SRR10507656|k141_80735_3	satB|MCL2228095.1	44.4	311	165	2	1	311	1	303	3.4e-66	254.2
SRR10507656|k141_20313_2	nanU|nanU_363656_bv	62.4	593	206	8	1	590	1	579	5.2e-206	719.5
SRR10507656|k141_80804_3	nanU|nanU_612126_bv	100.0	490	0	0	47	536	5	494	7.2e-295	1014.6
SRR10507656|k141_49599_2	siaP|siaP_78386_bv	79.8	223	45	0	42	264	12	234	6.2e-98	359.4
SRR10507656|k141_49618_8	siaM|siaM_9035_bv	100.0	424	0	0	1	424	1	424	3.8e-214	746.1
SRR10507656|k141_49618_9	siaQ|siaQ_480775_bv	52.5	160	76	0	4	163	1	160	5.2e-34	146.4
SRR10507656|k141_80846_3	satD|WP_417218302.1	41.7	192	108	4	8	195	72	263	3.9e-29	130.6
SRR10507656|k141_80905_13	nanU|nanU_259305_bv	51.8	544	248	8	18	557	10	543	4.4e-154	547.0
SRR10507656|k141_106844_87	nanQ|nanQ_54_uniprot	100.0	185	0	0	1	185	15	199	1.5e-106	387.5
SRR10507656|k141_106844_91	nanH|nanH_52853_bv	99.6	499	2	0	45	543	1	499	2.6e-300	1032.7
SRR10507656|k141_106844_92	nanU|nanU_142022_bv	42.8	491	263	8	10	496	8	484	2.3e-101	371.7
SRR10507656|k141_106844_179	neuB|neuB_19920_bv	50.9	342	158	1	4	335	18	359	5.5e-91	336.7
SRR10507656|k141_80944_1	satD|WP_204878079.1	45.3	258	132	2	6	257	17	271	2.0e-62	241.5
SRR10507656|k141_20405_9	nanU|nanU_601173_bv	99.3	562	4	0	1	562	12	573	0.0e+00	1151.3
SRR10507656|k141_20405_31	nanK|nanK_7216_bv	41.7	309	168	4	12	317	4	303	4.0e-59	230.7
SRR10507656|k141_20405_54	nanU|nanU_318479_bv	71.4	511	138	3	16	518	7	517	2.6e-226	786.9
SRR10507656|k141_49695_40	kpsM|kpsM_245_uniprot	58.1	267	102	2	2	268	15	271	6.5e-79	296.2
SRR10507656|k141_49695_41	kpsT|kpsT_10521_bv	48.3	238	122	1	5	241	3	240	1.5e-61	238.4
SRR10507656|k141_80946_63	nanQ|nanQ_2202_bv	100.0	157	0	0	1	157	1	157	1.2e-88	327.8
SRR10507656|k141_20412_12	nanU|nanU_319147_bv	99.8	508	1	0	27	534	1	508	3.7e-299	1028.9
SRR10507656|k141_20412_14	SIAE|SIAE_26740_refseq	100.0	292	0	0	1	292	1	292	5.8e-174	612.1
SRR10507656|k141_20412_22	SIAE|SIAE_77228_bv	99.6	490	2	0	1	490	1	490	2.0e-296	1020.0
SRR10507656|k141_20414_2	nanU|nanU_256107_bv	43.2	562	289	10	13	565	8	548	2.0e-109	398.7
SRR10507656|k141_49725_2	nanQ|nanQ_6094_uniprot	44.7	132	73	0	52	183	8	139	7.3e-29	129.4
SRR10507656|k141_20460_4	nanU|nanU_302044_bv	46.5	568	277	15	2	554	10	565	5.0e-126	453.8
SRR10507656|k141_81015_5	nanK|nanK_28066_bv	41.0	305	168	3	36	340	5	297	1.9e-54	215.3
SRR10507656|k141_81020_2	nanE|nanE_4032_bv	98.7	234	3	0	1	234	1	234	6.8e-133	475.3
SRR10507656|k141_20502_1	nanK|nanK_40_bv	52.4	271	127	2	16	285	30	299	2.3e-74	281.2
SRR10507656|k141_49785_10	nagA|nagA_2194_bv	100.0	366	0	0	1	366	1	366	5.7e-211	735.3
SRR10507656|k141_49785_11	nagB|nagB_4699_bv	100.0	247	0	0	1	247	1	247	6.7e-139	495.4
SRR10507656|k141_106962_4	nanK|nanK_40_bv	59.3	317	125	3	1	316	1	314	1.1e-98	362.1
SRR10507656|k141_107006_1	nanR|nanR_4806_bv	40.7	226	117	6	1	219	3	218	1.0e-33	146.0
SRR10507656|k141_107051_1	satD|WP_444599035.1	40.8	223	118	4	22	240	44	256	3.7e-33	144.1
SRR10507656|k141_20523_58	nanK|nanK_28066_bv	42.6	305	163	3	7	311	5	297	1.4e-56	222.2
SRR10507656|k141_81177_11	satD|WP_108832684.1	49.2	258	126	4	21	277	21	274	3.1e-62	241.1
SRR10507656|k141_49887_2	satD|WP_115412169.1	40.8	211	116	4	20	223	43	251	1.0e-29	132.5
SRR10507656|k141_49919_2	nanR|nanR_1299_uniprot	43.3	224	126	1	1	224	1	223	7.8e-41	169.5
SRR10507656|k141_49919_4	nanQ|nanQ_1056_bv	100.0	150	0	0	1	150	1	150	1.4e-83	310.8
SRR10507656|k141_49919_14	nanQ|nanQ_2779_uniprot	73.9	165	43	0	1	165	1	165	9.6e-73	275.0
SRR10507656|k141_107207_1	nanK|nanK_16441_bv	42.7	206	118	0	2	207	8	213	6.2e-42	173.3
SRR10507656|k141_49940_3	siaQ|siaQ_462495_bv	97.1	70	2	0	1	70	1	70	1.0e-31	137.5
SRR10507656|k141_107236_1	nagA|nagA_949_bv	100.0	367	0	0	1	367	1	367	4.4e-211	735.7
SRR10507656|k141_107236_2	nanE|nanE_6967_bv	100.0	178	0	0	1	178	1	178	3.5e-97	356.3
SRR10507656|k141_81270_13	nanU|nanU_167905_bv	99.8	500	1	0	18	517	11	510	3.7e-296	1018.8
SRR10507656|k141_20744_1	nanK|nanK_28066_bv	43.5	223	112	4	7	228	5	214	6.6e-40	166.4
SRR10507656|k141_81287_15	siaT|siaT_73244_uniprot	100.0	436	0	0	1	436	1	436	1.7e-225	783.9
SRR10507656|k141_81287_61	satB|WP_292596291.1	46.8	312	165	1	1	312	1	311	6.5e-70	266.5
SRR10507656|k141_107449_5	siaM|siaM_2672_bv	100.0	427	0	0	1	427	1	427	8.7e-227	788.1
SRR10507656|k141_50173_9	satD|WP_271417843.1	46.6	236	121	2	27	262	39	269	1.6e-55	218.8
SRR10507656|k141_50173_12	satB|OPL08187.1	41.2	313	173	4	1	303	1	312	2.6e-55	218.0
SRR10507656|k141_81332_22	satD|WP_194781615.1	46.9	262	138	1	3	264	4	264	1.2e-66	255.8
SRR10507656|k141_81346_1	nagB|nagB_229242_bv	100.0	159	0	0	1	159	1	159	2.8e-90	333.2
SRR10507656|k141_50241_1	satD|WP_136640697.1	42.5	259	145	1	1	255	1	259	7.5e-53	209.9
SRR10507656|k141_107600_2	nanU|nanU_94767_bv	55.8	541	238	1	6	545	9	549	5.2e-171	603.2
SRR10507656|k141_20916_37	satD|WP_227924124.1	47.5	261	131	2	5	265	12	266	1.6e-66	255.4
SRR10507656|k141_20916_38	satB|WP_045669688.1	41.1	314	182	2	1	313	1	312	7.2e-61	236.5
SRR10507656|k141_50351_1	kpsD|kpsD_5764_bv	97.8	278	6	0	1	278	1	278	4.4e-148	526.6
SRR10507656|k141_50433_2	kpsT|kpsT_10521_bv	45.2	228	125	0	8	235	2	229	9.6e-58	225.7
SRR10507656|k141_81609_6	nagB|nagB_1551_bv	100.0	243	0	0	1	243	1	243	1.9e-138	493.8
SRR10507656|k141_21050_3	nanU|nanU_68107_bv	99.8	534	1	0	5	538	18	551	0.0e+00	1099.0
SRR10507656|k141_50460_2	nanU|nanU_463560_bv	84.4	556	86	1	23	578	1	555	6.1e-292	1005.0
SRR10507656|k141_107900_4	satD|WP_124933466.1	47.5	244	121	5	15	257	30	267	1.1e-56	222.6
SRR10507656|k141_107990_1	nanU|nanU_31550_bv	99.3	419	3	0	1	419	48	466	1.5e-247	857.1
SRR10507656|k141_108017_1	nanE|nanE_1169_bv	100.0	229	0	0	1	229	1	229	1.4e-125	451.1
SRR10507656|k141_108017_2	nanA|nanA_27479_bv	92.9	154	11	0	1	154	1	154	4.0e-81	302.8
SRR10507656|k141_81658_2	kpsM|kpsM_549_bv	48.3	259	130	3	12	269	17	272	1.1e-57	225.7
SRR10507656|k141_108046_1	siaP|siaP_729970_bv	82.3	113	15	2	1	111	1	110	2.2e-41	170.2
SRR10507656|k141_50630_11	nanU|nanU_186387_bv	94.3	584	33	0	5	588	1	584	0.0e+00	1151.3
SRR10507656|k141_81752_5	satD|WP_091608417.1	45.8	260	139	2	3	262	7	264	2.5e-59	231.5
SRR10507656|k141_50719_2	ompC|ompC_15327_bv	94.4	285	15	1	3	287	89	372	1.9e-153	543.9
SRR10507656|k141_82008_2	nanQ|nanQ_214_uniprot	100.0	149	0	0	1	149	1	149	6.0e-82	305.4
SRR10507656|k141_108389_9	nanU|nanU_123241_bv	98.0	501	10	0	11	511	1	501	2.7e-291	1002.7
SRR10507656|k141_21563_1	satD|WP_400927634.1	43.1	218	123	1	1	217	45	262	1.0e-45	185.7
SRR10507656|k141_50903_1	nanU|nanU_28295_bv	100.0	436	0	0	1	436	43	478	5.5e-261	901.7
SRR10507656|k141_50947_11	nanU|nanU_2491_bv	100.0	625	0	0	1	625	1	625	0.0e+00	1277.7
SRR10507656|k141_108577_16	siaQ|siaQ_199973_bv	72.7	161	44	0	1	161	1	161	5.5e-65	249.2
SRR10507656|k141_108577_17	siaM|siaM_100869_bv	100.0	428	0	0	1	428	4	431	3.1e-224	779.6
SRR10507656|k141_108623_2	satD|WP_321077476.1	40.3	258	135	7	3	256	38	280	1.4e-41	172.2
SRR10507656|k141_108754_1	kpsD|kpsD_8254_bv	53.5	495	229	1	66	560	8	501	1.3e-158	562.0
SRR10507656|k141_21748_2	nagB|nagB_112026_bv	100.0	236	0	0	1	236	1	236	1.5e-132	474.2
SRR10507656|k141_51103_36	nanU|nanU_69323_bv	42.1	575	291	17	12	569	7	556	9.5e-104	379.8
SRR10507656|k141_108843_33	nanU|nanU_464377_bv	86.0	487	68	0	10	496	1	487	3.3e-254	879.4
SRR10507656|k141_108939_2	siaQ|siaQ_662_uniprot	56.3	158	69	0	3	160	5	162	5.9e-43	176.0
SRR10507656|k141_51213_6	nanT|nanT_802_uniprot	99.8	408	1	0	1	408	1	408	7.5e-228	791.6
SRR10507656|k141_21819_75	nanU|nanU_444742_bv	93.3	493	33	0	1	493	1	493	1.1e-273	944.1
SRR10507656|k141_51233_1	nagB|nagB_4005_bv	99.2	244	2	0	1	244	1	244	4.8e-137	489.2
SRR10507656|k141_82694_4	nanE|nanE_4709_bv	100.0	226	0	0	1	226	1	226	7.1e-127	455.3
SRR10507656|k141_82735_1	SIAE|SIAE_73917_bv	99.6	279	1	0	1	279	54	332	6.2e-165	582.0
SRR10507656|k141_51601_2	siaQ|siaQ_49802_bv	55.1	178	80	0	30	207	3	180	2.6e-51	204.1
SRR10507656|k141_22293_2	satB|MDR1520311.1	52.4	315	149	1	1	315	1	314	5.6e-85	316.6
SRR10507656|k141_22315_2	nanU|nanU_403566_bv	82.2	501	89	0	8	508	1	501	3.1e-247	856.3
SRR10507656|k141_51644_6	nanU|nanU_458854_bv	89.9	416	42	0	13	428	1	416	3.7e-217	756.1
SRR10507656|k141_51644_18	nanR|nanR_6423_uniprot	48.8	215	109	1	2	215	3	217	7.7e-46	186.0
SRR10507656|k141_82967_1	nanU|nanU_73051_bv	91.9	484	39	0	13	496	4	487	4.6e-272	938.7
SRR10507656|k141_109411_1	siaP|siaP_275825_bv	74.4	121	31	0	4	124	17	137	8.6e-50	198.4
SRR10507656|k141_109531_2	nanU|nanU_593005_bv	98.8	500	6	0	2	501	13	512	6.0e-296	1018.1
SRR10507656|k141_22529_7	satD|WP_162320857.1	40.5	195	108	6	10	199	25	216	3.5e-25	117.5
SRR10507656|k141_22587_14	nanQ|nanQ_2498_uniprot	99.3	152	1	0	1	152	1	152	2.0e-85	317.0
SRR10507656|k141_83268_5	satD|WP_209906647.1	46.3	227	122	0	1	227	37	263	3.5e-54	214.2
SRR10507656|k141_51752_39	satB|WP_053206816.1	40.8	316	182	3	1	314	1	313	4.1e-56	220.7
SRR10507656|k141_83370_1	siaM|siaM_780_bv	95.7	375	14	1	1	373	66	440	2.0e-182	640.6
SRR10507656|k141_109706_2	satD|WP_443424392.1	40.0	210	121	3	17	221	38	247	3.0e-29	131.0
SRR10507656|k141_109713_3	siaM|siaM_18769_bv	100.0	429	0	0	1	429	1	429	8.4e-222	771.5
SRR10507656|k141_22737_3	satD|WP_129626403.1	41.3	230	129	5	12	236	37	265	2.0e-39	164.9
SRR10507656|k141_83470_2	nanK|nanK_40_bv	48.1	310	153	5	3	304	2	311	2.1e-73	278.1
SRR10507656|k141_51852_63	SIAE|SIAE_7875_refseq	66.5	254	85	0	1	254	1	254	3.8e-101	370.2
SRR10507656|k141_83554_3	nanK|nanK_550_uniprot	85.6	313	45	0	1	313	1	313	1.6e-161	570.9
SRR10507656|k141_83554_4	nagB|nagB_36284_bv	98.0	244	5	0	1	244	1	244	2.6e-135	483.4
SRR10507656|k141_83554_10	nanU|nanU_590222_bv	45.6	570	293	11	3	564	2	562	1.5e-138	495.4
SRR10507656|k141_83565_1	kpsT|kpsT_2773_bv	48.4	186	94	1	1	186	22	205	1.9e-47	191.4
SRR10507656|k141_22852_2	nanU|nanU_399565_bv	64.1	563	195	4	8	563	5	567	1.2e-207	724.9
SRR10507656|k141_109822_2	siaQ|siaQ_175057_bv	77.9	163	36	0	1	163	1	163	2.0e-67	257.3
SRR10507656|k141_109825_1	nagB|nagB_153266_bv	100.0	270	0	0	1	270	4	273	5.1e-156	552.4
SRR10507656|k141_109825_3	nanU|nanU_236219_bv	99.8	506	1	0	1	506	26	531	5.3e-300	1031.6
SRR10507656|k141_22891_1	kpsM|kpsM_209_bv	65.9	264	90	0	1	264	1	264	5.0e-92	339.7
SRR10507656|k141_22915_2	siaP|siaP_303385_bv	41.5	94	53	2	8	100	9	101	7.9e-14	78.6
SRR10507656|k141_23041_1	kpsT|kpsT_9718_bv	51.0	196	95	1	39	234	44	238	5.9e-52	206.5
SRR10507656|k141_23051_10	siaP|siaP_126597_bv	57.1	240	103	0	91	330	1	240	8.6e-81	302.8
SRR10507656|k141_109851_25	kpsM|kpsM_380_bv	54.6	284	126	1	4	287	2	282	3.6e-83	310.5
SRR10507656|k141_109851_43	kpsD|kpsD_13595_bv	54.9	830	341	6	1	830	1	797	6.3e-258	892.5
SRR10507656|k141_23173_2	siaP|siaP_303384_bv	90.0	160	16	0	26	185	1	160	2.2e-78	293.9
SRR10507656|k141_109958_4	siaP|siaP_363964_bv	75.0	312	78	0	52	363	23	334	2.1e-136	487.6
SRR10507656|k141_109999_1	satB|WP_292596291.1	48.0	294	153	0	1	294	1	294	1.3e-64	248.8
SRR10507656|k141_110025_6	SIAE|SIAE_45345_bv	48.4	548	107	1	92	639	1	372	2.9e-141	504.6
SRR10507656|k141_52268_1	nagA|nagA_158160_bv	100.0	367	0	0	1	367	1	367	9.5e-214	744.6
SRR10507656|k141_52402_1	nanU|nanU_580323_bv	99.2	396	3	0	2	397	9	404	2.3e-226	786.6
SRR10507656|k141_52416_1	satB|WP_209510972.1	40.3	305	179	2	1	303	1	304	2.3e-56	221.5
SRR10507656|k141_23433_3	siaQ|siaQ_81209_bv	63.3	150	55	0	1	150	1	150	1.1e-47	191.8
SRR10507656|k141_23433_4	siaM|siaM_424839_bv	99.8	421	1	0	1	421	1	421	3.3e-226	786.2
SRR10507656|k141_23530_2	nanQ|nanQ_7555_uniprot	99.3	149	1	0	1	149	1	149	1.2e-82	307.8
SRR10507656|k141_52513_8	nagA|nagA_126832_bv	50.7	353	171	3	39	389	40	391	1.2e-97	359.0
SRR10507656|k141_52526_1	neuB|neuB_63109_bv	72.6	106	29	0	1	106	26	131	6.0e-39	162.2
SRR10507656|k141_23623_1	siaQ|siaQ_366544_bv	98.7	151	2	0	1	151	1	151	3.4e-77	289.7
SRR10507656|k141_23645_9	satB|HUX88249.1	42.4	316	179	3	1	315	1	314	3.9e-59	230.7
SRR10507656|k141_23645_10	satD|WP_136640697.1	45.2	259	139	2	9	266	5	261	3.7e-63	244.2
SRR10507656|k141_110183_4	satD|WP_126471448.1	40.0	210	119	3	18	222	34	241	2.2e-32	141.4
SRR10507656|k141_110183_7	satB|MCB1069314.1	41.2	318	175	2	1	310	1	314	3.9e-59	230.7
SRR10507656|k141_110234_2	SIAE|SIAE_725_bv	100.0	691	0	0	1	691	1	691	0.0e+00	1442.6
SRR10507656|k141_110234_3	nanM|nanM_2289_bv	99.4	310	2	0	1	310	1	310	1.7e-184	647.5
SRR10507656|k141_23872_4	satD|WP_223944689.1	46.5	269	142	2	1	268	1	268	2.8e-63	244.6
SRR10507656|k141_23907_3	siaM|siaM_86796_bv	100.0	433	0	0	1	433	1	433	3.1e-224	779.6
SRR10507656|k141_23907_4	siaQ|siaQ_233803_bv	100.0	169	0	0	1	169	1	169	1.4e-82	307.8
SRR10507656|k141_23939_6	nanU|nanU_1200_bv	40.7	619	312	14	3	590	6	600	7.8e-117	423.3
SRR10507656|k141_23939_8	nanU|nanU_656288_bv	76.7	558	130	0	1	558	1	558	3.4e-263	909.4
SRR10507656|k141_24025_1	satD|WP_286346181.1	40.2	204	113	4	1	195	7	210	5.5e-27	123.2
SRR10507656|k141_110452_2	nagB|nagB_18062_bv	100.0	242	0	0	1	242	1	242	2.3e-136	486.9
SRR10507656|k141_110590_57	satD|WP_110851963.1	44.2	240	125	4	22	258	29	262	8.5e-51	203.0
SRR10507656|k141_24274_3	SIAE|SIAE_1485_bv	100.0	465	0	0	1	465	1	465	1.1e-275	950.7
SRR10507656|k141_53198_2	nanK|nanK_4445_bv	53.6	293	136	0	1	293	1	293	8.3e-91	335.9
SRR10507656|k141_53224_8	kpsM|kpsM_163_bv	65.5	255	88	0	7	261	4	258	6.1e-90	332.8
SRR10507656|k141_24363_65	nagB|nagB_70452_bv	100.0	243	0	0	1	243	11	253	4.3e-138	492.7
SRR10507656|k141_24363_66	nagA|nagA_40076_bv	100.0	370	0	0	1	370	5	374	1.2e-213	744.2
SRR10507656|k141_24363_96	satD|WP_058234849.1	40.5	215	122	5	22	231	43	256	3.6e-31	137.5
SRR10507656|k141_110671_69	nanU|nanU_536296_bv	98.5	529	8	0	1	529	1	529	0.0e+00	1096.6
SRR10507656|k141_110671_77	nagB|nagB_74529_bv	99.6	263	1	0	1	263	1	263	1.3e-151	537.7
SRR10507656|k141_110671_90	nagA|nagA_61378_bv	100.0	387	0	0	1	387	57	443	1.5e-225	783.9
SRR10507656|k141_110671_94	nanM|nanM_3259_bv	42.4	363	193	6	44	406	6	352	2.6e-71	271.6
SRR10507656|k141_110671_97	SIAE|SIAE_307_bv	100.0	687	0	0	1	687	1	687	0.0e+00	1437.6
SRR10507656|k141_110671_101	nanU|nanU_574902_bv	99.8	500	1	0	1	500	2	501	5.8e-299	1028.1
SRR10507656|k141_53369_2	nanU|nanU_410087_bv	100.0	340	0	0	1	340	127	466	3.8e-201	702.6
SRR10507656|k141_24384_81	satD|XZE89459.1	40.5	220	124	6	21	234	37	255	2.3e-38	161.4
SRR10507656|k141_24442_1	siaM|siaM_249314_bv	99.7	310	1	0	1	310	6	315	1.7e-160	567.4
SRR10507656|k141_110789_1	siaM|siaM_108119_bv	86.6	396	53	0	2	397	33	428	3.8e-192	672.9
SRR10507656|k141_110931_1	nanQ|nanQ_5259_bv	97.9	96	2	0	1	96	1	96	5.1e-50	198.7
SRR10507656|k141_24558_11	siaM|siaM_11882_bv	100.0	434	0	0	1	434	1	434	5.5e-229	795.4
SRR10507656|k141_24558_12	siaQ|siaQ_1155_uniprot	99.4	173	1	0	1	173	1	173	7.7e-89	328.6
SRR10507656|k141_24579_2	satD|WP_299048949.1	50.0	204	97	3	23	225	36	235	1.4e-45	185.3
SRR10507656|k141_111043_1	siaM|siaM_457519_bv	99.4	506	3	0	1	506	1	506	7.1e-269	928.3
SRR10507656|k141_111043_2	siaQ|siaQ_386176_bv	99.5	184	1	0	1	184	1	184	1.9e-93	344.0
SRR10507656|k141_24678_2	siaM|siaM_171754_bv	100.0	446	0	0	1	446	1	446	4.1e-235	815.8
SRR10507656|k141_24678_3	siaQ|siaQ_989_uniprot	96.0	173	7	0	1	173	1	173	2.0e-89	330.5
SRR10507656|k141_24678_5	siaP|siaP_503766_bv	79.0	262	51	2	5	262	1	262	3.1e-110	400.6
SRR10507656|k141_53767_74	satD|WP_373777344.1	40.9	225	125	7	23	240	39	262	3.1e-35	151.0
SRR10507656|k141_24798_6	siaM|siaM_308307_bv	100.0	431	0	0	1	431	1	431	1.4e-227	790.8
SRR10507656|k141_24798_7	siaQ|siaQ_967_uniprot	52.9	157	73	1	13	168	16	172	1.8e-42	174.5
SRR10507656|k141_24815_3	nanK|nanK_28066_bv	42.3	312	165	4	3	314	1	297	6.1e-60	233.4
SRR10507656|k141_111294_1	nanU|nanU_312230_bv	55.3	501	214	7	2	498	28	522	5.1e-154	546.6
SRR10507656|k141_54218_14	satB|OPL08187.1	40.7	312	185	0	6	317	1	312	3.6e-60	234.2
SRR10507656|k141_54218_17	satD|WP_270975481.1	44.4	261	139	2	1	256	1	260	4.1e-56	220.7
SRR10507656|k141_25240_1	nanU|nanU_590899_bv	60.7	402	146	4	1	400	95	486	2.0e-140	501.1
SRR10507656|k141_25355_1	siaP|siaP_216904_bv	93.2	117	8	0	7	123	1	117	5.5e-57	222.2
SRR10507656|k141_54431_1	nanK|nanK_28066_bv	47.2	267	129	3	15	281	5	259	1.6e-51	205.3
SRR10507656|k141_54457_1	siaT|siaT_73274_uniprot	99.2	360	3	0	1	360	1	360	7.1e-190	665.2
SRR10507656|k141_25588_13	ompF|ompF_6268_bv	66.2	361	111	4	1	351	1	360	7.6e-136	485.7
SRR10507656|k141_54589_1	kpsM|kpsM_163_bv	67.6	210	63	1	1	210	32	236	8.3e-69	262.3
SRR10507656|k141_25605_2	satB|MFN4189717.1	41.4	336	164	3	1	336	1	303	3.8e-68	260.8
SRR10507656|k141_54717_3	satB|MFN4189717.1	49.7	304	152	1	1	304	1	303	1.2e-73	278.9
SRR10507656|k141_25633_82	siaQ|siaQ_33811_bv	100.0	170	0	0	1	170	1	170	7.8e-94	345.1
SRR10507656|k141_25633_83	siaM|siaM_7588_bv	100.0	429	0	0	1	429	1	429	2.9e-222	773.1
SRR10507656|k141_25742_7	siaP|siaP_97797_bv	99.2	256	2	0	1	256	67	322	9.7e-149	528.1
SRR10507656|k141_25765_1	SIAE|SIAE_17828_bv	67.1	149	49	0	1	149	7	155	3.1e-54	213.4
SRR10507656|k141_54935_4	SIAE|SIAE_85672_bv	48.6	634	254	4	19	648	18	583	9.6e-177	622.5
SRR10507656|k141_54935_10	nanU|nanU_574553_bv	51.1	536	237	7	3	538	4	514	1.2e-153	545.4
SRR10507656|k141_54935_26	nanU|nanU_1180_bv	100.0	521	0	0	1	521	1	521	6.4e-312	1071.2
SRR10507656|k141_54965_2	nagB|nagB_7857_bv	99.6	243	1	0	1	243	1	243	5.1e-139	495.7
SRR10507656|k141_55090_2	siaT|siaT_75287_uniprot	100.0	426	0	0	1	426	4	429	8.7e-227	788.1
SRR10507656|k141_26127_7	nanK|nanK_28066_bv	44.4	304	158	3	6	309	5	297	7.2e-61	236.5
SRR10507656|k141_55496_1	nanK|nanK_12783_bv	94.4	124	7	0	1	124	29	152	4.4e-62	239.2
SRR10507656|k141_55508_6	nanU|nanU_638476_bv	77.4	496	108	4	1	493	10	504	2.7e-224	780.0
SRR10507656|k141_26454_1	siaP|siaP_169192_bv	58.8	148	61	0	1	148	9	156	3.2e-51	203.4
SRR10507656|k141_26542_1	nanU|nanU_638711_bv	60.4	598	232	3	1	598	1	593	8.2e-215	748.8
SRR10507656|k141_55625_133	nanU|nanU_1200_bv	43.3	614	276	17	21	598	23	600	4.2e-126	454.1
SRR10507656|k141_55625_135	nanU|nanU_656288_bv	55.0	556	239	5	3	549	5	558	3.3e-170	600.5
SRR10507656|k141_26610_62	nanU|nanU_124334_bv	56.7	550	223	7	23	562	9	553	2.0e-175	617.8
SRR10507656|k141_55661_19	nanU|nanU_135231_bv	95.8	505	6	1	1	505	1	490	1.2e-283	977.2
SRR10507656|k141_26794_21	nanU|nanU_700_bv	100.0	529	0	0	1	529	1	529	0.0e+00	1101.7
SRR10507656|k141_55711_3	nanU|nanU_580433_bv	77.3	524	119	0	16	539	2	525	1.2e-249	864.4
SRR10507656|k141_55711_13	nanU|nanU_114568_bv	44.0	609	326	11	1	602	37	637	4.2e-134	480.7
SRR10507656|k141_26935_1	nagB|nagB_77352_bv	99.5	195	1	0	1	195	56	250	6.8e-110	398.7
SRR10507656|k141_27192_1	siaM|siaM_259020_bv	93.9	462	1	1	1	435	1	462	1.8e-219	763.8
SRR10507656|k141_27192_2	siaQ|siaQ_39004_bv	100.0	136	0	0	1	136	32	167	2.4e-69	263.5
SRR10507656|k141_27264_1	nagB|nagB_7078_bv	40.5	131	70	2	1	128	20	145	4.8e-19	96.3
SRR10507656|k141_27557_14	kpsM|kpsM_245_uniprot	46.7	259	130	3	5	263	21	271	1.3e-52	208.8
SRR10507656|k141_27557_15	kpsT|kpsT_10521_bv	45.5	244	132	1	4	246	2	245	1.1e-59	232.3
SRR10507656|k141_27575_1	nanU|nanU_635054_bv	51.3	396	186	4	17	411	18	407	2.5e-114	414.5
SRR10507656|k141_27691_4	nanU|nanU_484026_bv	44.5	512	259	13	12	516	8	501	7.0e-117	423.3
SRR10507656|k141_27720_11	siaM|siaM_19121_bv	99.8	435	1	0	1	435	1	435	1.8e-224	780.4
SRR10507657|k141_40618_9	satD|WP_129626403.1	41.6	209	111	7	49	249	39	244	1.1e-27	125.9
SRR10507657|k141_13568_92	nanU|nanU_317574_bv	99.8	511	1	0	1	511	6	516	7.0e-308	1057.7
SRR10507657|k141_40701_23	nagA|nagA_25687_bv	99.7	380	1	0	1	380	1	380	2.3e-218	760.0
SRR10507657|k141_40701_24	nagB|nagB_66044_bv	100.0	241	0	0	1	241	1	241	6.8e-136	485.3
SRR10507657|k141_13616_52	siaM|siaM_14009_bv	100.0	435	0	0	1	435	1	435	1.1e-221	771.2
SRR10507657|k141_13616_53	siaQ|siaQ_411681_bv	66.5	155	52	0	2	156	11	165	6.1e-53	209.1
SRR10507657|k141_13616_54	siaP|siaP_364512_bv	76.5	340	80	0	1	340	1	340	2.9e-148	526.9
SRR10507657|k141_13634_3	satD|WP_058234849.1	40.5	215	122	5	22	231	43	256	3.6e-31	137.5
SRR10507657|k141_13655_11	siaM|siaM_34997_bv	100.0	430	0	0	1	430	1	430	7.4e-218	758.4
SRR10507657|k141_13655_12	siaQ|siaQ_217692_bv	75.8	198	47	1	1	198	2	198	3.7e-79	296.6
SRR10507657|k141_27188_1	nagB|nagB_10036_bv	100.0	241	0	0	1	241	1	241	9.5e-138	491.5
SRR10507657|k141_27188_2	nagA|nagA_3946_bv	99.1	345	3	0	1	345	1	345	3.2e-195	682.9
SRR10507657|k141_40772_15	siaT|siaT_43978_uniprot	99.3	412	3	0	33	444	39	450	1.2e-215	751.1
SRR10507657|k141_27227_38	nagA|nagA_161891_bv	81.6	380	66	1	32	411	1	376	5.0e-179	629.4
SRR10507657|k141_321_5	satB|MCL2228095.1	47.2	309	161	2	1	309	1	307	2.0e-74	281.6
SRR10507657|k141_321_8	satD|WP_150381745.1	46.5	256	130	2	4	253	16	270	3.6e-60	234.2
SRR10507657|k141_321_9	nanQ|nanQ_4507_uniprot	98.7	150	2	0	1	150	1	150	2.9e-84	313.2
SRR10507657|k141_13858_20	nanK|nanK_7216_bv	40.8	309	171	4	12	317	4	303	4.5e-58	227.3
SRR10507657|k141_13859_12	siaM|siaM_21195_bv	100.0	424	0	0	1	424	1	424	9.9e-223	774.6
SRR10507657|k141_13859_19	nanR|nanR_6572_uniprot	100.0	216	0	0	1	216	1	216	1.4e-116	421.0
SRR10507657|k141_13859_26	nanR|nanR_1411_uniprot	44.8	480	261	2	1	478	1	478	9.8e-110	399.4
SRR10507657|k141_27302_18	siaP|siaP_99094_bv	83.7	245	40	0	95	339	1	245	1.2e-114	415.2
SRR10507657|k141_27302_19	siaQ|siaQ_25443_bv	100.0	167	0	0	1	167	1	167	2.2e-85	317.0
SRR10507657|k141_27302_20	siaM|siaM_16046_bv	100.0	435	0	0	1	435	1	435	2.1e-228	793.5
SRR10507657|k141_40887_4	nagB|nagB_24643_bv	100.0	243	0	0	1	243	1	243	2.8e-137	490.0
SRR10507657|k141_40887_5	nagA|nagA_53626_bv	100.0	376	0	0	1	376	1	376	3.1e-220	766.1
SRR10507657|k141_40935_2	satD|WP_443424392.1	40.6	212	117	4	17	221	38	247	6.7e-29	129.8
SRR10507657|k141_13921_1	satD|WP_207616619.1	44.8	268	148	0	1	268	1	268	1.8e-62	241.9
SRR10507657|k141_40954_44	siaM|siaM_9035_bv	100.0	424	0	0	1	424	1	424	3.8e-214	746.1
SRR10507657|k141_40954_45	siaQ|siaQ_480775_bv	52.5	160	76	0	4	163	1	160	5.2e-34	146.4
SRR10507657|k141_13925_4	siaM|siaM_38540_bv	99.8	437	1	0	1	437	1	437	4.7e-212	739.2
SRR10507657|k141_13925_5	siaQ|siaQ_662_uniprot	56.3	158	69	0	3	160	5	162	5.9e-43	176.0
SRR10507657|k141_13925_44	nanA|nanA_8957_bv	74.2	291	75	0	1	291	1	291	3.0e-130	466.8
SRR10507657|k141_13925_69	satD|WP_003847251.1	42.2	230	129	1	25	250	35	264	1.7e-43	178.7
SRR10507657|k141_27357_7	nanU|nanU_311719_bv	55.9	494	208	3	1	491	1	487	2.4e-156	554.3
SRR10507657|k141_27357_13	nanU|nanU_572409_bv	43.5	462	248	6	69	526	134	586	2.6e-100	368.2
SRR10507657|k141_13944_42	nanU|nanU_522014_bv	53.3	561	244	13	1	549	1	555	2.7e-156	554.3
SRR10507657|k141_13944_47	nagA|nagA_124120_bv	100.0	397	0	0	1	397	1	397	4.4e-225	782.3
SRR10507657|k141_13944_48	nagB|nagB_158284_bv	98.2	272	5	0	1	272	1	272	3.7e-154	546.2
SRR10507657|k141_13959_1	siaP|siaP_536164_bv	73.7	304	79	1	64	366	37	340	8.2e-133	475.7
SRR10507657|k141_27483_3	siaT|siaT_43486_uniprot	100.0	435	0	0	1	435	1	435	3.4e-234	812.8
SRR10507657|k141_471_2	siaM|siaM_402684_bv	100.0	427	0	0	1	427	1	427	2.2e-193	677.2
SRR10507657|k141_471_3	siaQ|siaQ_413034_bv	99.4	174	1	0	1	174	1	174	5.3e-90	332.4
SRR10507657|k141_471_4	siaP|siaP_735271_bv	68.6	334	95	1	4	337	1	324	6.2e-127	456.1
SRR10507657|k141_27495_13	siaM|siaM_3412_bv	100.0	423	0	0	1	423	1	423	9.8e-223	774.6
SRR10507657|k141_27495_14	siaQ|siaQ_2365_bv	100.0	174	0	0	1	174	1	174	2.0e-89	330.5
SRR10507657|k141_27495_15	siaP|siaP_225938_bv	52.5	297	139	2	59	354	34	329	1.4e-84	315.5
SRR10507657|k141_41147_66	neuD|neuD_6013_uniprot	100.0	224	0	0	1	224	1	224	4.4e-105	382.9
SRR10507657|k141_14237_4	satD|WP_186939118.1	46.2	212	110	2	1	209	74	284	3.8e-50	200.7
SRR10507657|k141_27522_1	siaP|siaP_126597_bv	55.8	190	84	0	2	191	51	240	3.7e-60	233.4
SRR10507657|k141_484_10	nagB|nagB_173245_bv	49.6	236	119	0	1	236	1	236	6.5e-62	239.6
SRR10507657|k141_484_13	nanU|nanU_253382_bv	99.4	522	3	0	1	522	2	523	3.0e-306	1052.4
SRR10507657|k141_14294_18	nagB|nagB_8445_bv	100.0	241	0	0	1	241	1	241	4.0e-136	486.1
SRR10507657|k141_14301_5	siaT|siaT_73244_uniprot	99.8	436	1	0	1	436	1	436	1.4e-224	780.8
SRR10507657|k141_41294_1	nanQ|nanQ_1747_uniprot	41.5	82	48	0	1	82	1	82	3.1e-11	69.7
SRR10507657|k141_41307_68	nanQ|nanQ_1021_bv	100.0	154	0	0	1	154	1	154	8.9e-89	328.2
SRR10507657|k141_41332_1	kpsD|kpsD_11122_bv	98.5	196	3	0	1	196	66	261	2.0e-106	387.1
SRR10507657|k141_14359_4	nanU|nanU_318479_bv	71.4	511	138	3	16	518	7	517	2.6e-226	786.9
SRR10507657|k141_691_16	nanQ|nanQ_3384_uniprot	100.0	148	0	0	1	148	6	153	4.9e-84	312.4
SRR10507657|k141_692_2	nagB|nagB_1773_bv	98.0	250	5	0	1	250	4	253	2.0e-138	493.8
SRR10507657|k141_14434_10	nagA|nagA_105545_bv	100.0	384	0	0	1	384	1	384	6.2e-224	778.5
SRR10507657|k141_27651_37	kpsD|kpsD_13695_bv	54.8	686	307	2	36	719	137	821	4.1e-221	770.0
SRR10507657|k141_27651_121	kpsD|kpsD_13695_bv	52.7	687	321	3	65	749	137	821	3.2e-208	727.2
SRR10507657|k141_41448_3	siaQ|siaQ_140848_bv	51.2	166	80	1	1	165	4	169	8.4e-40	165.6
SRR10507657|k141_41448_4	siaT|siaT_45793_uniprot	100.0	428	0	0	1	428	1	428	2.0e-231	803.5
SRR10507657|k141_41448_16	siaM|siaM_26134_bv	100.0	427	0	0	1	427	1	427	4.8e-225	782.3
SRR10507657|k141_14582_3	siaP|siaP_364155_bv	49.3	302	151	1	50	351	24	323	5.6e-78	293.5
SRR10507657|k141_14583_1	ompC|ompC_8381_bv	97.9	48	1	0	1	48	1	48	5.1e-19	94.7
SRR10507657|k141_866_1	siaQ|siaQ_215169_bv	93.0	201	14	0	1	201	14	214	7.3e-99	362.1
SRR10507657|k141_866_2	siaM|siaM_170323_bv	98.8	429	5	0	1	429	1	429	1.1e-221	771.2
SRR10507657|k141_893_4	nanU|nanU_295053_bv	98.9	543	6	0	1	543	1	543	0.0e+00	1128.2
SRR10507657|k141_893_9	SIAE|SIAE_100471_bv	99.8	473	1	0	1	473	1	473	2.5e-291	1002.7
SRR10507657|k141_14666_123	satD|WP_046694281.1	40.2	224	130	4	22	241	48	271	2.0e-34	148.3
SRR10507657|k141_990_1	siaT|siaT_41730_uniprot	99.3	429	3	0	1	429	1	429	2.6e-231	803.1
SRR10507657|k141_14685_2	siaQ|siaQ_5195_bv	41.4	152	89	0	12	163	11	162	9.0e-26	119.0
SRR10507657|k141_27753_116	nanU|nanU_517875_bv	50.2	548	261	8	3	541	11	555	3.3e-146	520.8
SRR10507657|k141_27753_194	nanU|nanU_73051_bv	92.0	485	39	0	12	496	3	487	1.6e-272	940.3
SRR10507657|k141_27753_212	SIAE|SIAE_13240_refseq	99.2	479	4	0	1	479	1	479	9.3e-286	984.2
SRR10507657|k141_1007_61	kpsM|kpsM_163_bv	90.3	258	25	0	1	258	1	258	2.9e-124	446.8
SRR10507657|k141_14750_42	satD|HLR28547.1	47.2	233	122	1	28	260	33	264	5.2e-54	213.8
SRR10507657|k141_14750_43	satB|MEZ4522357.1	41.7	319	179	2	1	319	1	312	4.6e-63	243.8
SRR10507657|k141_14750_51	satB|HYU19386.1	41.5	316	182	2	1	316	1	313	5.7e-66	253.4
SRR10507657|k141_14750_56	satD|WP_227924124.1	48.0	256	132	1	5	260	12	266	4.1e-67	257.3
SRR10507657|k141_1073_2	satB|MFN4189717.1	49.7	304	152	1	1	304	1	303	7.2e-74	279.6
SRR10507657|k141_27768_72	satD|WP_049168700.1	42.0	262	148	2	4	264	21	279	9.1e-54	213.0
SRR10507657|k141_27768_103	satB|MDZ7704265.1	42.0	312	181	0	1	312	1	312	9.5e-61	236.1
SRR10507657|k141_27768_106	satD|WP_412956920.1	44.6	260	142	2	2	261	3	260	1.0e-55	219.2
SRR10507657|k141_1106_6	siaM|siaM_118622_bv	100.0	442	0	0	1	442	1	442	1.1e-232	807.7
SRR10507657|k141_41634_50	satD|WP_424573152.1	40.2	229	128	7	20	242	31	256	2.7e-31	137.9
SRR10507657|k141_1135_20	nanR|nanR_1411_uniprot	41.4	485	279	2	1	482	1	483	1.2e-99	365.9
SRR10507657|k141_14828_27	siaQ|siaQ_121894_bv	40.7	162	96	0	4	165	2	163	1.8e-31	137.9
SRR10507657|k141_14828_28	siaM|siaM_96803_bv	100.0	428	0	0	1	428	1	428	4.8e-225	782.3
SRR10507657|k141_14828_137	satD|WP_132501181.1	40.8	211	118	6	23	227	36	245	3.0e-28	127.9
SRR10507657|k141_14833_1	siaT|siaT_53609_uniprot	100.0	125	0	0	2	126	1	125	6.8e-63	241.9
SRR10507657|k141_41668_5	siaM|siaM_133282_bv	100.0	432	0	0	1	432	1	432	2.0e-234	813.5
SRR10507657|k141_41668_6	siaQ|siaQ_90918_bv	57.8	187	76	1	1	184	1	187	1.1e-48	195.3
SRR10507657|k141_41668_29	nanK|nanK_28066_bv	43.5	308	160	4	6	313	4	297	1.2e-60	235.7
SRR10507657|k141_27886_1	kpsD|kpsD_8699_bv	99.4	181	1	0	1	181	1	181	2.5e-98	360.1
SRR10507657|k141_41800_13	satD|WP_271417843.1	44.7	257	131	6	9	258	17	269	3.5e-52	207.6
SRR10507657|k141_1396_14	nagA|nagA_39046_bv	100.0	381	0	0	1	381	1	381	2.3e-226	786.6
SRR10507657|k141_27931_27	nanU|nanU_556657_bv	47.4	625	282	13	1	619	1	584	5.1e-151	537.0
SRR10507657|k141_27931_31	nanU|nanU_91253_bv	61.9	591	217	7	1	587	1	587	2.9e-212	740.3
SRR10507657|k141_27931_34	SIAE|SIAE_63972_bv	49.3	659	153	3	4	662	7	484	2.0e-177	624.8
SRR10507657|k141_27931_67	nanU|nanU_447203_bv	42.6	676	336	20	19	683	3	637	1.5e-132	475.7
SRR10507657|k141_27931_72	nagB|nagB_24385_bv	99.6	270	1	0	1	270	1	270	7.8e-157	555.1
SRR10507657|k141_1418_4	nanU|nanU_500531_bv	72.5	517	139	3	1	515	1	516	1.1e-223	778.1
SRR10507657|k141_15092_8	nanU|nanU_201826_bv	99.8	511	1	0	9	519	1	511	1.8e-303	1043.1
SRR10507657|k141_15092_16	nanU|nanU_553723_bv	99.4	519	3	0	1	519	1	519	4.6e-307	1055.0
SRR10507657|k141_15092_111	nanU|nanU_139829_bv	99.4	522	3	0	7	528	8	529	2.1e-307	1056.2
SRR10507657|k141_1545_27	nanK|nanK_24160_bv	41.0	310	171	4	6	315	5	302	2.3e-59	231.5
SRR10507657|k141_1545_34	nanU|nanU_413036_bv	67.0	564	185	1	1	563	2	565	1.1e-237	824.7
SRR10507657|k141_1557_6	siaP|siaP_686519_bv	67.6	312	101	0	43	354	20	331	3.2e-126	453.8
SRR10507657|k141_42114_19	nanQ|nanQ_662_uniprot	100.0	159	0	0	1	159	1	159	9.5e-94	344.7
SRR10507657|k141_28035_90	nanU|nanU_423000_bv	75.9	514	121	2	1	511	2	515	8.2e-232	805.1
SRR10507657|k141_28035_96	SIAE|SIAE_14695_bv	99.0	488	5	0	1	488	1	488	1.1e-294	1013.8
SRR10507657|k141_15453_3	siaM|siaM_30307_bv	100.0	433	0	0	1	433	1	433	5.2e-219	762.3
SRR10507657|k141_15453_4	siaQ|siaQ_2216_bv	100.0	165	0	0	1	165	1	165	1.4e-84	314.3
SRR10507657|k141_15453_5	siaP|siaP_291423_bv	84.7	248	38	0	96	343	1	248	1.8e-121	438.0
SRR10507657|k141_1746_53	satD|WP_255793737.1	49.8	255	125	1	21	272	13	267	2.4e-65	251.5
SRR10507657|k141_1746_54	satB|WP_263079827.1	43.7	311	170	1	1	311	1	306	4.6e-60	233.8
SRR10507657|k141_1746_66	satD|WP_290245837.1	45.9	259	139	1	10	267	9	267	8.5e-60	233.0
SRR10507657|k141_1746_67	satB|MBI5878579.1	43.3	312	174	1	1	309	1	312	4.3e-66	253.8
SRR10507657|k141_42251_100	satD|WP_255793737.1	45.3	256	133	2	7	256	13	267	6.1e-63	243.4
SRR10507657|k141_42251_103	satB|WP_263079827.1	63.6	308	112	0	1	308	1	308	3.2e-109	397.1
SRR10507657|k141_28155_10	nanU|nanU_408831_bv	78.8	556	118	0	3	558	1	556	2.6e-271	936.4
SRR10507657|k141_28155_22	nanU|nanU_255672_bv	54.7	644	275	10	1	633	1	638	9.4e-193	675.6
SRR10507657|k141_28155_50	SIAE|SIAE_67366_bv	43.7	650	194	10	2	649	3	482	3.3e-145	517.7
SRR10507657|k141_42340_3	satD|WP_290245837.1	44.5	256	142	0	4	259	12	267	5.3e-59	230.3
SRR10507657|k141_42340_7	satB|HEV7298131.1	40.6	315	185	2	1	315	1	313	5.9e-63	243.4
SRR10507657|k141_42340_44	satD|MFC2360929.1	47.3	258	128	3	3	254	18	273	1.9e-64	248.4
SRR10507657|k141_42340_47	satB|MCD6321403.1	52.4	307	146	0	1	307	1	307	4.1e-88	327.0
SRR10507657|k141_42340_72	satD|WP_204878079.1	44.0	259	138	3	4	256	14	271	4.7e-55	217.2
SRR10507657|k141_1819_4	siaQ|siaQ_1155_uniprot	98.8	173	2	0	1	173	1	173	3.4e-89	329.7
SRR10507657|k141_1819_5	siaM|siaM_26818_bv	100.0	434	0	0	1	434	1	434	1.0e-227	791.2
SRR10507657|k141_1830_2	satD|WP_346027405.1	45.1	226	123	1	24	248	34	259	2.1e-47	191.4
SRR10507657|k141_15566_126	siaT|siaT_44006_uniprot	100.0	460	0	0	1	460	1	460	6.7e-249	861.7
SRR10507657|k141_15566_172	nanK|nanK_325_bv	45.2	310	164	4	5	310	3	310	1.1e-58	229.2
SRR10507657|k141_15566_421	siaM|siaM_108651_bv	100.0	423	0	0	1	423	1	423	7.9e-188	658.7
SRR10507657|k141_15566_422	siaQ|siaQ_562127_bv	100.0	164	0	0	1	164	1	164	5.0e-82	305.8
SRR10507657|k141_42365_8	nanQ|nanQ_4391_uniprot	100.0	150	0	0	1	150	17	166	7.1e-83	308.5
SRR10507657|k141_42365_15	satD|WP_108832684.1	45.7	269	135	3	2	269	12	270	5.1e-60	233.8
SRR10507657|k141_42379_8	siaM|siaM_11737_bv	100.0	428	0	0	1	428	1	428	2.1e-220	766.9
SRR10507657|k141_42379_10	siaP|siaP_363964_bv	75.0	312	78	0	52	363	23	334	2.1e-136	487.6
SRR10507657|k141_15592_13	satD|WP_136453715.1	46.6	264	136	2	1	262	1	261	1.2e-63	245.7
SRR10507657|k141_15592_17	satB|HUX88249.1	42.1	318	177	3	4	319	2	314	3.0e-62	241.1
SRR10507657|k141_15592_39	satB|WP_263079827.1	50.5	309	151	1	1	309	1	307	9.9e-82	305.8
SRR10507657|k141_15592_41	satD|WP_294441299.1	43.7	261	139	3	3	256	14	273	4.0e-59	230.7
SRR10507657|k141_42447_8	satD|WP_227924124.1	41.6	257	142	3	5	255	12	266	5.6e-53	210.3
SRR10507657|k141_15649_1	satD|WP_067938903.1	48.3	234	118	2	9	242	38	268	5.9e-55	216.5
SRR10507657|k141_1844_4	siaM|siaM_9482_bv	100.0	438	0	0	1	438	1	438	3.5e-231	802.7
SRR10507657|k141_1844_5	siaQ|siaQ_569225_bv	96.8	158	5	0	1	158	1	158	7.5e-83	308.5
SRR10507657|k141_42502_55	nanU|nanU_302044_bv	46.7	568	276	15	2	554	10	565	2.3e-126	454.9
SRR10507657|k141_42502_65	nanU|nanU_612126_bv	100.0	490	0	0	47	536	5	494	7.2e-295	1014.6
SRR10507657|k141_42502_73	nanU|nanU_1846_bv	99.3	597	4	0	9	605	1	597	0.0e+00	1219.9
SRR10507657|k141_42502_91	nagA|nagA_2016_bv	100.0	391	0	0	1	391	1	391	1.4e-226	787.3
SRR10507657|k141_15682_64	siaM|siaM_5114_bv	100.0	428	0	0	1	428	1	428	1.4e-221	770.8
SRR10507657|k141_15682_65	siaQ|siaQ_76954_bv	100.0	202	0	0	1	202	1	202	6.4e-111	402.1
SRR10507657|k141_42527_8	nagB|nagB_15328_bv	100.0	247	0	0	1	247	1	247	5.7e-138	492.3
SRR10507657|k141_42527_9	nagA|nagA_34990_bv	99.7	367	1	0	1	367	1	367	9.8e-211	734.6
SRR10507657|k141_42527_10	nanE|nanE_5771_bv	100.0	234	0	0	1	234	1	234	1.4e-130	467.6
SRR10507657|k141_15795_1	nagB|nagB_4533_bv	99.0	195	2	0	1	195	52	246	4.1e-107	389.4
SRR10507657|k141_15803_29	satB|HCO70011.1	48.7	312	159	1	1	312	1	311	1.0e-75	285.8
SRR10507657|k141_28493_1	nanA|nanA_1970_bv	100.0	174	0	0	1	174	1	174	4.3e-92	339.3
SRR10507657|k141_28499_28	satD|MDN5900612.1	40.1	232	122	7	22	247	49	269	9.8e-32	139.4
SRR10507657|k141_28499_50	satB|HMA59673.1	42.9	315	177	2	3	317	2	313	7.5e-66	253.1
SRR10507657|k141_28499_54	satD|WP_311358684.1	49.2	264	126	4	3	263	12	270	1.7e-65	251.9
SRR10507657|k141_15931_14	nanQ|nanQ_295_bv	100.0	151	0	0	1	151	1	151	1.1e-83	311.2
SRR10507657|k141_28564_41	satB|MBO2532523.1	43.8	322	169	2	1	319	1	313	4.5e-71	270.4
SRR10507657|k141_28564_45	satD|WP_285297560.1	46.9	239	125	2	20	258	35	271	1.6e-55	218.8
SRR10507657|k141_42842_37	nanK|nanK_28066_bv	43.6	305	160	3	7	311	5	297	4.8e-57	223.8
SRR10507657|k141_28658_1	satB|MDR1520311.1	53.4	268	124	1	3	270	48	314	3.2e-73	277.3
SRR10507657|k141_28708_26	satD|WP_124933466.1	47.6	250	129	1	13	262	20	267	1.2e-58	229.2
SRR10507657|k141_42921_15	nagB|nagB_14171_bv	100.0	241	0	0	1	241	1	241	2.9e-134	479.9
SRR10507657|k141_2108_1	satD|WP_175953964.1	41.9	236	116	6	1	216	1	235	1.4e-36	155.2
SRR10507657|k141_28750_2	siaQ|siaQ_106902_bv	100.0	150	0	0	1	150	9	158	1.4e-78	294.3
SRR10507657|k141_28750_3	siaM|siaM_6132_bv	100.0	420	0	0	1	420	1	420	1.0e-227	791.2
SRR10507657|k141_28767_34	nanU|nanU_28295_bv	66.0	535	182	0	25	559	1	535	6.2e-217	755.7
SRR10507657|k141_16160_40	nagB|nagB_95549_bv	99.6	281	1	0	1	281	1	281	1.4e-161	570.9
SRR10507657|k141_16160_46	neuC|neuC_69781_bv	100.0	387	0	0	1	387	1	387	2.4e-223	776.5
SRR10507657|k141_16160_47	neuA|neuA_23136_bv	100.0	230	0	0	1	230	1	230	2.2e-131	470.3
SRR10507657|k141_16160_48	nanH|nanH_55004_bv	72.8	382	104	0	160	541	9	390	7.1e-165	582.8
SRR10507657|k141_42997_33	nanU|nanU_143700_bv	99.6	501	2	0	46	546	1	501	5.2e-301	1035.0
SRR10507657|k141_42997_79	neuD|neuD_9138_uniprot	100.0	194	0	0	1	194	1	194	1.7e-52	208.0
SRR10507657|k141_16193_57	siaQ|siaQ_811_uniprot	56.2	146	63	1	20	165	1	145	2.1e-35	151.0
SRR10507657|k141_16193_58	siaM|siaM_13001_bv	100.0	422	0	0	1	422	1	422	2.3e-219	763.5
SRR10507657|k141_16193_60	nanA|nanA_5463_bv	100.0	299	0	0	1	299	1	299	3.0e-173	609.8
SRR10507657|k141_43002_24	nanU|nanU_573757_bv	63.5	496	175	3	16	505	10	505	8.5e-189	662.1
SRR10507657|k141_28833_9	nanU|nanU_601173_bv	99.1	562	5	0	1	562	12	573	0.0e+00	1150.2
SRR10507657|k141_28833_31	nanK|nanK_7216_bv	41.7	309	168	4	12	317	4	303	4.0e-59	230.7
SRR10507657|k141_16271_9	siaQ|siaQ_497130_bv	84.9	166	25	0	1	166	1	166	1.4e-66	254.6
SRR10507657|k141_16271_10	siaM|siaM_62417_bv	100.0	425	0	0	1	425	1	425	1.8e-200	700.7
SRR10507657|k141_28858_5	siaQ|siaQ_967_uniprot	78.1	155	34	0	1	155	17	171	4.6e-64	246.1
SRR10507657|k141_28858_6	siaM|siaM_2556_bv	100.0	431	0	0	1	431	1	431	1.4e-227	790.8
SRR10507657|k141_43039_29	nanU|nanU_155975_bv	46.5	563	279	11	1	548	1	556	3.8e-126	454.1
SRR10507657|k141_43039_36	nanU|nanU_593005_bv	98.8	500	6	0	2	501	13	512	6.0e-296	1018.1
SRR10507657|k141_43039_92	nanU|nanU_444296_bv	42.7	541	282	12	1	527	3	529	1.2e-100	369.4
SRR10507657|k141_43039_93	nanU|nanU_500862_bv	41.0	522	284	13	16	523	18	529	1.4e-96	355.9
SRR10507657|k141_43043_2	siaQ|siaQ_1167_uniprot	92.5	159	12	0	1	159	1	159	2.9e-82	306.6
SRR10507657|k141_16342_7	neuA|neuA_26556_bv	100.0	231	0	0	1	231	1	231	3.1e-130	466.5
SRR10507657|k141_16342_8	neuB|neuB_775_bv	100.0	334	0	0	1	334	1	334	1.0e-190	667.9
SRR10507657|k141_16342_11	neuC|neuC_8282_bv	100.0	377	0	0	1	377	1	377	2.0e-219	763.5
SRR10507657|k141_16342_79	nanU|nanU_536296_bv	98.9	529	6	0	1	529	1	529	0.0e+00	1098.2
SRR10507657|k141_16342_87	nagB|nagB_74529_bv	99.6	263	1	0	1	263	1	263	1.3e-151	537.7
SRR10507657|k141_16342_104	nagA|nagA_158775_bv	100.0	387	0	0	1	387	18	404	1.9e-225	783.5
SRR10507657|k141_16342_108	nanM|nanM_3259_bv	42.4	363	193	6	44	406	6	352	2.6e-71	271.6
SRR10507657|k141_16342_111	SIAE|SIAE_445_bv	100.0	687	0	0	1	687	1	687	0.0e+00	1438.7
SRR10507657|k141_16342_115	nanU|nanU_574902_bv	99.8	500	1	0	1	500	2	501	5.8e-299	1028.1
SRR10507657|k141_16362_2	siaP|siaP_281361_bv	56.0	252	111	0	52	303	27	278	9.0e-77	289.3
SRR10507657|k141_2329_3	satD|WP_255793737.1	46.9	256	135	1	5	260	13	267	1.1e-62	242.7
SRR10507657|k141_2329_6	satB|MFN4189717.1	46.7	304	161	1	1	304	1	303	1.2e-76	288.9
SRR10507657|k141_28980_3	siaM|siaM_10743_bv	100.0	433	0	0	1	433	1	433	6.7e-227	788.5
SRR10507657|k141_28980_6	nanR|nanR_1645_uniprot	100.0	247	0	0	1	247	1	247	3.0e-139	496.5
SRR10507657|k141_28980_11	nagA|nagA_1833_bv	100.0	379	0	0	1	379	1	379	9.7e-222	771.2
SRR10507657|k141_29022_2	kpsT|kpsT_10702_bv	100.0	218	0	0	1	218	1	218	9.5e-121	434.9
SRR10507657|k141_16449_24	neuA|neuA_25108_bv	56.7	245	85	2	4	227	2	246	3.0e-72	273.9
SRR10507657|k141_43231_32	satD|WP_271417843.1	46.6	236	121	4	22	256	38	269	6.7e-51	203.4
SRR10507657|k141_16471_30	satB|WP_053206816.1	40.8	316	182	3	1	314	1	313	4.1e-56	220.7
SRR10507657|k141_16565_6	nanA|nanA_9631_bv	83.2	303	51	0	1	303	21	323	5.2e-149	529.3
SRR10507657|k141_16565_9	nanK|nanK_13707_bv	57.5	287	119	2	1	286	1	285	8.6e-88	325.9
SRR10507657|k141_16565_10	nanE|nanE_5691_bv	100.0	232	0	0	1	232	1	232	7.8e-129	461.8
SRR10507657|k141_43325_1	siaQ|siaQ_989_uniprot	77.8	171	38	0	9	179	1	171	2.4e-72	273.9
SRR10507657|k141_29081_17	siaM|siaM_142869_bv	88.1	436	52	0	1	436	1	436	1.2e-207	724.5
SRR10507657|k141_29081_66	satB|HCO70011.1	40.9	308	182	0	6	313	6	313	4.2e-61	237.3
SRR10507657|k141_29081_68	satD|MDO5722857.1	40.9	264	139	5	1	255	5	260	4.2e-46	187.2
SRR10507657|k141_29081_69	satD|WP_179700122.1	47.2	254	118	3	6	244	7	259	1.9e-56	221.5
SRR10507657|k141_2505_119	nanK|nanK_297_bv	46.1	306	160	3	5	309	3	304	1.5e-71	271.9
SRR10507657|k141_2505_120	nanE|nanE_7813_bv	100.0	234	0	0	3	236	1	234	2.1e-129	463.8
SRR10507657|k141_2505_121	nanQ|nanQ_2944_uniprot	99.3	152	1	0	1	152	1	152	6.3e-87	322.0
SRR10507657|k141_2505_122	nanA|nanA_29593_bv	98.4	309	5	0	1	309	4	312	1.2e-172	607.8
SRR10507657|k141_16620_15	kpsM|kpsM_209_bv	48.5	260	126	2	15	266	18	277	1.8e-65	251.5
SRR10507657|k141_16635_8	kpsT|kpsT_10521_bv	46.1	241	129	1	4	243	1	241	1.1e-61	238.8
SRR10507657|k141_16635_9	kpsM|kpsM_539_bv	45.2	465	254	1	16	479	7	471	6.7e-111	403.3
SRR10507657|k141_29184_2	nanK|nanK_24854_bv	59.2	294	119	1	1	293	1	294	3.4e-97	357.1
SRR10507657|k141_43518_2	siaM|siaM_327786_bv	92.6	149	11	0	1	149	1	149	3.2e-67	256.5
SRR10507657|k141_16638_14	siaT|siaT_47535_uniprot	48.5	425	208	3	4	420	3	424	6.8e-99	363.2
SRR10507657|k141_16638_99	siaM|siaM_14492_bv	100.0	423	0	0	1	423	1	423	3.0e-219	763.1
SRR10507657|k141_2597_26	siaM|siaM_110547_bv	100.0	449	0	0	1	449	1	449	1.1e-224	781.2
SRR10507657|k141_43605_2	siaQ|siaQ_96753_bv	41.0	156	88	3	1	156	1	152	3.1e-23	110.5
SRR10507657|k141_29272_6	satB|WP_263079827.1	47.6	309	161	1	1	309	1	308	2.6e-71	271.2
SRR10507657|k141_29272_9	satD|WP_290170467.1	44.9	256	134	2	5	254	20	274	9.3e-56	219.5
SRR10507657|k141_2646_13	kpsM|kpsM_966_bv	54.2	262	120	0	1	262	1	262	3.6e-74	280.4
SRR10507657|k141_2646_14	kpsT|kpsT_10521_bv	48.1	237	122	1	8	243	2	238	6.2e-63	243.0
SRR10507657|k141_16732_3	nanK|nanK_28066_bv	42.7	307	162	5	7	313	5	297	2.6e-55	218.0
SRR10507657|k141_43635_4	satD|WP_009277834.1	40.4	213	120	6	21	227	31	242	1.8e-30	135.2
SRR10507657|k141_43635_20	satD|WP_009277834.1	40.4	213	120	6	21	227	31	242	1.8e-30	135.2
SRR10507657|k141_43642_1	siaP|siaP_129413_bv	73.3	262	70	0	78	339	16	277	1.1e-115	418.7
SRR10507657|k141_43642_2	siaQ|siaQ_30509_bv	100.0	176	0	0	1	176	1	176	8.3e-91	335.1
SRR10507657|k141_43642_3	siaM|siaM_75029_bv	100.0	434	0	0	1	434	1	434	2.7e-223	776.5
SRR10507657|k141_43642_6	nagA|nagA_95214_bv	100.0	379	0	0	1	379	3	381	1.5e-225	783.9
SRR10507657|k141_2701_1	nanK|nanK_40_bv	54.6	315	141	2	6	319	2	315	1.2e-87	325.5
SRR10507657|k141_29429_3	nanK|nanK_27872_bv	64.2	254	91	0	60	313	3	256	6.1e-92	339.7
SRR10507657|k141_43784_2	siaM|siaM_341421_bv	98.9	275	3	0	1	275	35	309	2.6e-142	506.9
SRR10507657|k141_29501_9	siaM|siaM_7455_bv	100.0	437	0	0	1	437	1	437	1.0e-238	827.8
SRR10507657|k141_29501_10	siaQ|siaQ_412358_bv	73.9	184	48	0	1	184	1	184	1.4e-69	264.6
SRR10507657|k141_43879_4	siaP|siaP_99094_bv	99.2	253	2	0	97	349	1	253	1.7e-140	501.1
SRR10507657|k141_43879_5	siaQ|siaQ_90500_bv	100.0	167	0	0	1	167	1	167	1.0e-85	318.2
SRR10507657|k141_43879_6	siaM|siaM_259020_bv	93.9	462	1	1	1	435	1	462	1.8e-219	763.8
SRR10507657|k141_16742_22	SIAE|SIAE_14031_bv	49.4	660	147	4	8	654	9	494	7.9e-179	629.4
SRR10507657|k141_43929_1	nanK|nanK_40_bv	53.0	268	123	2	1	265	46	313	1.0e-71	272.3
SRR10507657|k141_16745_124	nanU|nanU_568635_bv	99.2	496	4	0	8	503	1	496	5.7e-294	1011.5
SRR10507657|k141_16745_128	nanU|nanU_199489_bv	99.6	519	2	0	1	519	2	520	3.4e-302	1038.9
SRR10507657|k141_29644_3	satD|WP_136640697.1	45.2	259	139	2	9	266	5	261	3.7e-63	244.2
SRR10507657|k141_44010_42	siaM|siaM_130066_bv	100.0	428	0	0	1	428	1	428	1.2e-228	794.3
SRR10507657|k141_44010_43	siaQ|siaQ_543916_bv	60.5	162	64	0	1	162	1	162	1.8e-47	191.0
SRR10507657|k141_44010_44	siaP|siaP_241648_bv	45.8	297	157	2	63	357	29	323	5.8e-70	266.9
SRR10507657|k141_44113_2	siaQ|siaQ_85127_bv	47.1	187	99	0	1	187	1	187	1.4e-38	161.8
SRR10507657|k141_44113_3	siaM|siaM_307199_bv	99.5	435	2	0	1	435	1	435	9.1e-224	778.1
SRR10507657|k141_2880_1	nagA|nagA_2424_bv	100.0	383	0	0	1	383	1	383	3.4e-222	772.7
SRR10507657|k141_2880_147	nanU|nanU_629976_bv	59.1	563	225	3	3	562	2	562	1.0e-198	695.3
SRR10507657|k141_2880_173	nanH|nanH_65800_bv	93.8	562	35	0	1	562	1	562	0.0e+00	1128.2
SRR10507657|k141_2880_191	nagA|nagA_164669_bv	100.0	388	0	0	1	388	4	391	1.3e-226	787.3
SRR10507657|k141_16871_6	siaM|siaM_33562_bv	100.0	424	0	0	1	424	1	424	1.9e-218	760.4
SRR10507657|k141_44205_10	nanK|nanK_28066_bv	45.9	305	153	3	7	311	5	297	3.9e-59	230.7
SRR10507657|k141_16878_118	nanQ|nanQ_32_uniprot	100.0	146	0	0	1	146	1	146	3.9e-78	292.7
SRR10507657|k141_16879_1	kpsT|kpsT_10521_bv	51.5	204	99	0	6	209	3	206	8.2e-53	209.1
SRR10507657|k141_16879_2	kpsM|kpsM_647_bv	92.2	258	20	0	1	258	1	258	4.7e-127	456.1
SRR10507657|k141_29799_1	siaQ|siaQ_46_uniprot	56.8	125	54	0	2	126	16	140	2.0e-33	144.1
SRR10507657|k141_16944_9	siaM|siaM_32050_bv	100.0	423	0	0	1	423	1	423	5.4e-221	768.8
SRR10507657|k141_16944_10	siaQ|siaQ_957_uniprot	97.5	160	4	0	1	160	1	160	1.7e-87	323.9
SRR10507657|k141_16944_11	siaP|siaP_237435_bv	98.8	255	3	0	85	339	1	255	2.2e-148	527.3
SRR10507657|k141_17022_2	nanK|nanK_9688_bv	51.7	143	68	1	1	143	1	142	7.8e-36	152.5
SRR10507657|k141_44305_4	siaQ|siaQ_354078_bv	99.4	170	1	0	1	170	1	170	2.5e-92	340.1
SRR10507657|k141_44305_5	siaM|siaM_6133_bv	100.0	432	0	0	1	432	1	432	2.0e-231	803.5
SRR10507657|k141_44306_19	nanQ|nanQ_3051_bv	100.0	151	0	0	1	151	1	151	2.5e-83	310.1
SRR10507657|k141_29828_10	siaQ|siaQ_11963_bv	100.0	166	0	0	1	166	1	166	1.5e-81	304.3
SRR10507657|k141_29828_11	siaM|siaM_19990_bv	100.0	433	0	0	1	433	1	433	2.0e-223	776.9
SRR10507657|k141_29837_1	nanE|nanE_1239_bv	100.0	231	0	0	1	231	1	231	6.8e-125	448.7
SRR10507657|k141_44338_6	nanA|nanA_20162_bv	70.3	303	90	0	1	303	1	303	1.3e-128	461.5
SRR10507657|k141_44338_7	siaP|siaP_225938_bv	53.5	297	136	2	58	353	34	329	9.6e-86	319.3
SRR10507657|k141_44338_8	siaQ|siaQ_17272_bv	100.0	175	0	0	1	175	1	175	9.8e-92	338.2
SRR10507657|k141_44338_9	siaM|siaM_23665_bv	100.0	424	0	0	1	424	1	424	8.9e-224	778.1
SRR10507657|k141_29865_5	siaM|siaM_2672_bv	100.0	427	0	0	1	427	1	427	8.7e-227	788.1
SRR10507657|k141_17055_245	nanU|nanU_481889_bv	100.0	548	0	0	1	548	2	549	0.0e+00	1110.1
SRR10507657|k141_17055_290	nanE|nanE_1553_bv	100.0	246	0	0	1	246	1	246	6.9e-144	511.9
SRR10507657|k141_17055_291	nanK|nanK_22396_bv	44.3	314	175	0	6	319	3	316	4.4e-74	280.4
SRR10507657|k141_29982_46	nanK|nanK_28066_bv	43.6	305	157	6	7	311	5	294	1.6e-52	208.8
SRR10507657|k141_29982_71	satD|WP_251840777.1	43.3	263	142	4	3	260	2	262	5.2e-56	220.3
SRR10507657|k141_44393_9	nanU|nanU_404061_bv	44.8	451	238	3	7	455	6	447	2.6e-107	391.3
SRR10507657|k141_44393_141	SIAE|SIAE_19013_uniprot	98.6	357	5	0	4	360	1	357	1.1e-207	724.9
SRR10507657|k141_17111_39	nanQ|nanQ_841_uniprot	100.0	148	0	0	1	148	1	148	9.2e-83	308.1
SRR10507657|k141_17116_10	satD|WP_271417843.1	42.8	283	136	4	3	285	13	269	4.0e-60	234.2
SRR10507657|k141_17116_13	satB|OPL08187.1	41.9	313	171	3	1	303	1	312	1.2e-57	225.7
SRR10507657|k141_17116_16	siaM|siaM_9481_bv	100.0	431	0	0	1	431	1	431	7.7e-231	801.6
SRR10507657|k141_17116_18	siaP|siaP_287809_bv	44.2	308	167	3	49	354	5	309	3.7e-61	237.7
SRR10507657|k141_30067_11	satD|WP_149083920.1	41.4	210	108	7	17	216	30	234	3.7e-27	124.0
SRR10507657|k141_30067_20	satD|KFC16516.1	49.0	243	119	3	16	258	34	271	9.9e-58	226.1
SRR10507657|k141_30067_23	satB|WP_263079827.1	55.7	307	135	1	1	307	1	306	5.5e-90	333.2
SRR10507657|k141_17162_107	nanU|nanU_587387_bv	98.2	506	9	0	1	506	1	506	1.5e-297	1023.5
SRR10507657|k141_17162_113	nanU|nanU_430414_bv	46.4	631	295	9	1	614	5	609	7.2e-158	559.7
SRR10507657|k141_17162_154	nanU|nanU_114568_bv	40.4	629	342	16	4	614	25	638	1.6e-125	452.2
SRR10507657|k141_3391_55	nanE|nanE_1216_bv	99.6	232	1	0	1	232	1	232	2.5e-127	456.8
SRR10507657|k141_3391_61	nanK|nanK_297_bv	51.8	309	138	2	8	316	3	300	2.7e-84	314.3
SRR10507657|k141_3391_62	nagB|nagB_32662_bv	100.0	239	0	0	1	239	1	239	1.8e-133	477.2
SRR10507657|k141_30106_118	nanH|nanH_57852_bv	99.3	552	4	0	1	552	1	552	0.0e+00	1124.4
SRR10507657|k141_30106_119	nanH|nanH_39817_bv	69.0	365	113	0	1	365	1	365	1.9e-161	570.9
SRR10507657|k141_30106_120	nanU|nanU_47572_bv	99.8	465	1	0	22	486	1	465	3.1e-273	942.6
SRR10507657|k141_30106_132	nanU|nanU_221486_bv	99.8	528	1	0	8	535	1	528	2.1e-310	1066.2
SRR10507657|k141_44639_2	kpsT|kpsT_13613_bv	50.0	200	100	0	43	242	42	241	2.5e-53	211.1
SRR10507657|k141_30168_1	siaM|siaM_21997_bv	100.0	394	0	0	18	411	1	394	4.7e-214	745.7
SRR10507657|k141_44670_4	nanQ|nanQ_230_uniprot	100.0	154	0	0	1	154	1	154	1.6e-85	317.4
SRR10507657|k141_44670_5	siaP|siaP_206753_bv	73.6	288	71	2	1	283	1	288	6.3e-116	419.5
SRR10507657|k141_44670_6	siaQ|siaQ_209780_bv	79.9	159	32	0	1	159	1	159	8.4e-66	251.9
SRR10507657|k141_44670_7	siaM|siaM_62204_bv	100.0	398	0	0	37	434	37	434	4.6e-207	722.6
SRR10507657|k141_30175_10	siaM|siaM_34205_bv	100.0	442	0	0	1	442	1	442	2.9e-233	809.7
SRR10507657|k141_3507_6	satB|MDY5021696.1	44.3	316	164	2	1	308	1	312	1.6e-60	235.3
SRR10507657|k141_17361_2	siaM|siaM_447893_bv	100.0	432	0	0	1	432	1	432	4.1e-216	752.7
SRR10507657|k141_17361_3	siaQ|siaQ_967_uniprot	54.0	161	73	1	9	168	12	172	2.0e-44	181.0
SRR10507657|k141_3627_2	nanQ|nanQ_2338_bv	100.0	158	0	0	1	158	1	158	6.3e-90	332.0
SRR10507657|k141_30369_5	satD|WP_136640697.1	43.9	228	127	1	25	251	32	259	5.1e-47	190.3
SRR10507657|k141_17452_2	siaQ|siaQ_16146_bv	100.0	150	0	0	1	150	21	170	6.4e-76	285.4
SRR10507657|k141_30399_7	nanU|nanU_6827_bv	100.0	523	0	0	1	523	1	523	0.0e+00	1077.0
SRR10507657|k141_30399_8	nanH|nanH_15173_bv	98.7	393	5	0	147	539	1	393	1.1e-231	804.7
SRR10507657|k141_30399_10	SIAE|SIAE_725_bv	100.0	691	0	0	1	691	1	691	0.0e+00	1442.6
SRR10507657|k141_30399_11	nanM|nanM_2289_bv	99.4	310	2	0	1	310	1	310	1.7e-184	647.5
SRR10507657|k141_30399_88	nanU|nanU_525511_bv	52.8	561	233	10	6	555	19	558	7.2e-165	582.8
SRR10507657|k141_3656_66	nanU|nanU_534055_bv	43.4	606	314	15	9	596	2	596	2.8e-122	441.4
SRR10507657|k141_3656_134	nanU|nanU_580765_bv	73.0	493	132	1	2	493	3	495	6.5e-210	732.3
SRR10507657|k141_45023_4	siaQ|siaQ_480775_bv	55.2	165	70	2	1	164	1	162	3.4e-37	157.1
SRR10507657|k141_45023_5	siaM|siaM_24306_bv	100.0	425	0	0	1	425	1	425	1.1e-221	771.2
SRR10507657|k141_17492_30	siaM|siaM_34513_bv	99.8	433	1	0	1	433	1	433	4.5e-231	802.4
SRR10507657|k141_30441_18	nanK|nanK_9083_bv	40.1	289	159	6	3	291	2	276	1.2e-46	189.1
SRR10507657|k141_30441_66	SIAE|SIAE_219_refseq	98.4	247	4	0	1	247	1	247	2.5e-141	503.4
SRR10507657|k141_45160_1	nagA|nagA_7160_bv	100.0	373	0	0	1	373	1	373	3.7e-213	742.7
SRR10507657|k141_45160_2	nagB|nagB_4205_bv	100.0	250	0	0	1	250	1	250	3.5e-143	509.6
SRR10507657|k141_45160_3	nanA|nanA_23184_bv	90.0	301	30	0	1	301	1	301	8.7e-157	555.1
SRR10507657|k141_45172_1	kpsD|kpsD_6620_bv	53.2	600	278	3	2	600	51	648	2.8e-183	644.0
SRR10507657|k141_17664_16	siaP|siaP_363964_bv	75.1	305	76	0	59	363	30	334	8.7e-135	482.3
SRR10507657|k141_17664_18	siaM|siaM_13003_bv	100.0	428	0	0	1	428	1	428	5.7e-218	758.8
SRR10507657|k141_45181_86	nanU|nanU_525574_bv	82.2	562	99	1	19	580	5	565	2.0e-287	989.9
SRR10507657|k141_45210_16	siaQ|siaQ_484843_bv	94.0	183	11	0	1	183	1	183	5.8e-87	322.4
SRR10507657|k141_45210_17	siaM|siaM_18443_bv	99.8	438	1	0	1	438	1	438	1.9e-229	797.0
SRR10507657|k141_17780_16	satD|WP_227924124.1	43.7	268	146	3	5	272	4	266	8.3e-58	226.5
SRR10507657|k141_17780_21	nanK|nanK_20513_bv	71.9	224	63	0	64	287	1	224	8.3e-91	335.9
SRR10507657|k141_17780_22	nanE|nanE_28416_bv	100.0	227	0	0	1	227	3	229	9.9e-129	461.5
SRR10507657|k141_17780_23	nanA|nanA_2279_bv	100.0	305	0	0	1	305	1	305	7.4e-180	631.7
SRR10507657|k141_17781_1	nanK|nanK_20513_bv	72.8	224	61	0	39	262	1	224	2.0e-91	337.8
SRR10507657|k141_17786_2	satD|WP_069102428.1	45.3	258	138	2	4	259	13	269	1.3e-60	235.7
SRR10507657|k141_45230_41	SIAE|SIAE_3530_bv	100.0	465	0	0	1	465	1	465	2.4e-283	976.1
SRR10507657|k141_30543_48	nanU|nanU_15790_bv	100.0	422	0	0	1	422	2	423	4.5e-244	845.5
SRR10507657|k141_30543_136	nanU|nanU_236781_bv	94.5	456	22	2	8	462	1	454	6.0e-258	891.7
SRR10507657|k141_3829_8	kpsM|kpsM_209_bv	58.1	270	106	3	7	271	10	277	5.8e-83	309.7
SRR10507657|k141_3862_1	siaP|siaP_99094_bv	85.0	246	37	0	95	340	1	246	2.9e-116	420.6
SRR10507657|k141_3862_2	siaQ|siaQ_49147_bv	100.0	167	0	0	1	167	1	167	6.5e-85	315.5
SRR10507657|k141_3862_3	siaM|siaM_82155_bv	100.0	435	0	0	1	435	1	435	1.2e-228	794.3
SRR10507657|k141_45412_1	satD|WP_332063965.1	40.3	206	116	6	2	201	41	245	3.7e-26	120.6
SRR10507657|k141_45444_39	neuD|neuD_1094_uniprot	100.0	208	0	0	1	208	1	208	8.6e-79	295.4
SRR10507657|k141_3946_8	siaP|siaP_133032_bv	46.5	303	161	1	41	342	26	328	1.1e-70	269.2
SRR10507657|k141_3946_9	siaQ|siaQ_26143_bv	100.0	162	0	0	1	162	1	162	1.0e-82	308.1
SRR10507657|k141_3946_10	siaM|siaM_6439_bv	99.8	422	1	0	1	422	1	422	1.2e-217	757.7
SRR10507657|k141_45452_4	nanK|nanK_22902_bv	43.7	316	178	0	1	316	1	316	1.7e-76	288.5
SRR10507657|k141_45452_5	nagB|nagB_13069_bv	71.0	241	70	0	1	241	1	241	1.4e-96	354.8
SRR10507657|k141_45468_11	siaM|siaM_28702_bv	100.0	425	0	0	1	425	1	425	7.1e-221	768.5
SRR10507657|k141_45468_12	siaQ|siaQ_363339_bv	81.8	176	32	0	1	176	1	176	7.6e-76	285.4
SRR10507657|k141_17962_5	nanU|nanU_383909_bv	59.3	597	224	8	1	584	1	591	4.4e-205	716.5
SRR10507657|k141_17962_35	nanU|nanU_235265_bv	45.1	459	235	5	3	447	4	459	1.1e-104	382.5
SRR10507657|k141_17966_1	satB|MDR1520311.1	60.0	270	108	0	2	271	8	277	3.4e-91	337.0
SRR10507657|k141_4106_1	nanK|nanK_12549_bv	79.1	187	39	0	42	228	1	187	3.1e-82	307.0
SRR10507657|k141_17998_8	satD|WP_278012708.1	41.0	212	109	6	20	220	28	234	1.1e-28	129.0
SRR10507657|k141_45542_28	siaM|siaM_26437_bv	100.0	425	0	0	1	425	1	425	1.2e-228	794.3
SRR10507657|k141_45542_41	siaM|siaM_12920_bv	100.0	430	0	0	1	430	1	430	1.6e-236	820.5
SRR10507657|k141_30785_157	SIAE|SIAE_67366_bv	43.1	641	199	4	6	645	7	482	4.2e-148	527.3
SRR10507657|k141_30785_160	nanU|nanU_114568_bv	43.6	622	317	14	4	606	32	638	2.0e-136	488.4
SRR10507657|k141_30876_17	siaP|siaP_108089_bv	46.1	245	131	1	95	338	1	245	2.0e-56	221.9
SRR10507657|k141_4253_2	nanH|nanH_20964_bv	88.5	399	46	0	145	543	1	399	1.3e-203	711.4
SRR10507657|k141_4253_4	SIAE|SIAE_25334_bv	99.7	678	2	0	1	678	1	678	0.0e+00	1416.0
SRR10507657|k141_4253_10	nanU|nanU_403585_bv	80.9	576	93	3	4	577	1	561	4.4e-282	972.2
SRR10507657|k141_18227_26	satD|WP_400504934.1	40.9	264	156	0	1	264	1	264	2.4e-59	231.5
SRR10507657|k141_45806_28	nanU|nanU_18478_bv	96.7	541	18	0	1	541	1	541	5.5e-311	1068.1
SRR10507657|k141_4318_1	kpsT|kpsT_13997_bv	50.8	238	117	0	3	240	5	242	2.4e-67	258.1
SRR10507657|k141_4318_2	kpsM|kpsM_209_bv	99.6	277	1	0	1	277	1	277	1.5e-155	550.8
SRR10507657|k141_31248_10	satB|WP_044748530.1	42.0	312	181	0	1	312	1	312	1.9e-69	265.0
SRR10507657|k141_31248_13	satD|WP_366180156.1	47.1	263	132	5	3	263	17	274	2.1e-55	218.4
SRR10507657|k141_31251_49	siaT|siaT_43946_uniprot	100.0	427	0	0	1	427	1	427	8.8e-187	655.2
SRR10507657|k141_45895_125	neuA|neuA_13202_uniprot	100.0	217	0	0	1	217	1	217	2.3e-122	440.3
SRR10507657|k141_4353_11	nanU|nanU_151621_bv	77.2	543	124	0	1	543	1	543	4.3e-255	882.5
SRR10507657|k141_4353_19	SIAE|SIAE_2802_bv	100.0	690	0	0	1	690	1	690	0.0e+00	1450.3
SRR10507657|k141_4353_27	nanU|nanU_61232_bv	93.7	520	33	0	1	520	1	520	4.5e-294	1011.9
SRR10507657|k141_4353_28	nanU|nanU_565615_bv	100.0	523	0	0	1	523	8	530	1.7e-309	1063.1
SRR10507657|k141_4353_30	nanQ|nanQ_14_uniprot	100.0	148	0	0	1	148	1	148	1.4e-83	310.8
SRR10507657|k141_4353_38	kpsD|kpsD_12100_bv	52.7	852	382	3	1	852	2	832	4.7e-256	886.3
SRR10507657|k141_4353_126	nanU|nanU_82902_bv	99.8	530	1	0	1	530	1	530	0.0e+00	1096.6
SRR10507657|k141_18534_3	kpsM|kpsM_209_bv	49.6	270	132	2	5	270	8	277	3.6e-69	263.8
SRR10507657|k141_18606_23	nanR|nanR_1299_uniprot	43.1	225	128	0	1	225	1	225	2.9e-48	194.1
SRR10507657|k141_18638_1	nanR|nanR_3642_bv	40.3	231	121	6	1	224	3	223	5.1e-33	143.7
SRR10507657|k141_31379_102	satB|MCL2228095.1	51.8	307	148	0	1	307	1	307	1.9e-80	301.6
SRR10507657|k141_31379_105	satD|WP_255793737.1	43.5	255	138	1	4	252	13	267	1.2e-58	229.2
SRR10507657|k141_31379_124	satB|MEA4849048.1	66.6	305	102	0	7	311	1	305	2.4e-109	397.5
SRR10507657|k141_31379_126	satD|CRH62841.1	40.0	275	153	4	1	269	2	270	2.5e-51	204.9
SRR10507657|k141_31379_127	satD|WP_387006646.1	42.9	261	142	2	2	256	5	264	6.4e-57	223.4
SRR10507657|k141_31379_224	kpsM|kpsM_209_bv	50.9	275	123	4	5	272	8	277	6.2e-69	263.1
SRR10507657|k141_46197_1	nanA|nanA_45697_refseq	60.7	56	22	0	4	59	2	57	1.1e-09	64.3
SRR10507657|k141_4385_11	satD|WP_283490273.1	47.3	262	124	5	5	257	27	283	4.2e-53	210.7
SRR10507657|k141_4385_47	nanQ|nanQ_2338_uniprot	98.7	156	2	0	1	156	1	156	1.8e-81	303.9
SRR10507657|k141_46332_1	siaM|siaM_213403_bv	99.5	213	1	0	1	213	78	290	4.8e-101	369.4
SRR10507657|k141_4449_17	SIAE|SIAE_2519_refseq	100.0	267	0	0	1	267	2	268	4.9e-159	562.4
SRR10507657|k141_4449_32	nanU|nanU_79405_bv	99.8	519	1	0	10	528	1	519	4.3e-308	1058.5
SRR10507657|k141_4467_5	satD|WP_271417843.1	46.3	257	116	4	24	280	35	269	4.3e-59	230.7
SRR10507657|k141_4491_21	satB|MCD6321403.1	60.4	308	121	1	1	308	1	307	7.0e-101	369.4
SRR10507657|k141_4491_24	satD|WP_263128115.1	45.4	260	135	2	2	255	6	264	1.1e-61	239.2
SRR10507657|k141_31543_14	satB|WP_263079827.1	61.3	313	116	1	1	313	1	308	4.8e-105	383.3
SRR10507657|k141_31543_17	satD|WP_255793737.1	45.7	258	131	2	8	259	13	267	3.3e-61	237.7
SRR10507657|k141_46408_7	satD|WP_136640697.1	45.4	260	141	1	2	261	3	261	5.2e-62	240.4
SRR10507657|k141_46408_71	satD|KFC16516.1	48.3	234	119	2	19	252	40	271	3.9e-59	230.7
SRR10507657|k141_46408_74	satB|WP_263079827.1	55.0	307	138	0	1	307	1	307	4.7e-89	330.1
SRR10507657|k141_46419_2	nagA|nagA_69839_bv	49.7	370	183	2	1	368	1	369	1.6e-104	381.7
SRR10507657|k141_31587_49	nagB|nagB_153266_bv	100.0	270	0	0	1	270	4	273	5.1e-156	552.4
SRR10507657|k141_31587_51	nanU|nanU_236219_bv	99.8	506	1	0	1	506	26	531	5.3e-300	1031.6
SRR10507657|k141_18979_53	neuB|neuB_55046_bv	98.8	336	4	0	1	336	1	336	1.0e-190	667.9
SRR10507657|k141_4537_45	kpsM|kpsM_209_bv	48.1	270	135	1	5	269	8	277	2.0e-72	274.6
SRR10507657|k141_31593_86	nanU|nanU_389358_bv	40.7	540	284	8	1	538	1	506	4.3e-106	387.5
SRR10507657|k141_46566_1	nanA|nanA_9864_bv	98.6	72	1	0	1	72	1	72	1.0e-34	147.5
SRR10507657|k141_31670_29	nanU|nanU_280392_bv	65.9	531	175	3	1	530	1	526	4.5e-217	756.1
SRR10507657|k141_31670_87	neuB|neuB_15804_uniprot	100.0	340	0	0	1	340	14	353	8.5e-201	701.4
SRR10507657|k141_31670_119	nanK|nanK_7216_bv	40.0	320	177	6	8	325	4	310	9.5e-56	219.5
SRR10507657|k141_4616_6	neuB|neuB_49136_bv	100.0	355	0	0	1	355	1	355	4.7e-202	705.7
SRR10507657|k141_4646_2	siaQ|siaQ_24694_bv	100.0	167	0	0	1	167	1	167	2.5e-84	313.5
SRR10507657|k141_4646_3	siaP|siaP_99094_bv	85.8	247	35	0	90	336	1	247	2.2e-116	421.0
SRR10507657|k141_4716_4	siaM|siaM_30617_bv	99.7	311	1	0	1	311	1	311	7.6e-164	578.6
SRR10507657|k141_46595_17	nanH|nanH_9455_bv	44.4	412	224	4	13	423	14	421	1.0e-110	402.5
SRR10507657|k141_46595_95	nanU|nanU_415551_bv	60.4	437	172	1	7	443	1	436	9.8e-149	528.9
SRR10507657|k141_31757_243	siaQ|siaQ_138879_bv	100.0	175	0	0	23	197	1	175	3.2e-91	336.7
SRR10507657|k141_31757_244	siaM|siaM_19640_bv	100.0	435	0	0	1	435	1	435	2.2e-230	800.0
SRR10507657|k141_31757_245	siaP|siaP_602282_bv	60.7	308	120	1	43	350	25	331	1.2e-104	382.1
SRR10507657|k141_4810_1	nagB|nagB_147354_bv	100.0	174	0	0	1	174	12	185	9.0e-98	358.2
SRR10507657|k141_46606_66	nanK|nanK_28066_bv	43.7	309	159	5	6	314	4	297	8.8e-59	229.6
SRR10507657|k141_4881_4	siaT|siaT_45809_uniprot	100.0	428	0	0	1	428	1	428	2.6e-231	803.1
SRR10507657|k141_4881_5	siaQ|siaQ_441835_bv	52.1	163	71	1	3	165	6	161	7.4e-33	142.5
SRR10507657|k141_31790_63	nanT|nanT_1111_uniprot	98.1	429	8	0	1	429	1	429	4.8e-233	808.9
SRR10507657|k141_31790_91	siaQ|siaQ_81209_bv	63.3	150	55	0	1	150	1	150	1.1e-47	191.8
SRR10507657|k141_31790_92	siaM|siaM_4626_bv	100.0	421	0	0	1	421	1	421	1.1e-226	787.7
SRR10507657|k141_31790_162	siaQ|siaQ_226247_bv	43.1	153	83	2	1	151	1	151	4.2e-26	120.2
SRR10507657|k141_31790_163	siaM|siaM_90501_bv	100.0	436	0	0	1	436	1	436	2.3e-235	816.6
SRR10507657|k141_31790_164	siaP|siaP_745430_bv	42.1	340	184	2	4	342	3	330	3.3e-75	284.3
SRR10507657|k141_5114_2	nanQ|nanQ_2779_uniprot	73.3	165	44	0	1	165	1	165	4.8e-72	272.7
SRR10507657|k141_31867_10	nanQ|nanQ_1986_bv	100.0	125	0	0	1	125	1	125	9.8e-70	264.6
SRR10507657|k141_5163_19	satB|MCL2228095.1	44.4	311	165	2	1	311	1	303	3.4e-66	254.2
SRR10507657|k141_5163_23	satD|WP_245637405.1	47.8	245	123	3	22	263	30	272	2.4e-59	231.5
SRR10507657|k141_19225_44	satD|WP_115412169.1	40.8	211	116	4	20	223	43	251	7.9e-30	132.9
SRR10507657|k141_31924_5	siaP|siaP_685834_bv	73.6	303	80	0	68	370	24	326	4.7e-128	459.9
SRR10507657|k141_31924_6	siaQ|siaQ_151783_bv	93.5	169	11	0	1	169	1	169	3.3e-84	313.2
SRR10507657|k141_31924_7	siaM|siaM_98681_bv	100.0	429	0	0	1	429	1	429	6.7e-227	788.5
SRR10507657|k141_31939_2	siaQ|siaQ_50404_bv	98.7	158	2	0	1	158	1	158	5.3e-79	295.8
SRR10507657|k141_19240_2	satD|WP_053586177.1	47.0	232	122	1	2	233	43	273	3.3e-55	217.6
SRR10507657|k141_19242_2	satB|MCC6703501.1	44.6	312	173	0	1	312	1	312	8.5e-70	266.2
SRR10507657|k141_46830_1	siaQ|siaQ_4783_bv	100.0	162	0	0	29	190	1	162	4.8e-84	312.8
SRR10507657|k141_19331_3	satD|HJC70536.1	40.2	209	115	7	20	221	7	212	4.2e-26	120.6
SRR10507657|k141_31964_44	siaP|siaP_2958_bv	100.0	346	0	0	1	346	1	346	2.2e-188	660.2
SRR10507657|k141_31964_45	siaQ|siaQ_411681_bv	52.9	155	73	0	1	155	11	165	1.1e-41	171.8
SRR10507657|k141_31964_46	siaM|siaM_9479_bv	96.1	435	17	0	1	435	1	435	5.2e-187	656.0
SRR10507657|k141_32006_2	siaQ|siaQ_989_uniprot	77.8	171	38	0	1	171	1	171	1.7e-72	274.2
SRR10507657|k141_19429_30	neuD|neuD_1220_uniprot	100.0	210	0	0	1	210	1	210	1.8e-60	234.6
SRR10507657|k141_46973_133	nanA|nanA_21820_bv	79.1	302	63	0	1	302	1	302	3.5e-137	490.0
SRR10507657|k141_32036_62	nagB|nagB_3408_bv	100.0	242	0	0	1	242	1	242	4.4e-135	482.6
SRR10507657|k141_46986_6	nanK|nanK_25625_bv	40.6	283	160	5	5	284	3	280	2.2e-48	194.9
SRR10507657|k141_46991_4	siaM|siaM_47036_bv	100.0	433	0	0	1	433	1	433	1.3e-225	784.3
SRR10507657|k141_46991_5	siaQ|siaQ_11850_bv	97.0	166	5	0	1	166	1	166	6.7e-82	305.4
SRR10507657|k141_32073_2	nanU|nanU_181331_bv	41.8	546	283	14	8	540	1	524	1.5e-98	362.5
SRR10507657|k141_47143_2	siaM|siaM_44673_bv	100.0	433	0	0	1	433	1	433	1.0e-222	774.6
SRR10507657|k141_47143_3	siaQ|siaQ_7803_bv	100.0	167	0	0	1	167	1	167	3.6e-83	309.7
SRR10507657|k141_32132_37	satD|WP_259978670.1	43.6	250	140	1	7	256	11	259	4.1e-56	220.7
SRR10507657|k141_32132_40	satB|MGI6127559.1	40.4	314	176	4	1	304	2	314	5.3e-53	210.3
SRR10507657|k141_32144_1	siaM|siaM_223111_bv	99.4	179	1	0	21	199	1	179	2.5e-91	337.0
SRR10507657|k141_32144_2	siaP|siaP_474576_bv	99.7	334	1	0	1	334	1	334	1.6e-191	670.6
SRR10507657|k141_32154_8	satD|WP_227924124.1	42.9	266	146	2	1	260	1	266	1.6e-60	235.3
SRR10507657|k141_47154_21	nagB|nagB_10676_bv	100.0	243	0	0	1	243	1	243	2.5e-138	493.4
SRR10507657|k141_19569_27	nanU|nanU_2491_bv	100.0	625	0	0	1	625	1	625	0.0e+00	1277.7
SRR10507657|k141_47247_2	SIAE|SIAE_27610_refseq	100.0	277	0	0	1	277	1	277	1.5e-163	577.4
SRR10507657|k141_32290_2	satD|MDO4928784.1	45.6	228	123	1	19	246	30	256	2.4e-51	204.5
SRR10507657|k141_47275_18	nanK|nanK_17982_bv	99.6	234	1	0	1	234	1	234	5.1e-133	476.1
SRR10507657|k141_47275_19	nanQ|nanQ_3299_uniprot	100.0	151	0	0	1	151	1	151	1.3e-87	324.3
SRR10507657|k141_47275_21	nanA|nanA_30477_bv	99.3	305	2	0	1	305	1	305	8.8e-173	608.2
SRR10507657|k141_47275_22	nanE|nanE_554_bv	100.0	228	0	0	1	228	1	228	8.7e-125	448.4
SRR10507657|k141_32341_24	satD|WP_400504934.1	40.9	264	156	0	1	264	1	264	2.4e-59	231.5
SRR10507657|k141_5618_61	satD|WP_311409408.1	40.4	213	120	6	21	227	33	244	8.7e-30	132.9
SRR10507657|k141_19855_3	nanU|nanU_522014_bv	49.0	402	188	9	1	392	1	395	5.0e-96	353.6
SRR10507657|k141_32442_10	nagB|nagB_56806_bv	100.0	252	0	0	1	252	49	300	6.4e-145	515.4
SRR10507657|k141_32442_15	nagB|nagB_11300_bv	100.0	251	0	0	1	251	1	251	9.2e-144	511.5
SRR10507657|k141_32456_62	siaP|siaP_644031_bv	67.9	237	76	0	99	335	1	237	1.3e-92	342.0
SRR10507657|k141_32456_64	siaM|siaM_16025_bv	100.0	383	0	0	1	383	49	431	1.3e-202	707.6
SRR10507657|k141_5681_3	satD|WP_136640697.1	40.1	252	149	1	7	258	8	257	6.5e-47	189.9
SRR10507657|k141_5681_6	satB|HMA59673.1	40.4	314	175	3	6	311	3	312	1.0e-51	206.1
SRR10507657|k141_32557_2	siaP|siaP_590789_bv	61.6	310	117	1	33	342	22	329	1.1e-102	375.6
SRR10507657|k141_32557_3	siaM|siaM_38987_bv	100.0	425	0	0	1	425	1	425	6.8e-224	778.5
SRR10507657|k141_32558_2	nanK|nanK_28066_bv	47.5	305	149	3	5	309	4	297	1.2e-65	252.3
SRR10507657|k141_5698_2	satB|WP_263079827.1	48.5	307	158	0	1	307	1	307	1.2e-81	305.4
SRR10507657|k141_32575_6	satD|WP_136640697.1	49.6	262	129	1	18	276	2	263	1.9e-64	248.4
SRR10507657|k141_5709_9	siaQ|siaQ_811_uniprot	45.3	139	76	0	20	158	1	139	1.3e-27	125.2
SRR10507657|k141_5709_10	siaM|siaM_2405_bv	100.0	422	0	0	1	422	1	422	1.0e-219	764.6
SRR10507657|k141_32584_6	satD|WP_136640697.1	48.9	262	131	1	18	276	2	263	9.6e-64	246.1
SRR10507657|k141_20072_28	nanU|nanU_651835_bv	55.7	497	213	4	1	494	40	532	8.2e-152	539.3
SRR10507657|k141_20072_36	satD|MBM6620729.1	40.7	209	111	7	21	220	38	242	5.2e-24	113.6
SRR10507657|k141_32595_17	nanQ|nanQ_3284_uniprot	100.0	149	0	0	1	149	1	149	6.4e-84	312.0
SRR10507657|k141_47577_9	nanQ|nanQ_1274_uniprot	100.0	149	0	0	1	149	1	149	6.4e-84	312.0
SRR10507657|k141_47577_124	nanU|nanU_104634_bv	47.7	547	238	11	23	550	22	539	4.1e-136	487.3
SRR10507657|k141_5954_3	nanK|nanK_28066_bv	42.3	312	165	4	3	314	1	297	7.9e-60	233.0
SRR10507657|k141_20194_61	satB|EOS39101.1	41.7	300	172	1	1	297	12	311	2.6e-60	234.6
SRR10507657|k141_20194_64	satD|MBF1225435.1	46.6	262	135	2	8	269	13	269	4.9e-60	233.8
SRR10507657|k141_47743_5	satD|WP_102240344.1	45.5	268	142	3	2	269	8	271	3.1e-59	231.1
SRR10507657|k141_47743_8	satB|MBI5878579.1	46.5	312	167	0	1	312	1	312	5.5e-69	263.5
SRR10507657|k141_32892_11	siaM|siaM_21350_bv	100.0	435	0	0	1	435	1	435	8.0e-228	791.6
SRR10507657|k141_32892_12	siaQ|siaQ_142797_bv	67.8	152	49	0	2	153	7	158	4.5e-50	199.9
SRR10507657|k141_32944_34	satD|WP_255793737.1	44.9	256	134	2	4	253	13	267	1.6e-58	228.8
SRR10507657|k141_32944_37	satB|MCL2228095.1	57.8	308	129	1	1	308	1	307	2.6e-91	337.8
SRR10507657|k141_32980_20	siaM|siaM_56580_bv	100.0	428	0	0	1	428	1	428	1.4e-232	807.4
SRR10507657|k141_32980_21	siaQ|siaQ_812_uniprot	40.5	173	102	1	1	172	1	173	2.1e-30	134.4
SRR10507657|k141_32999_17	nagA|nagA_10867_uniprot	100.0	379	0	0	1	379	7	385	2.9e-226	786.2
SRR10507657|k141_33143_26	nanQ|nanQ_124_uniprot	97.4	152	4	0	1	152	1	152	2.0e-85	317.0
SRR10507657|k141_20216_299	siaQ|siaQ_587500_bv	100.0	163	0	0	1	163	1	163	1.8e-84	313.9
SRR10507657|k141_20216_300	siaM|siaM_122132_bv	100.0	433	0	0	1	433	1	433	1.8e-219	763.8
SRR10507657|k141_33207_1	siaM|siaM_460666_bv	97.1	276	8	0	1	276	42	317	1.4e-137	491.1
SRR10507657|k141_33209_1	nagB|nagB_1710_bv	100.0	224	0	0	1	224	23	246	5.7e-129	462.2
SRR10507657|k141_33221_1	nagB|nagB_19879_bv	100.0	224	0	0	1	224	23	246	9.8e-129	461.5
SRR10507657|k141_48100_1	satD|WP_345043431.1	44.5	229	124	2	22	248	43	270	7.3e-49	196.4
SRR10507657|k141_6248_69	satD|WP_349867347.1	47.9	234	121	1	23	256	28	260	1.5e-58	228.8
SRR10507657|k141_6248_72	satB|MCL2228095.1	59.9	307	123	0	1	307	1	307	7.9e-95	349.4
SRR10507657|k141_6248_408	satD|WP_116413521.1	46.8	263	139	1	10	272	3	264	2.8e-63	244.6
SRR10507657|k141_48210_6	satD|WP_207616619.1	44.3	264	144	2	1	263	5	266	2.2e-60	235.0
SRR10507657|k141_48210_9	satB|OPL08662.1	40.9	318	174	1	1	318	1	304	6.2e-60	233.4
SRR10507657|k141_48210_100	satD|WP_445507519.1	40.2	209	119	5	21	224	31	238	5.1e-30	133.7
SRR10507657|k141_6299_8	kpsM|kpsM_163_bv	91.1	258	23	0	1	258	1	258	9.9e-125	448.4
SRR10507657|k141_48246_5	satD|WP_255793737.1	44.6	260	139	2	10	269	13	267	9.7e-59	229.6
SRR10507657|k141_48293_39	kpsM|kpsM_209_bv	50.9	269	126	2	7	270	10	277	1.5e-70	268.5
SRR10507657|k141_48345_1	siaM|siaM_4794_bv	100.0	185	0	0	4	188	1	185	4.1e-96	352.8
SRR10507657|k141_33435_36	cpsK|cpsK_23_bv	54.3	361	159	2	1	361	1	355	1.3e-114	415.2
SRR10507657|k141_33435_39	neuA|neuA_49575_bv	83.5	230	14	1	20	249	1	206	7.8e-103	375.6
SRR10507657|k141_33435_60	kpsM|kpsM_209_bv	54.5	268	119	2	66	330	10	277	2.2e-76	288.1
SRR10507657|k141_20452_17	nanU|nanU_410087_bv	99.4	466	3	0	39	504	1	466	3.5e-275	949.1
SRR10507657|k141_20452_33	nagA|nagA_2982_bv	100.0	388	0	0	1	388	1	388	1.8e-223	776.9
SRR10507657|k141_20452_34	nagA|nagA_845_bv	100.0	401	0	0	1	401	1	401	2.1e-230	800.0
SRR10507657|k141_20452_37	nanU|nanU_480950_bv	99.8	530	1	0	6	535	8	537	0.0e+00	1076.2
SRR10507657|k141_33560_2	nagB|nagB_52741_bv	69.8	179	54	0	3	181	64	242	1.2e-71	271.6
SRR10507657|k141_6641_13	siaM|siaM_5909_bv	100.0	433	0	0	1	433	1	433	5.3e-224	778.9
SRR10507657|k141_6641_14	siaQ|siaQ_3735_bv	100.0	166	0	0	1	166	1	166	1.5e-81	304.3
SRR10507657|k141_20606_64	satD|WP_221652614.1	45.2	252	134	2	4	252	17	267	3.4e-56	220.7
SRR10507657|k141_20606_67	satB|MCB1069314.1	43.1	313	167	3	6	311	4	312	7.2e-61	236.5
SRR10507657|k141_33733_3	satD|WP_255793737.1	43.1	255	140	1	5	254	13	267	2.0e-58	228.4
SRR10507657|k141_6706_33	satD|WP_237188952.1	48.4	256	129	2	7	260	35	289	1.2e-60	235.7
SRR10507657|k141_6706_81	siaT|siaT_66219_uniprot	100.0	460	0	0	1	460	1	460	5.3e-246	852.0
SRR10507657|k141_33819_1	siaQ|siaQ_452689_bv	100.0	106	0	0	1	106	40	145	4.1e-53	209.1
SRR10507657|k141_48599_28	siaP|siaP_503766_bv	79.0	262	50	2	2	258	1	262	2.3e-110	401.0
SRR10507657|k141_48599_30	siaQ|siaQ_989_uniprot	98.8	173	2	0	1	173	1	173	4.8e-91	335.9
SRR10507657|k141_48599_31	siaM|siaM_60137_bv	100.0	446	0	0	1	446	1	446	1.1e-235	817.8
SRR10507657|k141_48604_5	siaM|siaM_25544_bv	83.5	425	70	0	1	425	1	425	3.1e-184	646.7
SRR10507657|k141_6759_91	nanU|nanU_449473_bv	98.6	501	7	0	1	501	4	504	2.9e-298	1025.8
SRR10507657|k141_33952_1	siaQ|siaQ_421856_bv	41.9	117	68	0	1	117	1	117	4.8e-18	92.8
SRR10507657|k141_6773_16	siaM|siaM_11738_bv	100.0	435	0	0	1	435	1	435	2.1e-228	793.5
SRR10507657|k141_6773_17	siaQ|siaQ_462458_bv	69.9	153	46	0	1	153	1	153	1.1e-51	205.3
SRR10507657|k141_6783_16	nanA|nanA_1706_bv	100.0	307	0	0	1	307	1	307	1.5e-175	617.5
SRR10507657|k141_6783_17	nanQ|nanQ_51_bv	100.0	154	0	0	1	154	1	154	2.4e-86	320.1
SRR10507657|k141_6783_18	nanE|nanE_1785_bv	100.0	234	0	0	1	234	1	234	1.1e-133	478.0
SRR10507657|k141_6787_17	nanA|nanA_5494_bv	99.7	307	1	0	1	307	1	307	7.2e-175	615.1
SRR10507657|k141_6787_18	nanQ|nanQ_442_bv	100.0	154	0	0	1	154	1	154	4.9e-87	322.4
SRR10507657|k141_6787_19	nanE|nanE_1616_bv	100.0	234	0	0	1	234	1	234	8.1e-134	478.4
SRR10507657|k141_20910_7	nanK|nanK_325_bv	80.3	314	62	0	1	314	1	314	4.1e-141	503.1
SRR10507657|k141_34016_47	SIAE|SIAE_1185_bv	100.0	480	0	0	1	480	1	480	3.3e-291	1002.3
SRR10507657|k141_6804_2	nanR|nanR_1299_uniprot	45.3	223	122	0	1	223	1	223	1.2e-46	188.7
SRR10507657|k141_48781_16	satD|WP_101723106.1	47.5	236	123	1	20	255	45	279	1.1e-56	222.6
SRR10507657|k141_48781_19	satB|MCD8125726.1	48.9	313	160	0	1	313	1	313	7.6e-74	279.6
SRR10507657|k141_34049_15	nanU|nanU_303156_bv	64.5	422	147	3	16	434	1	422	2.0e-154	547.7
SRR10507657|k141_21111_2	kpsM|kpsM_209_bv	48.5	239	119	3	7	241	10	248	2.2e-57	224.6
SRR10507657|k141_48864_5	nanR|nanR_1299_uniprot	46.2	225	120	1	1	225	1	224	6.3e-51	203.0
SRR10507657|k141_48868_5	nanR|nanR_1299_uniprot	46.7	225	119	1	1	225	1	224	9.7e-52	205.7
SRR10507657|k141_21150_13	siaM|siaM_133397_bv	100.0	435	0	0	1	435	1	435	2.0e-223	776.9
SRR10507657|k141_21150_14	siaQ|siaQ_21193_bv	100.0	167	0	0	1	167	1	167	5.9e-86	318.9
SRR10507657|k141_21150_15	siaP|siaP_26827_bv	88.6	245	28	0	91	335	1	245	7.8e-122	439.1
SRR10507657|k141_48902_5	siaP|siaP_108089_bv	46.1	245	131	1	95	338	1	245	9.0e-57	223.0
SRR10507657|k141_48927_4	kpsM|kpsM_209_bv	48.1	270	137	2	5	271	8	277	3.4e-67	257.3
SRR10507657|k141_48992_1	satD|WP_280195191.1	42.3	196	101	5	1	188	66	257	4.8e-31	136.7
SRR10507657|k141_34169_41	nanU|nanU_288776_bv	40.2	577	309	12	4	573	5	552	3.5e-114	414.5
SRR10507657|k141_6852_38	nanK|nanK_17845_bv	40.0	275	158	6	33	304	3	273	3.4e-47	191.0
SRR10507657|k141_21202_53	SIAE|SIAE_45363_bv	61.3	571	183	3	1	571	1	533	4.6e-207	723.0
SRR10507657|k141_6956_14	satD|PID97652.1	42.3	260	142	3	1	259	4	256	1.7e-47	191.8
SRR10507657|k141_49103_2	nanK|nanK_28066_bv	43.6	312	161	4	3	314	1	297	1.1e-61	239.2
SRR10507657|k141_34289_26	nanU|nanU_554947_bv	40.0	625	325	12	5	617	6	592	1.1e-116	422.9
SRR10507657|k141_7085_1	siaQ|siaQ_6127_bv	100.0	154	0	0	1	154	57	210	2.3e-81	303.5
SRR10507657|k141_49263_4	siaQ|siaQ_35231_bv	100.0	162	0	0	1	162	1	162	8.2e-85	315.1
SRR10507657|k141_49263_5	siaM|siaM_2881_bv	100.0	430	0	0	1	430	1	430	1.7e-222	773.9
SRR10507657|k141_34455_7	satD|WP_103464044.1	40.0	235	123	7	14	236	37	265	2.6e-34	147.9
SRR10507657|k141_7133_78	nanU|nanU_406917_bv	42.3	567	297	15	4	562	9	553	1.4e-120	435.6
SRR10507657|k141_34621_53	siaP|siaP_364155_bv	66.7	306	102	0	54	359	24	329	8.1e-117	422.5
SRR10507657|k141_34621_55	siaM|siaM_13338_bv	100.0	427	0	0	1	427	1	427	7.6e-223	775.0
SRR10507657|k141_7338_1	satD|WP_124824862.1	41.2	199	113	2	1	195	66	264	8.4e-39	162.5
SRR10507657|k141_21752_1	siaM|siaM_544885_bv	100.0	147	0	0	1	147	14	160	1.1e-56	221.5
SRR10507657|k141_34715_4	siaM|siaM_21885_bv	77.1	424	97	0	1	424	1	424	9.4e-173	608.6
SRR10507657|k141_49462_43	nanU|nanU_123241_bv	83.6	501	82	0	11	511	1	501	3.8e-253	875.9
SRR10507657|k141_49462_59	nanU|nanU_587575_bv	99.6	463	2	0	1	463	2	464	1.8e-270	933.3
SRR10507657|k141_49462_109	nanU|nanU_339340_bv	40.5	578	298	16	18	577	18	567	2.6e-101	371.7
SRR10507657|k141_49462_123	nanU|nanU_5327_bv	42.9	489	262	9	1	485	1	476	2.4e-103	378.3
SRR10507657|k141_49462_129	nanH|nanH_19488_bv	97.8	553	12	0	1	553	1	553	0.0e+00	1122.5
SRR10507657|k141_7470_1	siaP|siaP_327914_bv	44.7	170	93	1	55	224	38	206	1.7e-35	151.8
SRR10507657|k141_21863_5	kpsD|kpsD_1302_bv	53.0	802	369	6	3	802	2	797	3.6e-242	840.1
SRR10507657|k141_7512_37	satD|WP_026427159.1	44.2	269	142	3	1	264	1	266	1.1e-56	222.6
SRR10507657|k141_21875_1	nanA|nanA_27907_bv	44.4	108	60	0	41	148	6	113	2.8e-18	94.0
SRR10507657|k141_34799_13	siaP|siaP_237435_bv	99.6	255	1	0	85	339	1	255	2.0e-149	530.8
SRR10507657|k141_34799_14	siaQ|siaQ_957_uniprot	100.0	160	0	0	1	160	1	160	6.4e-90	332.0
SRR10507657|k141_34799_15	siaM|siaM_21347_bv	100.0	423	0	0	1	423	1	423	2.1e-220	766.9
SRR10507657|k141_49598_1	ompF|ompF_538_bv	98.6	143	2	0	1	143	1	143	3.6e-76	286.2
SRR10507657|k141_21953_2	nanA|nanA_5708_bv	40.0	295	171	4	1	295	1	289	1.2e-49	199.1
SRR10507657|k141_21953_10	nanA|nanA_25777_refseq	51.6	304	142	3	9	311	9	308	2.9e-78	294.3
SRR10507657|k141_21953_11	nanH|nanH_10166_bv	100.0	387	0	0	1	387	1	387	3.3e-233	809.3
SRR10507657|k141_21953_12	nanH|nanH_9128_bv	67.5	357	99	6	44	400	45	384	1.1e-135	485.3
SRR10507657|k141_21953_15	nanU|nanU_40854_bv	48.1	495	241	8	1	493	1	481	1.2e-134	482.3
SRR10507657|k141_7604_81	nanU|nanU_638711_bv	60.4	598	232	3	1	598	1	593	8.2e-215	748.8
SRR10507657|k141_7609_24	satD|WP_400504934.1	45.2	228	122	2	22	247	34	260	7.8e-50	199.5
SRR10507657|k141_7609_28	satB|HUX88249.1	40.4	314	175	3	1	305	1	311	1.4e-56	222.2
SRR10507657|k141_49633_109	nanK|nanK_40_bv	59.3	317	125	3	1	316	1	314	1.1e-98	362.1
SRR10507657|k141_49680_1	nanR|nanR_5057_bv	41.2	170	99	1	1	169	23	192	4.5e-28	126.7
SRR10507657|k141_49784_59	SIAE|SIAE_27458_refseq	100.0	276	0	0	1	276	29	304	1.6e-160	567.4
SRR10507657|k141_49797_1	neuA|neuA_17867_uniprot	96.8	218	7	0	4	221	1	218	2.8e-120	433.3
SRR10507657|k141_22043_5	satD|WP_191808624.1	46.9	262	138	1	3	264	5	265	2.1e-66	255.0
SRR10507657|k141_22043_6	satB|WP_371146800.1	40.6	315	184	2	1	314	1	313	3.7e-57	224.2
SRR10507657|k141_35011_24	siaP|siaP_590789_bv	61.6	307	118	0	36	342	23	329	1.8e-102	374.8
SRR10507657|k141_35011_25	siaM|siaM_87957_bv	100.0	425	0	0	1	425	1	425	6.8e-224	778.5
SRR10507657|k141_49862_14	neuD|neuD_3565_refseq	85.9	213	30	0	1	213	1	213	1.5e-78	294.7
SRR10507657|k141_22054_4	satD|WP_066299715.1	47.3	262	137	1	3	264	5	265	1.3e-68	262.3
SRR10507657|k141_22054_5	satB|WP_371146800.1	40.6	315	184	2	1	314	1	313	2.2e-57	224.9
SRR10507657|k141_7813_4	siaT|siaT_55814_uniprot	100.0	429	0	0	1	429	1	429	9.3e-229	794.7
SRR10507657|k141_7813_5	siaQ|siaQ_298229_bv	78.0	150	33	0	11	160	11	160	4.0e-63	243.0
SRR10507657|k141_7813_6	siaP|siaP_696401_bv	43.9	244	119	4	1	243	1	227	1.1e-51	206.1
SRR10507657|k141_35096_10	siaP|siaP_42431_bv	43.4	316	178	1	40	354	25	340	8.6e-71	269.6
SRR10507657|k141_35096_12	siaM|siaM_6131_bv	100.0	428	0	0	1	428	1	428	9.0e-224	778.1
SRR10507657|k141_49934_24	siaT|siaT_55820_uniprot	99.8	428	1	0	1	428	1	428	5.8e-231	802.0
SRR10507657|k141_49934_25	siaQ|siaQ_140848_bv	51.2	166	80	1	1	165	4	169	1.1e-39	165.2
SRR10507657|k141_49961_44	kpsM|kpsM_380_bv	54.6	284	126	1	4	287	2	282	3.6e-83	310.5
SRR10507657|k141_49961_62	kpsD|kpsD_1302_bv	54.8	830	342	4	1	830	1	797	2.8e-258	893.6
SRR10507657|k141_35174_85	siaQ|siaQ_69150_bv	100.0	160	0	0	1	160	1	160	2.4e-84	313.5
SRR10507657|k141_35174_86	siaM|siaM_15087_bv	100.0	430	0	0	1	430	1	430	4.1e-224	779.2
SRR10507657|k141_22279_56	nanR|nanR_1411_uniprot	49.4	480	238	4	1	477	1	478	3.1e-119	431.0
SRR10507657|k141_35203_15	nagB|nagB_17350_bv	100.0	262	0	0	1	262	1	262	9.0e-150	531.6
SRR10507657|k141_22311_10	siaQ|siaQ_61017_bv	100.0	158	0	0	1	158	1	158	1.8e-81	303.9
SRR10507657|k141_22311_11	siaM|siaM_69441_bv	98.5	68	1	0	1	68	1	68	1.5e-24	113.6
SRR10507657|k141_8069_92	nanU|nanU_79795_bv	60.7	535	203	5	2	535	3	531	6.2e-182	639.4
SRR10507657|k141_8069_171	nanU|nanU_484026_bv	44.5	512	259	13	12	516	8	501	7.0e-117	423.3
SRR10507657|k141_8069_224	nanU|nanU_192445_bv	66.4	536	180	0	1	536	1	536	3.0e-224	780.0
SRR10507657|k141_35359_1	satB|WP_263079827.1	61.0	313	117	1	1	313	1	308	3.1e-104	380.6
SRR10507657|k141_35359_4	satD|WP_194781615.1	46.2	260	131	2	6	259	8	264	2.5e-61	238.0
SRR10507657|k141_35398_2	satD|WP_346027405.1	41.2	226	132	1	27	251	34	259	5.5e-43	176.8
SRR10507657|k141_22473_17	nanQ|nanQ_2529_uniprot	97.3	148	4	0	1	148	1	148	1.2e-77	291.2
SRR10507657|k141_50316_1	kpsM|kpsM_956_bv	64.8	193	68	0	7	199	8	200	2.4e-65	250.8
SRR10507657|k141_50351_4	kpsM|kpsM_163_bv	63.6	258	94	0	1	258	1	258	4.3e-88	326.6
SRR10507657|k141_35610_1	nanQ|nanQ_39_bv	100.0	110	0	0	1	110	45	154	3.6e-60	232.6
SRR10507657|k141_8308_93	nanK|nanK_7216_bv	43.4	325	157	7	7	328	4	304	5.1e-57	223.8
SRR10507657|k141_22559_27	nanU|nanU_53127_bv	52.6	532	235	6	8	536	15	532	1.4e-165	585.1
SRR10507657|k141_22559_84	nanU|nanU_69728_bv	98.3	516	9	0	1	516	1	516	6.9e-303	1041.2
SRR10507657|k141_35713_4	satB|WP_263079827.1	57.6	311	129	1	1	311	1	308	1.2e-90	335.5
SRR10507657|k141_35713_7	satD|WP_085368748.1	42.6	263	142	2	1	257	1	260	9.9e-58	226.1
SRR10507657|k141_8376_4	nanU|nanU_444742_bv	98.6	493	7	0	1	493	1	493	7.8e-288	991.1
SRR10507657|k141_8384_37	siaM|siaM_78836_bv	100.0	429	0	0	1	429	1	429	1.9e-218	760.4
SRR10507657|k141_8384_38	siaQ|siaQ_39381_bv	99.5	206	1	0	1	206	1	206	2.6e-112	406.8
SRR10507657|k141_50441_16	nagB|nagB_6539_bv	100.0	241	0	0	1	241	1	241	9.8e-135	481.5
SRR10507657|k141_50441_17	nagA|nagA_150165_bv	99.5	371	2	0	1	371	3	373	4.3e-214	745.7
SRR10507657|k141_50441_52	siaT|siaT_66880_uniprot	62.7	442	165	0	1	442	1	442	3.7e-148	526.9
SRR10507657|k141_50441_168	satD|WP_388021985.1	41.0	210	116	5	20	222	28	236	3.9e-29	130.6
SRR10507657|k141_35771_7	nanE|nanE_1275_bv	100.0	228	0	0	1	228	1	228	3.9e-125	449.5
SRR10507657|k141_35771_8	nanA|nanA_30477_bv	99.0	305	3	0	1	305	1	305	8.8e-173	608.2
SRR10507657|k141_35771_10	nanQ|nanQ_234_uniprot	100.0	151	0	0	1	151	1	151	9.0e-86	318.2
SRR10507657|k141_35771_11	nanK|nanK_17982_bv	93.2	234	16	0	1	234	1	234	2.5e-124	447.2
SRR10507657|k141_22718_3	nanK|nanK_17845_bv	41.2	274	158	3	1	272	1	273	8.2e-56	219.5
SRR10507657|k141_22718_5	nanU|nanU_244444_bv	40.3	511	270	12	5	504	9	495	2.3e-99	365.2
SRR10507657|k141_35943_31	nanQ|nanQ_137_bv	100.0	154	0	0	1	154	1	154	1.3e-87	324.3
SRR10507657|k141_35966_2	nagA|nagA_1329_bv	100.0	379	0	0	1	379	1	379	5.0e-226	785.4
SRR10507657|k141_35974_14	siaQ|siaQ_989_uniprot	76.8	155	36	0	1	155	17	171	1.1e-62	241.5
SRR10507657|k141_35974_15	siaM|siaM_8412_bv	100.0	431	0	0	1	431	1	431	1.8e-227	790.4
SRR10507657|k141_8559_2	siaQ|siaQ_298229_bv	100.0	163	0	0	1	163	1	163	5.2e-87	322.4
SRR10507657|k141_8561_1	siaQ|siaQ_137067_bv	46.5	144	76	1	1	144	23	165	7.2e-30	132.5
SRR10507657|k141_22784_1	nanU|nanU_295025_bv	99.8	508	1	0	22	529	1	508	6.0e-302	1038.1
SRR10507657|k141_22784_28	nanU|nanU_253799_bv	99.8	577	1	0	12	588	1	577	0.0e+00	1213.4
SRR10507657|k141_22784_47	nanU|nanU_628889_bv	99.8	527	1	0	13	539	1	527	9.5e-313	1073.9
SRR10507657|k141_22784_96	nanU|nanU_574553_bv	51.1	536	237	7	3	538	4	514	1.2e-153	545.4
SRR10507657|k141_35986_26	satB|MFN4189717.1	47.4	304	159	1	1	304	1	303	6.3e-78	293.1
SRR10507657|k141_35986_29	satD|WP_066299715.1	47.7	256	133	1	5	260	11	265	8.0e-63	243.0
SRR10507657|k141_22869_5	SIAE|SIAE_85672_bv	83.8	648	42	1	1	648	1	585	0.0e+00	1089.7
SRR10507657|k141_8592_1	satB|WP_263079827.1	53.5	226	105	0	1	226	79	304	2.0e-57	224.6
SRR10507657|k141_36109_13	siaT|siaT_55802_uniprot	100.0	429	0	0	1	429	1	429	2.8e-233	809.7
SRR10507657|k141_50762_1	kpsD|kpsD_1953_bv	100.0	159	0	0	1	159	1	159	2.1e-85	317.0
SRR10507657|k141_22981_3	siaM|siaM_10879_bv	100.0	425	0	0	1	425	1	425	1.0e-227	791.2
SRR10507657|k141_22981_4	siaQ|siaQ_37453_bv	100.0	170	0	0	1	170	1	170	8.3e-88	325.1
SRR10507657|k141_22981_5	siaP|siaP_598204_bv	45.4	304	164	1	59	362	70	371	1.9e-73	278.5
SRR10507657|k141_22988_1	nagB|nagB_3278_bv	100.0	191	0	0	1	191	51	241	4.0e-107	389.4
SRR10507657|k141_36202_23	siaM|siaM_45142_bv	100.0	432	0	0	1	432	1	432	6.1e-220	765.4
SRR10507657|k141_36202_24	siaQ|siaQ_1162_uniprot	100.0	176	0	0	1	176	1	176	5.9e-97	355.5
SRR10507657|k141_36202_25	siaP|siaP_65744_bv	75.5	351	78	1	1	351	1	343	5.1e-148	526.2
SRR10507657|k141_36202_32	siaM|siaM_4698_bv	100.0	444	0	0	1	444	1	444	3.4e-234	812.8
SRR10507657|k141_36202_38	nanK|nanK_3632_bv	43.8	283	158	1	87	368	16	298	1.1e-63	246.1
SRR10507657|k141_36242_13	nanK|nanK_28066_bv	47.7	308	147	4	6	313	4	297	2.3e-67	258.1
SRR10507657|k141_50936_3	siaP|siaP_686083_bv	97.6	297	7	0	65	361	1	297	1.2e-163	578.2
SRR10507657|k141_23034_100	nanU|nanU_204066_bv	75.2	524	128	2	1	523	1	523	2.0e-249	863.6
SRR10507657|k141_8726_105	nanQ|nanQ_7555_uniprot	100.0	149	0	0	1	149	1	149	9.2e-83	308.1
SRR10507657|k141_8726_344	kpsD|kpsD_6685_bv	77.8	800	167	6	1	791	1	798	0.0e+00	1201.4
SRR10507657|k141_51151_1	nanE|nanE_2295_bv	100.0	221	0	0	1	221	6	226	2.3e-122	440.3
SRR10507657|k141_51151_2	nanA|nanA_1879_bv	100.0	293	0	0	1	293	1	293	4.2e-164	579.3
SRR10507657|k141_51151_4	nanQ|nanQ_3285_uniprot	99.3	149	1	0	1	149	1	149	2.4e-83	310.1
SRR10507657|k141_51151_6	nanK|nanK_22122_bv	55.1	254	114	0	4	257	2	255	4.7e-78	293.5
SRR10507657|k141_51151_8	nagB|nagB_97145_bv	99.6	251	1	0	1	251	1	251	9.9e-138	491.5
SRR10507657|k141_8844_26	neuA|neuA_11023_uniprot	43.6	211	117	2	6	215	3	212	3.2e-41	171.0
SRR10507657|k141_23120_2	satD|WP_069102428.1	43.0	221	124	2	11	231	23	241	8.7e-48	192.6
SRR10507657|k141_23189_13	nanQ|nanQ_830_uniprot	100.0	151	0	0	1	151	1	151	2.2e-68	260.4
SRR10507657|k141_51364_9	nanR|nanR_1411_uniprot	41.5	342	193	4	19	356	141	479	6.9e-68	260.0
SRR10507657|k141_51372_26	nanU|nanU_273398_bv	99.8	543	1	0	1	543	1	543	0.0e+00	1125.5
SRR10507657|k141_9039_2	kpsT|kpsT_10521_bv	48.6	220	112	1	13	231	22	241	2.9e-59	230.7
SRR10507657|k141_9039_3	kpsM|kpsM_539_bv	44.3	465	258	1	10	473	7	471	4.9e-106	387.1
SRR10507657|k141_9056_4	siaT|siaT_41717_uniprot	99.8	429	1	0	1	429	1	429	7.9e-228	791.6
SRR10507657|k141_9056_5	siaQ|siaQ_298229_bv	77.3	150	34	0	11	160	11	160	5.2e-63	242.7
SRR10507657|k141_9056_6	siaP|siaP_696401_bv	44.7	244	117	4	1	243	1	227	1.2e-53	212.6
SRR10507657|k141_23247_48	nanU|nanU_179674_bv	40.3	632	309	18	17	630	19	600	2.7e-115	418.3
SRR10507657|k141_23247_50	nanU|nanU_590222_bv	58.1	570	222	8	1	561	1	562	1.4e-187	658.3
SRR10507657|k141_23247_55	nanU|nanU_194521_bv	99.8	517	1	0	1	517	1	517	3.6e-312	1072.0
SRR10507657|k141_23247_62	nanU|nanU_298447_bv	98.2	544	10	0	1	544	1	544	0.0e+00	1124.4
SRR10507657|k141_51414_1	satD|WP_131927900.1	40.2	214	123	4	19	228	40	252	3.0e-33	144.4
SRR10507657|k141_36350_61	nanU|nanU_459495_bv	42.2	548	287	10	1	543	1	523	6.3e-113	410.2
SRR10507657|k141_36350_106	nanU|nanU_616253_bv	63.9	557	195	6	1	553	2	556	9.9e-207	721.8
SRR10507657|k141_36350_128	nanU|nanU_381708_bv	46.6	539	273	7	24	559	21	547	2.8e-132	474.6
SRR10507657|k141_36350_254	SIAE|SIAE_31553_bv	99.6	468	2	0	1	468	1	468	9.4e-283	974.2
SRR10507657|k141_36350_485	nagB|nagB_5504_bv	100.0	263	0	0	1	263	1	263	7.4e-152	538.5
SRR10507657|k141_36350_499	nanU|nanU_237267_bv	44.9	530	274	9	19	539	6	526	1.2e-119	432.6
SRR10507657|k141_36350_503	SIAE|SIAE_22435_bv	98.5	472	7	0	1	472	3	474	6.8e-273	941.4
SRR10507657|k141_36350_560	nanK|nanK_17845_bv	47.4	272	140	3	1	270	1	271	5.8e-67	256.5
SRR10507657|k141_9251_28	nanK|nanK_22396_bv	45.2	310	170	0	3	312	5	314	9.0e-72	272.7
SRR10507657|k141_23510_1	nanK|nanK_27872_bv	64.6	254	90	0	43	296	3	256	3.6e-94	347.1
SRR10507657|k141_23523_2	nanK|nanK_25298_bv	81.3	150	28	0	1	150	1	150	6.4e-68	258.8
SRR10507657|k141_51611_19	nanA|nanA_11995_bv	59.3	297	121	0	1	297	1	297	2.2e-102	374.4
SRR10507657|k141_51611_20	satD|WP_069102428.1	43.4	267	145	3	1	267	9	269	3.8e-55	217.6
SRR10507657|k141_51621_2	nagB|nagB_19606_bv	99.2	243	2	0	1	243	1	243	7.6e-135	481.9
SRR10507657|k141_9325_1	nanE|nanE_7188_bv	95.1	244	12	0	3	246	12	255	2.2e-129	463.8
SRR10507657|k141_9373_5	nagA|nagA_4267_bv	99.2	379	3	0	1	379	1	379	4.0e-223	775.8
SRR10507657|k141_9423_8	neuD|neuD_4489_uniprot	99.5	216	1	0	1	216	1	216	2.7e-115	416.8
SRR10507657|k141_51789_1	siaM|siaM_1879_bv	100.0	341	0	0	1	341	67	407	4.3e-176	619.4
SRR10507657|k141_9548_1	nanE|nanE_8421_bv	100.0	229	0	0	1	229	33	261	8.8e-125	448.4
SRR10507657|k141_23724_102	kpsT|kpsT_13997_bv	43.3	238	131	2	8	242	5	241	5.7e-53	209.9
SRR10507657|k141_36543_26	nanU|nanU_574169_bv	95.8	529	22	0	1	529	1	529	3.1e-306	1052.4
SRR10507657|k141_36543_33	nanU|nanU_431349_bv	99.8	506	1	0	1	506	1	506	2.2e-293	1009.6
SRR10507657|k141_36543_83	nanU|nanU_645800_bv	99.6	531	2	0	1	531	4	534	0.0e+00	1076.6
SRR10507657|k141_36543_182	nanH|nanH_9455_bv	45.5	413	217	5	10	419	14	421	1.8e-112	408.3
SRR10507657|k141_51968_2	siaM|siaM_593452_bv	100.0	428	0	0	1	428	1	428	3.1e-224	779.6
SRR10507657|k141_23779_1	siaM|siaM_4794_bv	98.2	171	3	0	1	171	1	171	1.9e-87	323.9
SRR10507657|k141_23891_45	nanU|nanU_254119_bv	99.4	509	3	0	1	509	8	516	2.0e-302	1039.6
SRR10507657|k141_36635_74	satD|WP_334211665.1	41.3	259	151	1	2	259	3	261	9.4e-56	219.5
SRR10507657|k141_23966_2	satD|WP_237208654.1	48.5	260	122	4	6	258	35	289	2.3e-59	231.5
SRR10507657|k141_23992_2	siaQ|siaQ_299634_bv	90.3	176	17	0	1	176	1	176	7.1e-82	305.4
SRR10507657|k141_10002_46	nanU|nanU_124334_bv	56.7	550	223	7	23	562	9	553	2.0e-175	617.8
SRR10507657|k141_10069_1	nanQ|nanQ_5338_uniprot	100.0	84	0	0	1	84	22	105	1.2e-42	174.1
SRR10507657|k141_52264_42	nanU|nanU_40348_bv	48.5	485	243	6	1	483	1	480	3.9e-122	440.7
SRR10507657|k141_52264_55	nanU|nanU_37265_bv	59.1	504	192	8	1	497	2	498	1.6e-171	604.7
SRR10507657|k141_52264_122	SIAE|SIAE_10446_refseq	99.4	474	3	0	1	474	1	474	4.1e-286	985.3
SRR10507657|k141_52264_127	nanU|nanU_373955_bv	98.6	444	6	0	77	520	1	444	3.5e-262	906.0
SRR10507657|k141_36639_110	satD|WP_205483804.1	44.7	262	136	2	4	259	14	272	4.5e-58	227.3
SRR10507657|k141_36639_113	satB|OPL08662.1	56.1	312	132	2	1	312	1	307	3.0e-91	337.4
SRR10507657|k141_10209_2	nagB|nagB_195940_bv	98.9	262	3	0	1	262	1	262	1.9e-147	523.9
SRR10507657|k141_10210_26	nanK|nanK_28066_bv	43.3	312	162	4	3	314	1	297	1.1e-61	239.2
SRR10507657|k141_24287_19	satD|WP_301440808.1	50.6	237	114	2	17	251	26	261	2.6e-55	218.0
SRR10507657|k141_10212_25	satD|WP_091608417.1	45.4	260	140	2	3	262	7	264	1.6e-58	228.8
SRR10507657|k141_36691_62	satD|WP_227924124.1	43.4	258	139	2	2	253	10	266	7.3e-61	236.5
SRR10507657|k141_36691_65	satB|WP_209510972.1	51.6	308	148	1	1	308	1	307	4.1e-75	283.9
SRR10507657|k141_24426_3	nanH|nanH_30571_bv	47.9	349	169	3	13	358	9	347	7.9e-96	352.8
SRR10507658|k141_20864_1	siaM|siaM_364136_bv	94.5	55	3	0	1	55	8	62	1.1e-20	100.5
SRR10507658|k141_20892_41	nanU|nanU_204066_bv	75.2	524	128	2	1	523	1	523	2.0e-249	863.6
SRR10507658|k141_58_5	satD|WP_245637405.1	47.8	245	123	3	22	263	30	272	2.4e-59	231.5
SRR10507658|k141_58_9	satB|OPL08662.1	44.4	311	165	1	1	311	1	303	2.6e-66	254.6
SRR10507658|k141_10541_2	kpsM|kpsM_163_bv	69.4	258	79	0	1	258	1	258	3.2e-99	363.6
SRR10507658|k141_31356_1	siaP|siaP_766555_bv	75.8	157	36	2	1	156	1	156	3.2e-60	233.8
SRR10507658|k141_20991_37	nanA|nanA_8957_bv	74.6	291	74	0	1	291	1	291	8.0e-131	468.8
SRR10507658|k141_20991_62	satD|WP_003847251.1	42.2	230	129	1	25	250	35	264	1.7e-43	178.7
SRR10507658|k141_20997_1	siaP|siaP_713560_bv	67.7	158	48	1	1	158	1	155	5.4e-55	216.1
SRR10507658|k141_31389_1	nanA|nanA_9368_uniprot	45.5	121	66	0	1	121	18	138	1.6e-23	111.3
SRR10507658|k141_10657_35	satD|WP_047240803.1	40.0	225	129	5	19	238	36	259	9.8e-34	146.0
SRR10507658|k141_21015_94	nanU|nanU_508629_bv	53.0	545	242	9	10	548	14	550	1.6e-161	571.6
SRR10507658|k141_180_9	SIAE|SIAE_26822_refseq	99.6	280	1	0	1	280	1	280	3.1e-164	579.7
SRR10507658|k141_21029_7	nanU|nanU_263213_bv	62.0	513	191	3	5	513	1	513	2.6e-185	650.6
SRR10507658|k141_31497_34	satB|MFN4189717.1	43.8	304	170	1	1	304	1	303	6.5e-67	256.5
SRR10507658|k141_31497_37	satD|WP_154028570.1	44.6	269	144	1	1	264	1	269	9.6e-62	239.6
SRR10507658|k141_10725_40	nanU|nanU_140902_bv	99.6	489	2	0	1	489	1	489	2.5e-294	1012.7
SRR10507658|k141_10725_48	SIAE|SIAE_32812_refseq	100.0	265	0	0	1	265	1	265	6.7e-153	542.0
SRR10507658|k141_31527_16	nanU|nanU_256107_bv	40.5	576	298	19	6	564	1	548	7.5e-101	370.2
SRR10507658|k141_273_1	nanU|nanU_53127_bv	53.0	394	175	4	1	391	37	423	7.9e-126	452.6
SRR10507658|k141_21075_29	nanK|nanK_575_uniprot	41.7	288	166	1	4	289	5	292	3.4e-65	250.8
SRR10507658|k141_21075_62	siaQ|siaQ_140848_bv	51.2	166	80	1	1	165	4	169	8.4e-40	165.6
SRR10507658|k141_21075_63	siaT|siaT_55820_uniprot	100.0	428	0	0	1	428	1	428	1.5e-231	803.9
SRR10507658|k141_10830_1	siaM|siaM_465145_bv	98.4	61	1	0	1	61	20	80	6.2e-25	114.8
SRR10507658|k141_10841_10	siaM|siaM_38985_bv	100.0	427	0	0	1	427	1	427	5.4e-221	768.8
SRR10507658|k141_10841_11	siaQ|siaQ_175057_bv	77.9	163	36	0	1	163	1	163	4.5e-67	256.1
SRR10507658|k141_327_36	nanU|nanU_118450_bv	42.3	594	290	16	1	584	1	551	2.1e-117	425.2
SRR10507658|k141_31588_62	nanU|nanU_573757_bv	63.3	496	176	3	16	505	10	505	2.5e-188	660.6
SRR10507658|k141_31599_1	kpsT|kpsT_10521_bv	45.0	238	129	2	25	261	2	238	8.4e-58	226.1
SRR10507658|k141_21091_22	neuA|neuA_10785_bv	100.0	228	0	0	1	228	7	234	2.9e-128	459.9
SRR10507658|k141_21091_23	neuB|neuB_1977_bv	100.0	349	0	0	1	349	1	349	6.5e-204	711.8
SRR10507658|k141_21091_25	neuD|neuD_4501_uniprot	100.0	213	0	0	1	213	1	213	3.1e-55	217.2
SRR10507658|k141_21091_156	nanU|nanU_157414_bv	61.2	551	204	4	20	562	21	569	5.7e-202	706.1
SRR10507658|k141_21091_165	kpsD|kpsD_12100_bv	54.8	834	362	5	1	822	2	832	6.7e-260	899.0
SRR10507658|k141_31640_3	satB|MFN4189717.1	40.8	336	166	3	1	336	1	303	5.0e-68	260.4
SRR10507658|k141_31640_6	satD|WP_207616619.1	45.1	268	147	0	1	268	1	268	3.7e-63	244.2
SRR10507658|k141_31752_2	satB|HMA59673.1	42.5	315	178	2	3	317	2	313	2.6e-66	254.6
SRR10507658|k141_31752_6	satD|WP_311358684.1	49.2	264	126	4	3	263	12	270	1.7e-65	251.9
SRR10507658|k141_10959_24	nanU|nanU_230419_bv	95.7	465	20	0	7	471	1	465	2.7e-261	902.9
SRR10507658|k141_31782_19	nanQ|nanQ_1757_bv	96.8	155	5	0	1	155	1	155	2.5e-83	310.1
SRR10507658|k141_31782_20	siaQ|siaQ_196187_bv	41.7	144	82	2	3	145	10	152	2.1e-21	104.4
SRR10507658|k141_31782_21	siaT|siaT_19174_uniprot	90.6	425	40	0	1	425	1	425	3.2e-205	716.5
SRR10507658|k141_31782_22	siaP|siaP_523080_bv	53.2	316	144	3	14	328	17	329	2.6e-90	334.3
SRR10507658|k141_606_11	siaP|siaP_129413_bv	73.3	262	70	0	78	339	16	277	1.1e-115	418.7
SRR10507658|k141_606_12	siaQ|siaQ_30509_bv	100.0	176	0	0	1	176	1	176	8.3e-91	335.1
SRR10507658|k141_606_13	siaM|siaM_75029_bv	100.0	434	0	0	1	434	1	434	2.7e-223	776.5
SRR10507658|k141_606_16	nagA|nagA_95214_bv	100.0	379	0	0	1	379	3	381	1.5e-225	783.9
SRR10507658|k141_11003_9	kpsM|kpsM_956_bv	57.3	262	112	0	1	262	2	263	8.3e-79	295.8
SRR10507658|k141_31811_1	siaM|siaM_274966_bv	100.0	341	0	0	1	341	86	426	3.3e-176	619.8
SRR10507658|k141_11094_2	nanR|nanR_1299_uniprot	42.2	223	129	0	1	223	1	223	1.2e-41	172.2
SRR10507658|k141_21226_6	siaM|siaM_18769_bv	100.0	429	0	0	1	429	1	429	8.4e-222	771.5
SRR10507658|k141_21226_19	siaQ|siaQ_81209_bv	63.3	150	55	0	1	150	1	150	1.1e-47	191.8
SRR10507658|k141_21226_20	siaM|siaM_548204_bv	100.0	421	0	0	1	421	1	421	1.1e-226	787.7
SRR10507658|k141_11174_1	nanE|nanE_3127_bv	100.0	234	0	0	1	234	1	234	8.1e-134	478.4
SRR10507658|k141_11174_2	nanQ|nanQ_6905_uniprot	97.6	167	4	0	1	167	1	167	2.0e-94	347.1
SRR10507658|k141_11174_3	nanA|nanA_783_bv	99.7	307	1	0	1	307	1	307	1.0e-173	611.3
SRR10507658|k141_31864_3	nanU|nanU_628049_bv	62.2	510	189	2	1	508	1	508	2.2e-189	664.1
SRR10507658|k141_21330_1	nanU|nanU_261310_bv	99.7	351	1	0	1	351	68	418	2.8e-199	696.4
SRR10507658|k141_706_1	nagA|nagA_1103_bv	100.0	299	0	0	1	299	1	299	5.8e-177	622.1
SRR10507658|k141_31919_2	nagB|nagB_109846_bv	100.0	241	0	0	1	241	11	251	7.3e-138	491.9
SRR10507658|k141_31940_1	nanK|nanK_13419_bv	80.6	165	32	0	1	165	48	212	2.3e-74	280.4
SRR10507658|k141_744_9	neuD|neuD_1094_uniprot	98.6	208	3	0	1	208	1	208	1.1e-76	288.5
SRR10507658|k141_786_3	kpsT|kpsT_10521_bv	48.3	238	122	1	4	240	2	239	3.5e-63	243.8
SRR10507658|k141_786_4	kpsM|kpsM_245_uniprot	59.0	251	103	0	12	262	21	271	8.6e-76	285.8
SRR10507658|k141_31954_22	nanU|nanU_259305_bv	55.9	547	232	5	13	559	6	543	4.1e-176	620.2
SRR10507658|k141_31954_66	nanU|nanU_124174_bv	75.9	526	124	3	1	523	2	527	2.4e-239	830.1
SRR10507658|k141_21542_2	nanR|nanR_1411_uniprot	49.2	480	239	4	1	477	1	478	3.1e-119	431.0
SRR10507658|k141_11349_31	nagA|nagA_1883_bv	100.0	388	0	0	1	388	1	388	1.3e-226	787.3
SRR10507658|k141_32107_2	siaQ|siaQ_484243_bv	83.5	139	23	0	1	139	1	139	9.9e-63	241.5
SRR10507658|k141_21567_13	nanU|nanU_231159_bv	63.5	498	176	3	1	492	1	498	2.2e-189	664.1
SRR10507658|k141_21584_2	siaQ|siaQ_557415_bv	100.0	161	0	0	1	161	1	161	4.5e-83	309.3
SRR10507658|k141_21590_2	nanE|nanE_286_bv	100.0	229	0	0	1	229	1	229	1.4e-125	451.1
SRR10507658|k141_21590_10	nanA|nanA_20162_bv	70.3	303	90	0	1	303	1	303	7.8e-129	462.2
SRR10507658|k141_21595_3	siaM|siaM_11740_bv	100.0	426	0	0	1	426	1	426	1.7e-222	773.9
SRR10507658|k141_21595_4	siaQ|siaQ_466239_bv	44.3	158	86	1	7	164	6	161	1.7e-32	141.4
SRR10507658|k141_32147_10	siaM|siaM_27414_bv	100.0	442	0	0	1	442	1	442	2.2e-233	810.1
SRR10507658|k141_32152_2	siaM|siaM_25544_bv	83.3	425	71	0	1	425	1	425	5.3e-184	646.0
SRR10507658|k141_32152_18	nanR|nanR_1299_uniprot	46.7	225	119	1	1	225	1	224	8.2e-51	202.6
SRR10507658|k141_32152_45	nanK|nanK_28066_bv	43.6	312	161	4	3	314	1	297	4.2e-61	237.3
SRR10507658|k141_32177_1	nanE|nanE_31455_bv	99.5	205	1	0	1	205	3	207	1.1e-113	411.4
SRR10507658|k141_11379_32	siaQ|siaQ_3733_bv	100.0	160	0	0	1	160	1	160	9.6e-86	318.2
SRR10507658|k141_11379_33	siaM|siaM_2231_bv	100.0	434	0	0	1	434	1	434	4.0e-227	789.3
SRR10507658|k141_11379_116	nanR|nanR_4806_bv	40.6	224	120	5	1	219	3	218	3.0e-33	144.4
SRR10507658|k141_11379_156	nagA|nagA_31930_refseq	98.4	377	6	0	1	377	1	377	7.7e-211	734.9
SRR10507658|k141_11379_162	nagB|nagB_62438_bv	44.0	225	124	2	14	237	24	247	2.8e-49	197.6
SRR10507658|k141_11379_230	nanQ|nanQ_4_bv	100.0	154	0	0	1	154	1	154	6.0e-85	315.5
SRR10507658|k141_11379_231	nanK|nanK_717_bv	100.0	291	0	0	1	291	1	291	3.4e-158	559.7
SRR10507658|k141_11379_232	nanE|nanE_8421_bv	100.0	229	0	0	1	229	33	261	8.8e-125	448.4
SRR10507658|k141_11379_233	nanT|nanT_4300_bv	100.0	496	0	0	1	496	11	506	1.2e-283	977.2
SRR10507658|k141_11379_234	nanA|nanA_5472_bv	100.0	297	0	0	1	297	1	297	5.4e-167	589.0
SRR10507658|k141_11379_235	nanR|nanR_8_bv	100.0	263	0	0	1	263	1	263	4.1e-126	453.0
SRR10507658|k141_11388_1	nanQ|nanQ_5332_uniprot	98.5	134	2	0	1	134	17	150	3.5e-73	276.2
SRR10507658|k141_11403_1	kpsM|kpsM_242_bv	55.0	258	116	0	1	258	24	281	8.2e-79	295.8
SRR10507658|k141_21765_3	siaM|siaM_368399_bv	100.0	292	0	0	1	292	62	353	1.1e-151	538.1
SRR10507658|k141_21772_2	nanA|nanA_49137_refseq	63.3	109	39	1	8	115	4	112	9.2e-37	155.2
SRR10507658|k141_32335_1	siaP|siaP_762788_bv	68.8	221	69	0	4	224	24	244	1.5e-86	321.6
SRR10507658|k141_1066_6	nanU|nanU_253382_bv	99.4	522	3	0	1	522	2	523	3.0e-306	1052.4
SRR10507658|k141_1066_9	nagB|nagB_173245_bv	49.6	236	119	0	1	236	1	236	6.5e-62	239.6
SRR10507658|k141_1066_109	nanU|nanU_79795_bv	60.7	535	203	5	14	547	3	531	6.4e-182	639.4
SRR10507658|k141_21856_15	nagB|nagB_7830_bv	100.0	241	0	0	1	241	1	241	4.9e-134	479.2
SRR10507658|k141_32526_2	satB|MBM4443053.1	43.5	317	179	0	2	318	2	318	2.1e-55	218.4
SRR10507658|k141_1068_14	nanU|nanU_477395_bv	99.8	577	1	0	12	588	1	577	0.0e+00	1213.0
SRR10507658|k141_1068_33	nanU|nanU_628889_bv	99.8	527	1	0	13	539	1	527	9.5e-313	1073.9
SRR10507658|k141_11599_54	SIAE|SIAE_84968_bv	92.7	477	35	0	1	477	5	481	6.4e-271	934.9
SRR10507658|k141_21946_2	kpsT|kpsT_119_bv	100.0	215	0	0	1	215	5	219	1.1e-121	438.0
SRR10507658|k141_1126_1	nanU|nanU_556657_bv	48.0	625	277	15	3	621	2	584	9.2e-153	542.7
SRR10507658|k141_1126_5	nanU|nanU_91253_bv	58.4	594	237	6	5	595	1	587	8.4e-204	712.2
SRR10507658|k141_1126_8	SIAE|SIAE_63972_bv	49.5	652	148	3	11	662	14	484	1.2e-177	625.5
SRR10507658|k141_11648_1	nanA|nanA_698_bv	98.8	251	3	0	1	251	55	305	1.9e-144	513.8
SRR10507658|k141_32540_11	nanU|nanU_634927_bv	100.0	488	0	0	9	496	12	499	2.7e-288	992.6
SRR10507658|k141_32540_109	nagB|nagB_46925_bv	100.0	270	0	0	1	270	1	270	1.3e-156	554.3
SRR10507658|k141_32540_243	nanU|nanU_10752_bv	99.3	553	4	0	1	553	1	553	0.0e+00	1129.8
SRR10507658|k141_32540_268	nanU|nanU_572409_bv	49.0	502	245	3	29	527	98	591	2.3e-136	488.0
SRR10507658|k141_22146_2	siaQ|siaQ_407971_bv	80.0	160	32	0	1	160	1	160	2.1e-72	273.9
SRR10507658|k141_22247_1	satD|WP_271417843.1	42.4	278	134	4	3	280	13	264	8.6e-58	226.1
SRR10507658|k141_22247_4	satB|OPL08187.1	41.9	313	171	3	1	303	1	312	1.2e-57	225.7
SRR10507658|k141_22247_7	siaM|siaM_9481_bv	100.0	431	0	0	1	431	1	431	7.7e-231	801.6
SRR10507658|k141_22247_9	siaP|siaP_287809_bv	44.2	308	167	3	49	354	5	309	3.7e-61	237.7
SRR10507658|k141_1258_1	siaQ|siaQ_441520_bv	98.5	130	2	0	1	130	1	130	1.7e-61	237.3
SRR10507658|k141_32750_26	nagA|nagA_39046_bv	100.0	381	0	0	1	381	1	381	2.3e-226	786.6
SRR10507658|k141_1282_40	siaM|siaM_11742_bv	100.0	435	0	0	1	435	1	435	5.6e-213	742.3
SRR10507658|k141_1282_41	siaQ|siaQ_11754_bv	100.0	165	0	0	1	165	1	165	7.6e-86	318.5
SRR10507658|k141_1282_42	siaP|siaP_126597_bv	57.5	240	102	0	91	330	1	240	1.1e-80	302.4
SRR10507658|k141_1316_2	satB|WP_209510972.1	52.9	261	122	1	1	261	1	260	5.4e-62	240.0
SRR10507658|k141_22308_27	siaP|siaP_364155_bv	65.8	316	106	1	44	359	16	329	1.8e-116	421.4
SRR10507658|k141_22308_29	siaM|siaM_13338_bv	99.8	427	1	0	1	427	1	427	1.7e-222	773.9
SRR10507658|k141_22328_4	nanK|nanK_6397_bv	72.6	226	62	0	1	226	1	226	2.4e-90	334.3
SRR10507658|k141_22328_5	nanE|nanE_4062_bv	100.0	227	0	0	1	227	1	227	4.9e-128	459.1
SRR10507658|k141_32915_5	kpsM|kpsM_209_bv	47.6	271	133	2	7	271	10	277	8.3e-66	252.7
SRR10507658|k141_22337_4	kpsM|kpsM_209_bv	48.1	270	135	1	5	269	8	277	1.0e-71	272.3
SRR10507658|k141_11673_2	neuB|neuB_15804_uniprot	100.0	340	0	0	1	340	14	353	8.5e-201	701.4
SRR10507658|k141_11673_34	nanK|nanK_7216_bv	40.0	320	177	6	8	325	4	310	9.5e-56	219.5
SRR10507658|k141_11673_53	nanU|nanU_236219_bv	99.8	506	1	0	1	506	26	531	5.3e-300	1031.6
SRR10507658|k141_11673_55	nagB|nagB_153266_bv	100.0	270	0	0	1	270	4	273	5.1e-156	552.4
SRR10507658|k141_11673_142	kpsD|kpsD_6685_bv	77.8	800	167	6	1	791	1	798	0.0e+00	1201.4
SRR10507658|k141_11673_380	nanQ|nanQ_7555_uniprot	100.0	149	0	0	1	149	1	149	9.2e-83	308.1
SRR10507658|k141_22379_1	SIAE|SIAE_11418_bv	100.0	502	0	0	1	502	1	502	9.0e-308	1057.4
SRR10507658|k141_22384_2	nanU|nanU_24278_bv	52.8	396	174	5	2	396	114	497	3.1e-117	424.1
SRR10507658|k141_1450_2	nanQ|nanQ_214_uniprot	99.3	149	1	0	1	149	1	149	2.3e-81	303.5
SRR10507658|k141_32966_6	SIAE|SIAE_219_refseq	99.6	247	1	0	1	247	1	247	5.9e-143	508.8
SRR10507658|k141_33183_2	siaP|siaP_193584_bv	98.7	153	2	0	2	154	1	153	4.0e-81	302.8
SRR10507658|k141_1524_37	SIAE|SIAE_45363_bv	60.8	571	186	3	1	571	1	533	4.3e-205	716.5
SRR10507658|k141_11805_56	siaP|siaP_685834_bv	73.6	303	80	0	68	370	24	326	4.7e-128	459.9
SRR10507658|k141_11805_57	siaQ|siaQ_151783_bv	93.5	169	11	0	1	169	1	169	9.5e-84	311.6
SRR10507658|k141_11805_58	siaM|siaM_21360_bv	100.0	429	0	0	1	429	1	429	1.1e-226	787.7
SRR10507658|k141_11805_119	nanQ|nanQ_137_bv	100.0	154	0	0	1	154	1	154	1.3e-87	324.3
SRR10507658|k141_33195_7	nanU|nanU_1180_bv	100.0	521	0	0	1	521	1	521	6.4e-312	1071.2
SRR10507658|k141_22686_2	nagB|nagB_18584_bv	100.0	229	0	0	1	229	30	258	4.8e-131	469.2
SRR10507658|k141_11829_4	satD|WP_400504934.1	40.9	264	156	0	1	264	1	264	2.4e-59	231.5
SRR10507658|k141_1529_58	nanU|nanU_154313_bv	45.7	492	253	11	10	491	10	497	6.9e-119	429.9
SRR10507658|k141_11899_2	nanA|nanA_10092_uniprot	56.0	50	22	0	6	55	6	55	5.7e-09	61.6
SRR10507658|k141_33230_22	nanU|nanU_317574_bv	100.0	511	0	0	1	511	6	516	1.1e-308	1060.4
SRR10507658|k141_33230_30	nanU|nanU_497957_bv	76.3	486	114	1	11	496	2	486	3.7e-221	769.6
SRR10507658|k141_33243_30	nanU|nanU_28472_bv	55.4	574	246	3	1	572	1	566	1.7e-185	651.4
SRR10507658|k141_22753_1	nagA|nagA_16260_bv	100.0	321	0	0	1	321	21	341	8.1e-185	648.3
SRR10507658|k141_1568_4	kpsM|kpsM_380_bv	54.9	284	125	1	4	287	2	282	2.1e-83	311.2
SRR10507658|k141_1568_22	kpsD|kpsD_1302_bv	55.1	830	340	4	1	830	1	797	4.4e-259	896.3
SRR10507658|k141_1585_16	kpsM|kpsM_209_bv	48.1	270	135	1	5	269	8	277	2.0e-72	274.6
SRR10507658|k141_11931_2	nanH|nanH_20964_bv	89.5	399	42	0	143	541	1	399	2.6e-212	740.3
SRR10507658|k141_11931_7	nanU|nanU_403585_bv	98.0	561	11	0	1	561	1	561	0.0e+00	1117.8
SRR10507658|k141_1654_1	nanQ|nanQ_663_uniprot	100.0	122	0	0	1	122	27	148	5.8e-67	255.4
SRR10507658|k141_22883_2	nanE|nanE_8134_bv	97.6	41	1	0	1	41	14	54	3.2e-17	88.6
SRR10507658|k141_22898_1	siaP|siaP_562492_bv	100.0	69	0	0	1	69	30	98	1.3e-34	147.1
SRR10507658|k141_22898_2	siaQ|siaQ_349124_bv	95.3	190	9	0	1	190	1	190	1.3e-92	341.3
SRR10507658|k141_22898_3	siaM|siaM_164730_bv	100.0	201	0	0	1	201	1	201	1.0e-100	368.2
SRR10507658|k141_33281_40	nanU|nanU_155975_bv	46.5	563	279	11	1	548	1	556	3.8e-126	454.1
SRR10507658|k141_33281_47	nanU|nanU_593005_bv	98.8	500	6	0	2	501	13	512	6.0e-296	1018.1
SRR10507658|k141_33281_103	nanU|nanU_444296_bv	42.7	541	282	12	1	527	3	529	1.2e-100	369.4
SRR10507658|k141_33281_104	nanU|nanU_500862_bv	41.0	522	284	13	16	523	18	529	1.4e-96	355.9
SRR10507658|k141_22982_7	nanQ|nanQ_7410_uniprot	100.0	149	0	0	1	149	1	149	6.4e-84	312.0
SRR10507658|k141_11979_92	nagA|nagA_10867_uniprot	100.0	379	0	0	1	379	7	385	2.9e-226	786.2
SRR10507658|k141_11998_2	nanA|nanA_5930_refseq	100.0	278	0	0	1	278	1	278	5.0e-159	562.4
SRR10507658|k141_1728_1	SIAE|SIAE_67356_bv	60.1	313	122	3	83	394	1	311	2.3e-112	407.9
SRR10507658|k141_33349_72	nagB|nagB_3271_bv	83.7	233	38	0	1	233	1	233	6.7e-115	415.6
SRR10507658|k141_33349_73	nanK|nanK_539_uniprot	100.0	313	0	0	1	313	1	313	1.4e-181	637.5
SRR10507658|k141_1747_2	satD|WP_255793737.1	44.9	256	135	1	4	253	13	268	1.6e-60	235.3
SRR10507658|k141_1747_5	satB|WP_023055266.1	47.7	308	160	1	1	308	1	307	1.4e-75	285.4
SRR10507658|k141_23139_21	nanK|nanK_17982_bv	96.6	234	8	0	1	234	1	234	4.5e-129	463.0
SRR10507658|k141_23139_22	nanQ|nanQ_4491_uniprot	98.7	151	2	0	1	151	1	151	1.0e-84	314.7
SRR10507658|k141_23139_24	nanA|nanA_30477_bv	99.3	305	2	0	1	305	1	305	5.2e-173	609.0
SRR10507658|k141_23139_25	nanE|nanE_8467_bv	100.0	228	0	0	1	228	1	228	1.5e-124	447.6
SRR10507658|k141_33385_71	nanU|nanU_280392_bv	65.9	531	175	3	1	530	1	526	4.5e-217	756.1
SRR10507658|k141_12245_2	nanK|nanK_390_bv	47.8	92	48	0	2	93	1	92	1.9e-20	100.5
SRR10507658|k141_23217_18	siaQ|siaQ_989_uniprot	77.5	173	39	0	1	173	1	173	4.6e-73	276.2
SRR10507658|k141_23217_19	siaM|siaM_27576_bv	100.0	431	0	0	1	431	1	431	3.9e-227	789.3
SRR10507658|k141_23217_21	siaP|siaP_644031_bv	67.9	237	76	0	99	335	1	237	1.3e-92	342.0
SRR10507658|k141_33399_26	SIAE|SIAE_15242_bv	99.4	467	3	0	11	477	1	467	9.5e-283	974.2
SRR10507658|k141_33401_2	siaM|siaM_9008_bv	100.0	423	0	0	1	423	1	423	2.0e-223	776.9
SRR10507658|k141_33401_3	siaQ|siaQ_562869_bv	90.6	159	15	0	1	159	1	159	8.1e-77	288.5
SRR10507658|k141_23253_3	satD|HLR28547.1	48.5	233	119	1	28	260	33	264	9.4e-56	219.5
SRR10507658|k141_23253_4	satB|MEZ4522357.1	41.7	319	179	2	1	319	1	312	4.6e-63	243.8
SRR10507658|k141_33422_2	satD|WP_179700122.1	48.7	224	100	2	1	209	36	259	1.7e-53	211.5
SRR10507658|k141_1883_36	nanU|nanU_210717_bv	60.7	499	185	5	14	505	4	498	5.3e-175	616.3
SRR10507658|k141_33435_1	satD|WP_227924124.1	43.4	258	139	2	2	253	10	266	6.2e-61	236.5
SRR10507658|k141_33460_6	nanQ|nanQ_6910_uniprot	100.0	151	0	0	1	151	1	151	2.2e-68	260.4
SRR10507658|k141_33477_4	satB|HMA59673.1	42.9	315	177	2	3	317	2	313	7.5e-66	253.1
SRR10507658|k141_1945_2	nanE|nanE_7188_bv	100.0	255	0	0	1	255	1	255	6.1e-143	508.8
SRR10507658|k141_33514_1	nanK|nanK_13770_bv	40.1	192	109	2	1	192	9	194	1.4e-36	155.2
SRR10507658|k141_33566_1	siaM|siaM_529120_bv	100.0	236	0	0	1	236	96	331	1.4e-125	451.1
SRR10507658|k141_23318_7	nanU|nanU_6827_bv	100.0	523	0	0	1	523	1	523	0.0e+00	1077.0
SRR10507658|k141_23318_8	nanH|nanH_15173_bv	98.7	393	5	0	147	539	1	393	1.1e-231	804.7
SRR10507658|k141_23318_10	SIAE|SIAE_725_bv	100.0	691	0	0	1	691	1	691	0.0e+00	1442.6
SRR10507658|k141_23318_11	nanM|nanM_2289_bv	99.4	310	2	0	1	310	1	310	1.7e-184	647.5
SRR10507658|k141_23318_88	nanU|nanU_525511_bv	52.8	561	233	10	6	555	19	558	7.2e-165	582.8
SRR10507658|k141_23318_179	nanU|nanU_302044_bv	46.7	568	276	15	2	554	10	565	2.3e-126	454.9
SRR10507658|k141_23318_189	nanU|nanU_612126_bv	100.0	490	0	0	47	536	5	494	7.2e-295	1014.6
SRR10507658|k141_23318_197	nanU|nanU_1846_bv	99.3	597	4	0	9	605	1	597	0.0e+00	1219.9
SRR10507658|k141_23318_215	nagA|nagA_2016_bv	100.0	391	0	0	1	391	1	391	1.4e-226	787.3
SRR10507658|k141_33663_1	nanQ|nanQ_6941_uniprot	96.4	110	4	0	1	110	10	119	7.1e-56	218.4
SRR10507658|k141_1964_146	siaM|siaM_5114_bv	100.0	428	0	0	1	428	1	428	1.4e-221	770.8
SRR10507658|k141_1964_147	siaQ|siaQ_76954_bv	99.5	202	1	0	1	202	1	202	6.4e-111	402.1
SRR10507658|k141_1964_172	nanE|nanE_3395_bv	100.0	233	0	0	1	233	1	233	3.4e-132	473.0
SRR10507658|k141_1964_173	nanA|nanA_11995_bv	59.3	297	121	0	1	297	1	297	1.6e-102	374.8
SRR10507658|k141_1964_174	satD|WP_069102428.1	43.4	267	145	3	1	267	9	269	3.7e-55	217.6
SRR10507658|k141_1964_215	satD|MDF2442142.1	46.9	256	130	1	3	252	8	263	1.6e-60	235.3
SRR10507658|k141_1964_218	satB|MCD8010789.1	51.3	316	154	0	1	316	1	316	1.2e-87	325.5
SRR10507658|k141_12450_179	nanU|nanU_403585_bv	81.1	576	92	3	4	577	1	561	9.8e-282	971.1
SRR10507658|k141_33669_5	kpsM|kpsM_245_uniprot	47.0	270	128	5	5	272	15	271	9.6e-54	212.6
SRR10507658|k141_33669_6	kpsT|kpsT_10521_bv	48.1	239	123	1	3	240	2	240	2.0e-61	238.0
SRR10507658|k141_33730_3	siaM|siaM_31945_bv	99.8	433	1	0	1	433	1	433	1.5e-226	787.3
SRR10507658|k141_23460_9	satD|MDO4605766.1	45.5	257	133	2	4	254	11	266	3.2e-56	221.1
SRR10507658|k141_33736_1	satD|MEO6531490.1	45.7	199	102	1	5	203	76	268	4.0e-43	177.2
SRR10507658|k141_33752_37	siaM|siaM_11888_bv	100.0	435	0	0	1	435	1	435	1.1e-221	771.2
SRR10507658|k141_33752_38	siaQ|siaQ_411681_bv	65.8	155	53	0	2	156	11	165	1.4e-52	208.0
SRR10507658|k141_33752_39	siaP|siaP_364512_bv	76.5	340	80	0	1	340	1	340	2.9e-148	526.9
SRR10507658|k141_33752_63	siaP|siaP_99094_bv	84.1	245	39	0	95	339	1	245	4.2e-115	416.8
SRR10507658|k141_33752_64	siaQ|siaQ_59279_bv	100.0	167	0	0	1	167	1	167	6.5e-85	315.5
SRR10507658|k141_33752_65	siaM|siaM_16046_bv	100.0	435	0	0	1	435	1	435	2.1e-228	793.5
SRR10507658|k141_12685_6	nanU|nanU_22951_bv	100.0	544	0	0	1	544	1	544	0.0e+00	1145.2
SRR10507658|k141_23502_36	siaP|siaP_237435_bv	99.6	255	1	0	85	339	1	255	2.0e-149	530.8
SRR10507658|k141_23502_37	siaQ|siaQ_957_uniprot	100.0	160	0	0	1	160	1	160	6.4e-90	332.0
SRR10507658|k141_23502_38	siaM|siaM_42530_bv	100.0	423	0	0	1	423	1	423	1.6e-220	767.3
SRR10507658|k141_23502_67	satD|WP_191808624.1	46.6	262	139	1	3	264	5	265	1.4e-65	252.3
SRR10507658|k141_23502_68	satB|WP_371146800.1	41.0	315	183	2	1	314	1	313	9.7e-58	226.1
SRR10507658|k141_23502_86	satD|WP_136640697.1	49.4	259	128	1	21	276	5	263	3.3e-64	247.7
SRR10507658|k141_23502_105	nanA|nanA_5494_bv	99.0	307	3	0	1	307	1	307	2.3e-173	610.1
SRR10507658|k141_23502_106	nanQ|nanQ_1059_bv	100.0	154	0	0	1	154	1	154	4.9e-87	322.4
SRR10507658|k141_23502_107	nanE|nanE_28641_bv	100.0	234	0	0	1	234	1	234	8.1e-134	478.4
SRR10507658|k141_23502_116	siaQ|siaQ_269984_bv	43.3	141	80	0	11	151	15	155	1.8e-20	101.3
SRR10507658|k141_23502_117	siaM|siaM_6755_bv	100.0	424	0	0	1	424	1	424	1.4e-213	744.2
SRR10507658|k141_23502_141	kpsM|kpsM_209_bv	50.9	269	126	2	7	270	10	277	1.5e-70	268.5
SRR10507658|k141_12731_15	nanU|nanU_402827_bv	41.4	589	306	18	20	592	18	583	3.8e-111	404.4
SRR10507658|k141_12731_68	nanU|nanU_453965_bv	42.5	590	289	15	3	575	8	564	4.2e-115	417.5
SRR10507658|k141_33986_18	nanU|nanU_522014_bv	51.5	565	253	12	1	553	1	556	4.1e-152	540.4
SRR10507658|k141_33993_4	satB|MFN4189717.1	49.7	304	152	1	1	304	1	303	1.2e-73	278.9
SRR10507658|k141_33993_8	satD|HLR28547.1	44.7	255	134	2	5	253	11	264	1.5e-58	228.8
SRR10507658|k141_33993_20	satB|MDR1520311.1	52.4	315	149	1	1	315	1	314	7.3e-85	316.2
SRR10507658|k141_33993_23	satD|WP_227924124.1	45.1	255	134	1	4	252	12	266	2.7e-60	234.6
SRR10507658|k141_33994_8	siaM|siaM_42157_bv	100.0	425	0	0	1	425	1	425	1.2e-223	777.7
SRR10507658|k141_33994_9	siaP|siaP_590789_bv	61.6	307	118	0	36	342	23	329	2.4e-102	374.4
SRR10507658|k141_34058_1	neuC|neuC_2017_refseq	100.0	290	0	0	1	290	98	387	5.8e-150	532.3
SRR10507658|k141_2203_1	siaM|siaM_497580_bv	100.0	209	0	0	1	209	6	214	7.8e-104	378.6
SRR10507658|k141_34117_1	siaM|siaM_410577_bv	100.0	268	0	0	1	268	62	329	2.2e-135	483.8
SRR10507658|k141_23688_19	nanU|nanU_71571_bv	44.1	675	356	13	1	667	1	662	6.7e-157	556.6
SRR10507658|k141_34158_2	satB|MCD8125726.1	48.9	313	160	0	1	313	1	313	2.2e-73	278.1
SRR10507658|k141_12980_60	ompF|ompF_307_bv	68.1	392	104	6	1	377	1	386	1.9e-145	517.7
SRR10507658|k141_12980_114	satD|WP_129315695.1	41.3	252	145	2	3	251	10	261	6.6e-47	189.9
SRR10507658|k141_12980_165	satD|WP_069102428.1	44.4	266	143	3	4	269	9	269	1.4e-59	232.3
SRR10507658|k141_23836_5	siaM|siaM_8108_bv	100.0	427	0	0	1	427	1	427	6.2e-225	781.9
SRR10507658|k141_23891_3	siaP|siaP_501954_bv	94.6	222	11	1	1	222	17	237	3.8e-116	419.9
SRR10507658|k141_2315_39	nanU|nanU_114568_bv	43.4	629	323	13	2	612	25	638	1.8e-137	491.9
SRR10507658|k141_2315_182	nanU|nanU_513643_bv	99.4	534	3	0	1	534	3	536	0.0e+00	1097.8
SRR10507658|k141_34245_207	ompF|ompF_60602_refseq	97.8	368	4	1	1	364	1	368	8.2e-210	731.5
SRR10507658|k141_13047_34	nanQ|nanQ_2529_uniprot	97.3	148	4	0	1	148	1	148	6.8e-78	292.0
SRR10507658|k141_2338_20	siaM|siaM_24306_bv	100.0	425	0	0	1	425	1	425	1.1e-221	771.2
SRR10507658|k141_2338_21	siaQ|siaQ_480775_bv	55.2	165	70	2	1	164	1	162	3.4e-37	157.1
SRR10507658|k141_34276_5	nanK|nanK_10126_bv	99.7	302	1	0	1	302	1	302	3.4e-169	596.3
SRR10507658|k141_34276_6	nanA|nanA_30802_bv	99.0	98	1	0	1	98	23	120	3.4e-49	196.1
SRR10507658|k141_2344_59	siaM|siaM_22171_bv	100.0	431	0	0	1	431	1	431	3.3e-226	786.2
SRR10507658|k141_34392_1	nanK|nanK_7216_bv	41.9	253	137	3	6	255	58	303	2.6e-48	194.5
SRR10507658|k141_34407_2	siaQ|siaQ_411681_bv	60.1	153	61	0	1	153	11	163	5.5e-46	186.0
SRR10507658|k141_34407_3	siaM|siaM_64747_bv	100.0	381	0	0	1	381	1	381	2.7e-195	683.3
SRR10507658|k141_34560_1	SIAE|SIAE_98263_bv	44.9	245	123	3	2	246	1	233	3.3e-53	210.7
SRR10507658|k141_34631_24	nanK|nanK_7216_bv	40.6	310	171	5	12	318	4	303	6.5e-57	223.4
SRR10507658|k141_34634_2	siaQ|siaQ_109590_bv	40.4	161	96	0	1	161	1	161	3.9e-26	120.2
SRR10507658|k141_24145_9	nanR|nanR_6426_uniprot	47.8	228	119	0	1	228	59	286	1.5e-52	208.4
SRR10507658|k141_2515_25	SIAE|SIAE_27458_refseq	100.0	276	0	0	1	276	29	304	1.6e-160	567.4
SRR10507658|k141_2518_3	satD|WP_263128115.1	42.0	269	148	3	1	266	1	264	1.3e-55	219.2
SRR10507658|k141_2556_10	satB|MBI5878579.1	43.6	312	173	1	1	309	1	312	1.5e-66	255.4
SRR10507658|k141_2556_11	satD|WP_227924124.1	46.7	255	135	1	14	267	12	266	6.5e-60	233.4
SRR10507658|k141_34639_18	nagB|nagB_74529_bv	99.6	263	1	0	1	263	1	263	1.3e-151	537.7
SRR10507658|k141_34639_33	nagA|nagA_158775_bv	100.0	387	0	0	1	387	18	404	1.9e-225	783.5
SRR10507658|k141_34639_37	nanM|nanM_3259_bv	42.4	363	193	6	44	406	6	352	2.6e-71	271.6
SRR10507658|k141_34639_40	SIAE|SIAE_307_bv	100.0	687	0	0	1	687	1	687	0.0e+00	1437.6
SRR10507658|k141_34639_44	nanU|nanU_574902_bv	99.8	500	1	0	1	500	2	501	5.8e-299	1028.1
SRR10507658|k141_34639_136	nagA|nagA_707_bv	100.0	387	0	0	1	387	1	387	7.4e-225	781.6
SRR10507658|k141_34684_1	siaM|siaM_353506_bv	99.7	349	1	0	1	349	75	423	1.3e-188	661.0
SRR10507658|k141_2588_23	nanU|nanU_303156_bv	98.6	422	6	0	24	445	1	422	1.2e-239	830.9
SRR10507658|k141_13339_2	kpsD|kpsD_1302_bv	54.0	778	352	4	1	777	25	797	3.6e-239	830.1
SRR10507658|k141_24217_13	satB|HCO70011.1	48.7	312	159	1	1	312	1	311	1.0e-75	285.8
SRR10507658|k141_34695_42	nanU|nanU_303156_bv	64.5	422	147	3	16	434	1	422	2.0e-154	547.7
SRR10507658|k141_13474_1	satB|WP_263079827.1	56.7	233	101	0	3	235	75	307	7.3e-66	252.7
SRR10507658|k141_2643_1	kpsD|kpsD_12088_bv	52.1	851	377	7	1	839	1	832	1.3e-245	851.7
SRR10507658|k141_24258_47	neuB|neuB_5411_bv	100.0	347	0	0	1	347	1	347	1.1e-200	701.0
SRR10507658|k141_34790_15	SIAE|SIAE_1149_bv	100.0	692	0	0	1	692	1	692	0.0e+00	1446.0
SRR10507658|k141_34790_17	nanH|nanH_20964_bv	88.5	399	46	0	145	543	1	399	1.0e-203	711.8
SRR10507658|k141_13537_26	nanU|nanU_574169_bv	95.8	529	22	0	1	529	1	529	3.1e-306	1052.4
SRR10507658|k141_13537_33	nanU|nanU_431349_bv	99.8	506	1	0	1	506	1	506	2.2e-293	1009.6
SRR10507658|k141_13537_83	nanU|nanU_645800_bv	99.6	531	2	0	1	531	4	534	0.0e+00	1076.6
SRR10507658|k141_34850_2	nagB|nagB_77352_bv	100.0	190	0	0	1	190	61	250	2.4e-107	390.2
SRR10507658|k141_13540_2	neuD|neuD_9_kegg	100.0	220	0	0	1	220	1	220	7.7e-86	318.9
SRR10507658|k141_13577_1	siaQ|siaQ_62183_bv	97.9	94	2	0	1	94	1	94	2.4e-44	179.9
SRR10507658|k141_2762_23	nanU|nanU_612529_bv	56.7	503	209	4	1	501	1	496	6.3e-160	566.2
SRR10507658|k141_2762_30	nanU|nanU_223470_bv	99.3	536	4	0	43	578	20	555	0.0e+00	1101.3
SRR10507658|k141_13668_22	nanU|nanU_422891_bv	99.4	489	3	0	14	502	21	509	1.9e-294	1013.1
SRR10507658|k141_24476_92	nanU|nanU_114568_bv	49.6	613	298	7	10	615	30	638	8.8e-172	605.9
SRR10507658|k141_2827_47	satD|WP_062009075.1	41.1	231	135	1	3	232	14	244	1.5e-43	178.7
SRR10507658|k141_2827_50	satB|MBM3693078.1	40.0	315	179	2	1	307	1	313	1.2e-55	219.2
SRR10507658|k141_24494_5	nanU|nanU_458854_bv	88.5	416	48	0	13	428	1	416	7.6e-215	748.4
SRR10507658|k141_24494_24	nanU|nanU_566500_bv	94.0	480	29	0	32	511	1	480	1.1e-268	927.5
SRR10507658|k141_24494_50	nanU|nanU_363656_bv	62.4	593	206	8	1	590	1	579	4.0e-206	719.9
SRR10507658|k141_24521_1	nagB|nagB_94882_bv	100.0	173	0	0	1	173	74	246	7.6e-97	355.1
SRR10507658|k141_34911_111	nanU|nanU_326952_bv	69.8	553	152	3	1	545	47	592	5.9e-228	792.3
SRR10507658|k141_34911_224	nanU|nanU_69728_bv	99.0	516	5	0	1	516	1	516	1.9e-305	1049.7
SRR10507658|k141_34911_277	nanU|nanU_521714_bv	98.7	459	6	0	101	559	1	459	7.5e-279	961.4
SRR10507658|k141_34911_300	nanU|nanU_93146_bv	99.6	571	2	0	23	593	1	571	0.0e+00	1200.7
SRR10507658|k141_13788_36	nanK|nanK_22396_bv	44.3	314	175	0	6	319	3	316	4.4e-74	280.4
SRR10507658|k141_13788_37	nanE|nanE_1553_bv	100.0	246	0	0	1	246	1	246	6.9e-144	511.9
SRR10507658|k141_13788_82	nanU|nanU_481889_bv	100.0	548	0	0	1	548	2	549	0.0e+00	1110.1
SRR10507658|k141_13803_1	nanH|nanH_37027_bv	98.4	248	4	0	1	248	19	266	6.7e-147	521.9
SRR10507658|k141_35036_2	nanU|nanU_323848_bv	65.4	555	177	7	1	555	26	565	3.3e-210	733.4
SRR10507658|k141_24701_3	nanQ|nanQ_7303_uniprot	99.1	115	1	0	1	115	48	162	9.7e-64	244.6
SRR10507658|k141_13846_98	nanU|nanU_480950_bv	99.8	530	1	0	6	535	8	537	0.0e+00	1076.2
SRR10507658|k141_13846_101	nagA|nagA_845_bv	100.0	401	0	0	1	401	1	401	2.1e-230	800.0
SRR10507658|k141_13846_102	nagA|nagA_2982_bv	100.0	388	0	0	1	388	1	388	1.8e-223	776.9
SRR10507658|k141_13846_107	nanU|nanU_410087_bv	99.4	466	3	0	39	504	1	466	3.5e-275	949.1
SRR10507658|k141_35191_23	kpsD|kpsD_7172_bv	58.8	672	231	4	164	834	1	627	6.0e-224	779.6
SRR10507658|k141_24724_72	nanU|nanU_18478_bv	96.7	541	18	0	1	541	1	541	5.5e-311	1068.1
SRR10507658|k141_35252_1	SIAE|SIAE_2711_refseq	71.2	205	58	1	1	204	28	232	7.9e-85	315.5
SRR10507658|k141_24740_13	nanU|nanU_230315_bv	100.0	510	0	0	4	513	18	527	8.3e-309	1060.8
SRR10507658|k141_35318_2	kpsD|kpsD_1302_bv	53.8	586	269	2	3	587	2	586	5.6e-184	646.4
SRR10507658|k141_35344_15	nanU|nanU_105517_bv	97.0	532	16	0	1	532	1	532	0.0e+00	1090.1
SRR10507658|k141_35355_1	satD|WP_294165290.1	49.5	210	105	1	20	229	41	249	3.8e-51	203.8
SRR10507658|k141_35355_4	satB|MCD8125726.1	48.9	313	160	0	1	313	1	313	7.6e-74	279.6
SRR10507658|k141_13952_28	nanU|nanU_124334_bv	56.5	549	224	7	24	562	10	553	2.3e-174	614.4
SRR10507658|k141_24798_35	nanQ|nanQ_32_uniprot	100.0	146	0	0	1	146	1	146	3.9e-78	292.7
SRR10507658|k141_3064_182	nanU|nanU_556657_bv	50.7	604	271	11	21	617	1	584	4.1e-161	570.5
SRR10507658|k141_3064_186	nanU|nanU_91253_bv	70.2	598	164	6	4	598	1	587	1.2e-245	851.3
SRR10507658|k141_3064_220	nanU|nanU_447203_bv	42.6	676	336	20	19	683	3	637	9.0e-133	476.5
SRR10507658|k141_3064_225	nagB|nagB_3155_bv	100.0	270	0	0	1	270	1	270	7.8e-157	555.1
SRR10507658|k141_3064_260	nanU|nanU_79405_bv	99.8	519	1	0	10	528	1	519	4.3e-308	1058.5
SRR10507658|k141_3064_276	SIAE|SIAE_27145_refseq	100.0	267	0	0	1	267	2	268	6.3e-159	562.0
SRR10507658|k141_35447_1	SIAE|SIAE_26822_refseq	90.0	260	26	0	1	260	1	260	5.4e-139	495.7
SRR10507658|k141_3147_40	siaP|siaP_733330_bv	100.0	239	0	0	1	239	1	239	1.5e-130	468.0
SRR10507658|k141_3147_41	siaQ|siaQ_388033_bv	100.0	167	0	0	1	167	5	171	1.1e-81	304.7
SRR10507658|k141_3147_42	siaM|siaM_3328_bv	100.0	433	0	0	1	433	1	433	1.8e-227	790.4
SRR10507658|k141_3202_3	siaM|siaM_136596_bv	100.0	427	0	0	1	427	1	427	2.9e-230	799.7
SRR10507658|k141_3248_2	SIAE|SIAE_45363_bv	63.5	458	129	4	1	458	1	420	4.4e-168	593.2
SRR10507658|k141_3310_2	nagA|nagA_81729_bv	100.0	391	0	0	1	391	1	391	7.0e-223	775.0
SRR10507658|k141_24908_28	nanU|nanU_517875_bv	50.2	548	261	8	3	541	11	555	3.3e-146	520.8
SRR10507658|k141_24908_148	nanU|nanU_73415_bv	40.3	608	314	20	23	623	18	583	2.2e-106	388.7
SRR10507658|k141_24908_221	nanU|nanU_288776_bv	40.2	577	309	12	4	573	5	552	3.5e-114	414.5
SRR10507658|k141_24966_1	siaQ|siaQ_10866_bv	100.0	168	0	0	1	168	1	168	6.5e-93	342.0
SRR10507658|k141_24985_2	nanU|nanU_263213_bv	59.3	450	177	2	5	451	1	447	7.2e-155	549.3
SRR10507658|k141_14194_1	neuD|neuD_9286_uniprot	99.3	288	2	0	1	288	2	289	2.3e-168	593.6
SRR10507658|k141_25056_1	nanE|nanE_38832_bv	100.0	148	0	0	1	148	1	148	7.2e-80	298.5
SRR10507658|k141_35846_6	nanU|nanU_7891_bv	100.0	541	0	0	1	541	1	541	0.0e+00	1132.5
SRR10507658|k141_35877_8	siaT|siaT_47535_uniprot	51.4	430	195	5	4	423	3	428	1.1e-101	372.5
SRR10507658|k141_35910_2	nanU|nanU_485165_bv	46.2	411	200	11	1	406	158	552	1.9e-93	345.1
SRR10507658|k141_35940_15	nanR|nanR_9292_uniprot	43.6	227	118	4	9	228	19	242	1.1e-38	162.5
SRR10507658|k141_14309_65	nanK|nanK_7216_bv	40.8	309	171	4	12	317	4	303	1.0e-57	226.1
SRR10507658|k141_25154_12	siaP|siaP_26827_bv	88.6	245	28	0	91	335	1	245	7.8e-122	439.1
SRR10507658|k141_25154_13	siaQ|siaQ_21193_bv	100.0	167	0	0	1	167	1	167	5.9e-86	318.9
SRR10507658|k141_25154_14	siaM|siaM_8086_bv	100.0	435	0	0	1	435	1	435	1.6e-223	777.3
SRR10507658|k141_35984_8	nanQ|nanQ_3051_bv	100.0	151	0	0	1	151	1	151	2.5e-83	310.1
SRR10507658|k141_25210_1	siaM|siaM_569697_bv	99.8	411	1	0	1	411	1	411	4.4e-228	792.3
SRR10507658|k141_14476_2	satD|WP_271417843.1	46.8	233	119	4	3	234	41	269	8.1e-51	203.0
SRR10507658|k141_36124_2	nanQ|nanQ_1575_bv	100.0	150	0	0	1	150	1	150	1.2e-82	307.8
SRR10507658|k141_25405_6	siaP|siaP_745430_bv	42.1	340	184	2	4	342	3	330	1.9e-75	285.0
SRR10507658|k141_25405_7	siaM|siaM_21367_bv	100.0	436	0	0	1	436	1	436	2.3e-235	816.6
SRR10507658|k141_25405_8	siaQ|siaQ_226247_bv	45.2	146	76	2	1	144	1	144	3.2e-26	120.6
SRR10507658|k141_3708_42	nanU|nanU_339340_bv	40.6	584	315	15	1	573	5	567	3.4e-101	371.3
SRR10507658|k141_3708_50	nanU|nanU_304918_bv	41.9	580	304	16	4	572	9	566	1.2e-103	379.4
SRR10507658|k141_3708_69	nanU|nanU_383909_bv	58.5	600	238	8	1	598	1	591	1.6e-194	681.4
SRR10507658|k141_3708_97	nanU|nanU_575682_bv	61.9	430	154	6	1	430	104	523	5.4e-144	513.1
SRR10507658|k141_3708_105	nanU|nanU_235265_bv	44.4	464	237	6	1	448	1	459	1.3e-100	369.0
SRR10507658|k141_36434_16	nanU|nanU_146071_bv	75.8	558	132	3	1	556	1	557	1.0e-251	871.3
SRR10507658|k141_36490_5	siaM|siaM_40897_bv	100.0	432	0	0	1	432	1	432	2.0e-234	813.5
SRR10507658|k141_36490_6	siaQ|siaQ_90918_bv	57.8	187	76	1	1	184	1	187	1.1e-48	195.3
SRR10507658|k141_14628_8	satB|MFN4189717.1	43.8	324	152	2	14	337	12	305	1.8e-65	251.9
SRR10507658|k141_14628_11	satD|WP_022922052.1	47.9	257	121	2	5	249	20	275	2.5e-58	228.0
SRR10507658|k141_14628_23	ompF|ompF_42_uniprot	98.4	366	6	0	1	366	1	366	2.8e-210	733.0
SRR10507658|k141_14713_6	satD|WP_124933466.1	47.6	250	129	1	13	262	20	267	1.2e-58	229.2
SRR10507658|k141_3969_7	nanU|nanU_278447_bv	56.9	531	205	9	20	545	18	529	1.6e-164	581.6
SRR10507658|k141_14841_2	SIAE|SIAE_12166_uniprot	100.0	470	0	0	1	470	64	533	2.7e-290	999.2
SRR10507658|k141_25796_106	nanH|nanH_9455_bv	45.5	413	217	5	10	419	14	421	1.8e-112	408.3
SRR10507658|k141_25796_137	nanU|nanU_201826_bv	99.8	511	1	0	9	519	1	511	1.8e-303	1043.1
SRR10507658|k141_25796_145	nanU|nanU_553723_bv	99.4	519	3	0	1	519	1	519	4.6e-307	1055.0
SRR10507658|k141_14868_14	nanK|nanK_7216_bv	42.8	313	162	5	7	314	4	304	5.2e-62	240.4
SRR10507658|k141_14894_2	satD|WP_136640697.1	45.4	260	141	1	2	261	3	261	5.2e-62	240.4
SRR10507658|k141_14901_3	siaM|siaM_21885_bv	77.1	424	97	0	1	424	1	424	9.4e-173	608.6
SRR10507658|k141_25914_5	siaM|siaM_172302_bv	97.5	285	7	0	1	285	120	404	3.2e-140	500.0
SRR10507658|k141_26034_1	siaM|siaM_572088_bv	86.4	309	42	0	1	309	1	309	9.6e-143	508.4
SRR10507658|k141_14935_100	nanU|nanU_140524_bv	49.8	516	229	10	19	515	11	515	2.1e-126	454.9
SRR10507658|k141_14935_114	nanU|nanU_223553_bv	40.9	536	296	7	6	536	9	528	3.7e-105	384.4
SRR10507658|k141_14935_135	nanU|nanU_266727_bv	100.0	506	0	0	1	506	11	516	5.7e-302	1038.1
SRR10507658|k141_14935_187	nanU|nanU_573757_bv	50.3	529	225	7	7	525	1	501	5.4e-149	530.0
SRR10507658|k141_26043_33	nanU|nanU_453965_bv	40.6	594	315	14	1	587	2	564	3.9e-116	421.0
SRR10507658|k141_26043_63	SIAE|SIAE_936_bv	100.0	473	0	0	1	473	1	473	3.0e-289	995.7
SRR10507658|k141_26135_3	nanK|nanK_40_bv	52.4	313	147	2	3	314	2	313	2.5e-85	317.8
SRR10507658|k141_36857_50	nanU|nanU_484026_bv	44.5	512	259	13	12	516	8	501	7.0e-117	423.3
SRR10507658|k141_36857_103	nanU|nanU_192445_bv	66.4	536	180	0	1	536	1	536	3.0e-224	780.0
SRR10507658|k141_26181_1	neuA|neuA_11271_uniprot	100.0	244	0	0	11	254	1	244	5.7e-141	502.3
SRR10507658|k141_4367_1	siaT|siaT_55802_uniprot	100.0	429	0	0	1	429	1	429	2.8e-233	809.7
SRR10507658|k141_4367_6	siaP|siaP_108089_bv	45.7	245	132	1	95	338	1	245	1.3e-55	219.2
SRR10507658|k141_14974_87	nagA|nagA_2326_bv	100.0	390	0	0	1	390	1	390	3.2e-228	792.7
SRR10507658|k141_14974_88	nagA|nagA_79562_bv	100.0	388	0	0	1	388	24	411	2.8e-224	779.6
SRR10507658|k141_36890_41	nanU|nanU_280331_bv	63.1	548	186	7	9	554	1	534	6.9e-192	672.5
SRR10507658|k141_36890_49	nanK|nanK_26250_bv	40.1	302	170	5	7	308	6	296	2.2e-57	224.9
SRR10507658|k141_15061_2	nanU|nanU_586567_bv	42.4	542	269	16	4	523	6	526	3.1e-109	397.9
SRR10507658|k141_26331_89	neuD|neuD_4195_uniprot	58.3	204	84	1	35	238	1	203	1.3e-54	215.3
SRR10507658|k141_4476_207	nanK|nanK_707_uniprot	55.3	349	154	1	51	397	3	351	1.7e-107	391.7
SRR10507658|k141_4576_27	nanU|nanU_97494_bv	43.0	488	247	13	1	474	18	488	7.4e-101	370.2
SRR10507658|k141_4576_30	nanK|nanK_17845_bv	45.6	274	146	3	1	272	1	273	9.0e-60	232.6
SRR10507658|k141_4576_66	nanU|nanU_19375_bv	100.0	583	0	0	1	583	1	583	0.0e+00	1171.8
SRR10507658|k141_4576_71	nanK|nanK_31635_bv	42.0	305	160	6	4	306	2	291	2.4e-56	221.5
SRR10507658|k141_4576_83	nanU|nanU_123241_bv	76.0	501	119	1	11	510	1	501	8.2e-232	805.1
SRR10507658|k141_15094_103	nagA|nagA_54888_bv	100.0	382	0	0	1	382	21	402	1.4e-220	767.3
SRR10507658|k141_15094_104	nagB|nagB_80253_bv	84.2	297	16	1	1	266	1	297	3.8e-140	499.6
SRR10507658|k141_15094_142	siaQ|siaQ_46_uniprot	46.3	149	76	1	1	149	1	145	5.5e-30	132.9
SRR10507658|k141_15094_143	siaT|siaT_3434_uniprot	100.0	436	0	0	1	436	1	436	3.7e-209	729.6
SRR10507658|k141_15094_269	satB|MFN4189717.1	44.4	304	168	1	1	304	1	303	1.4e-74	282.0
SRR10507658|k141_15094_412	ompF|ompF_32_bv	100.0	357	0	0	1	357	1	357	1.4e-206	720.7
SRR10507658|k141_15094_586	satD|HJG53471.1	40.5	190	107	3	28	213	37	224	7.3e-26	119.8
SRR10507658|k141_4653_4	siaP|siaP_690391_bv	49.5	307	155	0	68	374	25	331	1.2e-83	312.4
SRR10507658|k141_4653_5	siaQ|siaQ_184336_bv	92.9	169	12	0	1	169	1	169	1.9e-84	313.9
SRR10507658|k141_4653_6	siaM|siaM_186657_bv	100.0	433	0	0	1	433	1	433	7.8e-183	642.1
SRR10507658|k141_4671_1	siaP|siaP_233095_bv	99.4	155	1	0	1	155	1	155	3.7e-83	309.7
SRR10507658|k141_4780_2	siaM|siaM_378189_bv	99.5	426	2	0	1	426	1	426	9.6e-226	784.6
SRR10507658|k141_37237_21	nanQ|nanQ_55_uniprot	100.0	148	0	0	1	148	1	148	2.9e-81	303.1
SRR10507658|k141_37237_182	nanU|nanU_464377_bv	99.4	487	3	0	15	501	1	487	2.7e-288	992.6
SRR10507658|k141_26820_1	siaP|siaP_704339_bv	74.1	232	60	0	5	236	1	232	1.1e-98	361.7
SRR10507658|k141_37296_10	nanU|nanU_646457_bv	93.8	544	34	0	32	575	1	544	1.2e-311	1070.5
SRR10507658|k141_26891_1	SIAE|SIAE_93751_bv	49.5	329	151	5	60	384	2	319	3.4e-89	330.9
SRR10507658|k141_4798_35	SIAE|SIAE_165_bv	100.0	477	0	0	1	477	1	477	5.4e-286	984.9
SRR10507658|k141_4798_57	SIAE|SIAE_85672_bv	84.1	648	40	1	1	648	1	585	0.0e+00	1093.2
SRR10507658|k141_4798_65	SIAE|SIAE_24412_refseq	100.0	479	0	0	1	479	1	479	7.6e-288	991.1
SRR10507658|k141_4798_101	nanU|nanU_73051_bv	91.7	484	40	0	13	496	4	487	4.6e-272	938.7
SRR10507658|k141_4819_1	satB|WP_379235424.1	40.5	299	175	2	1	298	1	297	8.3e-51	203.0
SRR10507658|k141_15288_52	nanU|nanU_399565_bv	58.8	558	228	2	13	569	11	567	1.3e-193	678.3
SRR10507658|k141_26912_16	satD|WP_066299715.1	47.7	256	133	1	5	260	11	265	8.0e-63	243.0
SRR10507658|k141_26912_19	satB|MFN4189717.1	47.4	304	159	1	1	304	1	303	6.3e-78	293.1
SRR10507658|k141_4886_18	siaQ|siaQ_3735_bv	100.0	166	0	0	1	166	1	166	1.5e-81	304.3
SRR10507658|k141_4886_19	siaM|siaM_5909_bv	100.0	433	0	0	1	433	1	433	5.3e-224	778.9
SRR10507658|k141_26997_2	siaM|siaM_8090_bv	100.0	320	0	0	1	320	118	437	6.4e-166	585.5
SRR10507658|k141_4927_4	nanC|nanC_214_bv	100.0	238	0	0	1	238	4	241	2.8e-142	506.5
SRR10507658|k141_4927_5	nanM|nanM_30_bv	100.0	368	0	0	1	368	1	368	5.4e-217	755.4
SRR10507658|k141_4927_6	SIAE|SIAE_26913_refseq	100.0	326	0	0	1	326	1	326	3.7e-201	702.6
SRR10507658|k141_4930_1	neuD|neuD_8752_uniprot	94.2	207	12	0	1	207	1	207	4.1e-81	303.1
SRR10507658|k141_37612_1	siaP|siaP_376161_bv	83.0	271	46	0	1	271	106	376	3.0e-132	473.4
SRR10507658|k141_37616_3	satD|WP_444599035.1	40.1	212	118	4	3	205	19	230	9.5e-26	119.4
SRR10507658|k141_4998_1	kpsD|kpsD_1302_bv	53.7	753	342	5	21	771	20	767	6.1e-231	802.7
SRR10507658|k141_37652_2	siaP|siaP_42431_bv	43.0	321	181	2	36	354	20	340	3.3e-70	267.7
SRR10507658|k141_37652_4	siaM|siaM_6131_bv	100.0	423	0	0	1	423	6	428	1.9e-221	770.4
SRR10507658|k141_15461_8	satD|WP_373777344.1	40.0	240	128	8	11	244	32	261	3.3e-32	141.0
SRR10507658|k141_15461_53	ompF|ompF_6607_bv	100.0	371	0	0	1	371	11	381	3.2e-217	756.1
SRR10507658|k141_37667_20	nanU|nanU_501683_bv	99.6	506	2	0	1	506	3	508	9.4e-297	1020.8
SRR10507658|k141_37667_27	nanU|nanU_7919_bv	100.0	487	0	0	1	487	1	487	3.6e-293	1008.8
SRR10507658|k141_15513_22	siaM|siaM_54902_bv	100.0	422	0	0	1	422	1	422	1.6e-220	767.3
SRR10507658|k141_15513_23	siaQ|siaQ_576420_bv	40.9	149	85	3	4	149	2	150	3.3e-22	107.1
SRR10507658|k141_15526_12	satD|WP_227924124.1	48.0	256	132	1	5	260	12	266	4.1e-67	257.3
SRR10507658|k141_15526_17	satB|HYU19386.1	41.1	316	183	2	6	321	1	313	9.9e-66	252.7
SRR10507658|k141_5080_12	satB|WP_263079827.1	56.0	307	134	1	1	307	1	306	2.5e-90	334.3
SRR10507658|k141_5080_15	satD|KFC16516.1	49.0	243	119	3	16	258	34	271	9.9e-58	226.1
SRR10507658|k141_5080_24	satD|WP_149083920.1	41.4	210	108	7	17	216	30	234	3.7e-27	124.0
SRR10507658|k141_15541_6	neuB|neuB_13468_bv	45.8	284	146	6	6	288	19	295	2.7e-54	214.5
SRR10507658|k141_5101_29	nanU|nanU_119814_bv	68.7	457	143	0	16	472	25	481	2.1e-181	637.5
SRR10507658|k141_5145_2	neuC|neuC_9673_bv	100.0	312	0	0	1	312	1	312	3.0e-176	619.8
SRR10507658|k141_27153_22	nanU|nanU_85720_bv	69.6	596	159	6	9	597	1	581	9.6e-248	858.2
SRR10507658|k141_27153_90	nanU|nanU_431062_bv	83.3	496	82	1	1	496	37	531	2.3e-247	856.7
SRR10507658|k141_37987_2	nanQ|nanQ_238_bv	100.0	121	0	0	1	121	31	151	7.1e-65	248.4
SRR10507658|k141_5196_3	satB|WP_263079827.1	46.3	309	164	2	1	309	1	307	1.4e-72	275.4
SRR10507658|k141_15680_1	nanT|nanT_678_uniprot	99.5	206	1	0	1	206	1	206	1.7e-115	417.5
SRR10507658|k141_27280_5	satD|WP_242721802.1	43.0	258	136	4	6	256	19	272	1.1e-50	202.6
SRR10507658|k141_5244_17	nanU|nanU_412311_bv	99.6	543	2	0	4	546	3	545	0.0e+00	1125.5
SRR10507658|k141_38088_10	SIAE|SIAE_55548_bv	95.3	632	30	0	1	632	1	632	0.0e+00	1255.7
SRR10507658|k141_38088_18	nanU|nanU_173864_bv	54.9	568	241	6	1	563	3	560	7.8e-175	615.9
SRR10507658|k141_38130_1	nanQ|nanQ_1021_bv	100.0	154	0	0	1	154	1	154	8.9e-89	328.2
SRR10507658|k141_27313_1	siaM|siaM_6793_bv	100.0	327	0	0	1	327	1	327	1.3e-150	534.6
SRR10507658|k141_15783_1	siaQ|siaQ_275838_bv	64.2	148	53	0	1	148	28	175	4.3e-51	203.0
SRR10507658|k141_15783_2	siaM|siaM_548079_bv	97.4	232	6	0	1	232	1	232	5.9e-113	409.1
SRR10507658|k141_38151_6	satD|WP_255793737.1	45.7	258	131	2	8	259	13	267	3.3e-61	237.7
SRR10507658|k141_38151_9	satB|WP_263079827.1	61.3	313	116	1	1	313	1	308	4.8e-105	383.3
SRR10507658|k141_15837_2	kpsD|kpsD_5764_bv	95.3	278	13	0	1	278	1	278	3.2e-145	516.5
SRR10507658|k141_38153_16	siaM|siaM_2672_bv	100.0	427	0	0	1	427	1	427	8.7e-227	788.1
SRR10507658|k141_27486_6	nagB|nagB_8445_bv	100.0	241	0	0	1	241	1	241	4.0e-136	486.1
SRR10507658|k141_5393_2	nanQ|nanQ_3300_uniprot	100.0	148	0	0	1	148	1	148	4.3e-80	299.3
SRR10507658|k141_15906_102	siaM|siaM_14427_bv	100.0	424	0	0	1	424	1	424	2.3e-227	790.0
SRR10507658|k141_15906_103	siaQ|siaQ_120781_bv	93.2	192	13	0	1	192	1	192	5.8e-93	342.4
SRR10507658|k141_15908_21	satB|WP_272444797.1	41.5	260	144	1	1	252	53	312	1.3e-50	202.2
SRR10507658|k141_5414_21	nanU|nanU_638711_bv	60.4	598	232	3	1	598	1	593	8.2e-215	748.8
SRR10507658|k141_5450_25	nagB|nagB_1605_bv	100.0	270	0	0	1	270	1	270	4.6e-157	555.8
SRR10507658|k141_38388_1	siaQ|siaQ_562825_bv	99.3	147	1	0	1	147	12	158	5.2e-78	292.4
SRR10507658|k141_38404_1	siaP|siaP_225938_bv	53.5	297	136	2	58	353	34	329	9.6e-86	319.3
SRR10507658|k141_38404_2	siaQ|siaQ_53523_bv	100.0	175	0	0	1	175	1	175	6.3e-91	335.5
SRR10507658|k141_38404_3	siaM|siaM_23665_bv	100.0	424	0	0	1	424	1	424	8.9e-224	778.1
SRR10507658|k141_5569_2	siaP|siaP_496198_bv	76.0	75	18	0	1	75	1	75	1.7e-21	103.6
SRR10507658|k141_27762_2	nagA|nagA_73821_bv	100.0	392	0	0	1	392	9	400	2.8e-232	806.2
SRR10507658|k141_38610_1	siaM|siaM_327786_bv	95.1	185	9	0	1	185	15	199	1.2e-87	324.7
SRR10507658|k141_38640_1	siaM|siaM_448828_bv	98.3	288	5	0	1	288	1	288	2.1e-147	523.9
SRR10507658|k141_38662_3	neuB|neuB_10793_bv	99.3	153	1	0	1	153	3	155	1.0e-84	314.7
SRR10507658|k141_27849_2	nanA|nanA_983_bv	100.0	306	0	0	1	306	1	306	1.5e-175	617.5
SRR10507658|k141_5714_4	nagB|nagB_1558_bv	100.0	243	0	0	1	243	1	243	1.2e-135	484.6
SRR10507658|k141_5734_2	nagA|nagA_33375_bv	100.0	391	0	0	1	391	1	391	1.1e-228	794.3
SRR10507658|k141_5734_3	nagB|nagB_83351_bv	95.5	246	11	0	1	246	1	246	4.8e-129	462.6
SRR10507658|k141_5734_5	siaM|siaM_20351_bv	100.0	428	0	0	1	428	1	428	7.9e-228	791.6
SRR10507658|k141_5734_7	siaP|siaP_449607_bv	63.5	307	111	1	65	371	33	338	4.0e-111	403.7
SRR10507658|k141_38670_7	kpsE|kpsE_5225_bv	100.0	382	0	0	1	382	3	384	2.9e-205	716.5
SRR10507658|k141_38670_8	kpsD|kpsD_11_bv	99.8	558	1	0	1	558	1	558	0.0e+00	1076.6
SRR10507658|k141_38670_16	kpsT|kpsT_129_bv	100.0	225	0	0	1	225	1	225	4.1e-127	456.1
SRR10507658|k141_38670_17	kpsM|kpsM_682_bv	100.0	258	0	0	1	258	1	258	1.1e-139	498.0
SRR10507658|k141_27865_24	siaM|siaM_87482_bv	100.0	428	0	0	1	428	1	428	1.2e-220	767.7
SRR10507658|k141_27865_26	siaP|siaP_363964_bv	75.0	312	78	0	52	363	23	334	3.5e-136	486.9
SRR10507658|k141_38735_1	nagB|nagB_28939_bv	100.0	188	0	0	1	188	62	249	3.2e-109	396.4
SRR10507658|k141_5826_1	nanM|nanM_443_uniprot	100.0	304	0	0	18	321	1	304	1.9e-186	653.7
SRR10507658|k141_16508_1	neuD|neuD_3827_refseq	58.6	152	63	0	5	156	3	154	7.2e-46	185.7
SRR10507658|k141_5907_16	nanU|nanU_404061_bv	45.0	440	239	2	18	455	9	447	1.5e-107	392.1
SRR10507658|k141_5968_3	siaQ|siaQ_967_uniprot	78.1	155	34	0	1	155	17	171	4.6e-64	246.1
SRR10507658|k141_5968_4	siaM|siaM_2556_bv	100.0	431	0	0	1	431	1	431	1.4e-227	790.8
SRR10507658|k141_5969_1	siaP|siaP_113208_bv	99.3	153	1	0	1	153	60	212	3.5e-85	316.2
SRR10507658|k141_28112_2	siaQ|siaQ_989_uniprot	79.1	139	29	0	1	139	33	171	7.5e-58	225.3
SRR10507658|k141_6005_2	satD|WP_108430850.1	40.7	209	113	7	21	221	41	246	1.2e-28	129.0
SRR10507658|k141_28145_2	nanR|nanR_1411_uniprot	49.8	462	229	2	2	462	18	477	7.2e-118	426.4
SRR10507658|k141_16513_24	nanQ|nanQ_3361_uniprot	99.3	148	1	0	1	148	1	148	7.3e-80	298.5
SRR10507658|k141_16513_112	satD|WP_162320857.1	40.5	195	108	6	10	199	25	216	3.5e-25	117.5
SRR10507658|k141_16513_123	nagA|nagA_2077_bv	100.0	390	0	0	1	390	1	390	3.2e-228	792.7
SRR10507658|k141_16513_124	nagA|nagA_2076_bv	100.0	388	0	0	1	388	1	388	1.1e-223	777.7
SRR10507658|k141_6033_4	siaQ|siaQ_354078_bv	99.4	170	1	0	1	170	1	170	2.5e-92	340.1
SRR10507658|k141_6033_5	siaM|siaM_6133_bv	100.0	432	0	0	1	432	1	432	2.0e-231	803.5
SRR10507658|k141_38869_10	nagB|nagB_19879_bv	100.0	246	0	0	1	246	1	246	2.5e-141	503.4
SRR10507658|k141_28149_22	nanT|nanT_1111_uniprot	99.8	430	1	0	1	430	1	430	1.9e-237	823.5
SRR10507658|k141_28226_1	siaP|siaP_420871_bv	73.2	149	38	1	50	198	1	147	5.5e-59	229.6
SRR10507658|k141_16586_2	satD|WP_204878079.1	45.1	257	135	1	4	254	17	273	1.2e-60	235.7
SRR10507658|k141_16607_1	siaQ|siaQ_11752_bv	100.0	159	0	0	1	159	7	165	8.3e-82	305.1
SRR10507658|k141_16607_2	siaM|siaM_26084_bv	100.0	378	0	0	1	378	1	378	2.1e-192	673.7
SRR10507658|k141_39034_9	satD|KFC16516.1	48.3	234	119	2	19	252	40	271	3.9e-59	230.7
SRR10507658|k141_39034_12	satB|WP_263079827.1	55.1	296	133	0	1	296	12	307	1.0e-85	318.9
SRR10507658|k141_16635_2	satB|WP_023055266.1	47.1	308	162	1	1	308	1	307	4.2e-69	263.8
SRR10507658|k141_6099_15	nanU|nanU_525574_bv	82.2	562	99	1	19	580	5	565	5.9e-287	988.4
SRR10507658|k141_6100_10	satD|WP_230102398.1	44.8	250	137	1	7	256	11	259	9.2e-56	219.5
SRR10507658|k141_6100_13	satB|MGI6127559.1	40.2	296	166	4	2	287	20	314	2.3e-50	201.4
SRR10507658|k141_16696_1	kpsT|kpsT_10521_bv	49.0	196	100	0	47	242	1	196	4.4e-50	200.3
SRR10507658|k141_39090_48	nanU|nanU_97494_bv	40.5	556	294	17	3	545	22	553	1.7e-102	375.6
SRR10507658|k141_39090_81	nanU|nanU_28472_bv	60.8	576	216	4	1	576	1	566	2.3e-206	720.7
SRR10507658|k141_39172_2	nanK|nanK_28066_bv	44.3	305	156	4	6	310	4	294	6.9e-64	246.5
SRR10507658|k141_39176_5	satD|MDN5900612.1	40.1	232	122	7	22	247	49	269	9.8e-32	139.4
SRR10507658|k141_16714_33	nanU|nanU_170163_bv	48.4	578	281	9	3	579	2	563	1.1e-144	515.8
SRR10507658|k141_6272_24	SIAE|SIAE_19013_uniprot	98.9	357	4	0	4	360	1	357	1.6e-208	727.6
SRR10507658|k141_39357_8	siaM|siaM_21997_bv	100.0	429	0	0	1	429	1	429	1.7e-230	800.4
SRR10507658|k141_39357_10	nanQ|nanQ_4490_uniprot	99.4	154	1	0	1	154	1	154	4.9e-87	322.4
SRR10507658|k141_16733_36	siaP|siaP_99094_bv	99.6	253	1	0	97	349	1	253	6.0e-141	502.7
SRR10507658|k141_16733_37	siaQ|siaQ_39004_bv	100.0	167	0	0	1	167	1	167	1.0e-85	318.2
SRR10507658|k141_16733_38	siaM|siaM_259020_bv	93.9	462	1	1	1	435	1	462	1.8e-219	763.8
SRR10507658|k141_16733_74	siaQ|siaQ_13034_bv	100.0	158	0	0	1	158	1	158	3.7e-82	306.2
SRR10507658|k141_16733_75	siaM|siaM_22032_bv	100.0	435	0	0	1	435	1	435	1.6e-223	777.3
SRR10507658|k141_16733_76	siaP|siaP_30056_bv	93.1	321	21	1	1	320	14	334	8.1e-169	595.1
SRR10507658|k141_28685_16	nanU|nanU_318479_bv	71.2	511	139	3	16	518	7	517	5.7e-226	785.8
SRR10507658|k141_28685_39	nanK|nanK_7216_bv	41.7	309	168	4	12	317	4	303	5.3e-59	230.3
SRR10507658|k141_28685_61	nanU|nanU_601173_bv	99.3	562	4	0	1	562	12	573	0.0e+00	1151.3
SRR10507658|k141_16781_7	satB|HUX88249.1	42.1	318	177	3	4	319	2	314	3.0e-62	241.1
SRR10507658|k141_16781_11	satD|WP_136453715.1	46.6	264	136	2	1	262	1	261	1.2e-63	245.7
SRR10507658|k141_39456_21	nanU|nanU_597971_bv	71.9	455	128	0	2	456	1	455	1.1e-192	674.9
SRR10507658|k141_28769_11	nanQ|nanQ_6911_uniprot	99.3	148	1	0	1	148	1	148	5.9e-82	305.4
SRR10507658|k141_28802_2	siaP|siaP_772_refseq	50.0	238	118	1	72	309	33	269	5.6e-66	253.4
SRR10507658|k141_6351_66	nanQ|nanQ_1229_bv	100.0	151	0	0	1	151	1	151	1.1e-83	311.2
SRR10507658|k141_6351_100	siaP|siaP_696401_bv	43.9	244	119	4	1	243	1	227	1.1e-51	206.1
SRR10507658|k141_6351_101	siaQ|siaQ_298229_bv	78.0	150	33	0	11	160	11	160	4.0e-63	243.0
SRR10507658|k141_6351_102	siaT|siaT_60882_uniprot	100.0	429	0	0	1	429	1	429	9.3e-229	794.7
SRR10507658|k141_28901_1	siaP|siaP_624857_bv	75.7	103	25	0	1	103	12	114	2.1e-41	170.2
SRR10507658|k141_6378_1	nanK|nanK_15256_bv	81.9	149	27	0	1	149	25	173	2.7e-69	263.5
SRR10507658|k141_39539_50	neuB|neuB_19920_bv	50.9	342	158	1	4	335	18	359	7.1e-91	336.3
SRR10507658|k141_39565_4	nanA|nanA_767_refseq	44.5	128	70	1	5	131	5	132	4.1e-26	120.2
SRR10507658|k141_28913_18	nanU|nanU_371050_bv	49.3	582	281	6	26	607	19	586	5.5e-166	586.6
SRR10507658|k141_28913_47	nanU|nanU_441088_bv	40.7	624	336	14	3	612	2	605	3.4e-123	444.5
SRR10507658|k141_39570_34	nanU|nanU_449473_bv	98.6	501	7	0	1	501	4	504	2.9e-298	1025.8
SRR10507658|k141_28961_2	nanQ|nanQ_480_bv	100.0	155	0	0	3	157	1	155	1.0e-87	324.7
SRR10507658|k141_16916_70	nanU|nanU_106564_bv	47.9	489	235	7	16	498	18	492	1.4e-122	442.2
SRR10507658|k141_16916_75	nagA|nagA_11228_bv	100.0	395	0	0	1	395	1	395	1.1e-228	794.3
SRR10507658|k141_16916_76	nagB|nagB_6807_bv	100.0	272	0	0	1	272	1	272	3.9e-156	552.7
SRR10507658|k141_16916_88	nanU|nanU_467650_bv	99.2	510	4	0	1	510	3	512	2.8e-304	1045.8
SRR10507658|k141_39628_3	siaQ|siaQ_46191_bv	98.8	168	2	0	1	168	1	168	1.2e-83	311.2
SRR10507658|k141_6576_1	nagB|nagB_19616_bv	99.6	253	1	0	1	253	10	262	7.9e-143	508.4
SRR10507658|k141_6576_2	nagA|nagA_4112_bv	100.0	395	0	0	1	395	1	395	5.2e-226	785.4
SRR10507658|k141_39682_6	neuB|neuB_900_bv	100.0	346	0	0	1	346	1	346	5.1e-201	702.2
SRR10507658|k141_39682_16	kpsD|kpsD_1302_bv	52.9	801	371	4	3	802	2	797	9.5e-243	842.0
SRR10507658|k141_39700_1	siaM|siaM_519034_bv	100.0	194	0	0	2	195	14	207	8.0e-103	375.2
SRR10507658|k141_39734_1	neuD|neuD_76_bv	100.0	153	0	0	1	153	55	207	9.6e-27	122.1
SRR10507658|k141_39734_2	neuB|neuB_1092_bv	100.0	322	0	0	1	322	1	322	9.2e-181	634.8
SRR10507658|k141_39760_3	nagA|nagA_172312_bv	100.0	379	0	0	1	379	3	381	5.0e-226	785.4
SRR10507658|k141_39766_4	nanK|nanK_20513_bv	71.9	224	63	0	64	287	1	224	8.3e-91	335.9
SRR10507658|k141_39766_5	nanE|nanE_4496_bv	100.0	227	0	0	1	227	1	227	9.9e-129	461.5
SRR10507658|k141_39872_1	kpsM|kpsM_209_bv	53.8	236	103	3	10	239	4	239	5.6e-69	263.1
SRR10507658|k141_6727_1	siaM|siaM_166617_bv	97.4	114	3	0	1	114	1	114	1.7e-49	197.2
SRR10507658|k141_6727_2	siaQ|siaQ_1167_uniprot	100.0	160	0	0	1	160	1	160	1.9e-89	330.5
SRR10507658|k141_39907_1	nanU|nanU_216044_bv	65.5	388	133	1	1	388	149	535	2.8e-147	523.9
SRR10507658|k141_17221_2	satD|WP_263128115.1	42.8	269	146	4	1	266	1	264	5.7e-56	220.3
SRR10507658|k141_29066_88	nanU|nanU_275951_bv	99.2	506	1	1	1	503	1	506	1.2e-291	1003.8
SRR10507658|k141_29066_114	nanU|nanU_151621_bv	69.7	545	159	2	1	541	1	543	1.2e-225	784.6
SRR10507658|k141_29066_129	siaM|siaM_130527_bv	100.0	432	0	0	1	432	2	433	1.5e-218	760.8
SRR10507658|k141_29066_130	siaQ|siaQ_567565_bv	98.1	156	3	0	1	156	1	156	8.8e-76	285.0
SRR10507658|k141_39994_1	SIAE|SIAE_6170_refseq	60.4	202	79	1	1	202	1	201	3.4e-72	273.5
SRR10507658|k141_6824_1	siaM|siaM_155545_bv	96.1	102	4	0	1	102	1	102	4.7e-46	185.7
SRR10507658|k141_17303_5	nanQ|nanQ_374_uniprot	100.0	208	0	0	1	208	1	208	1.7e-119	430.6
SRR10507658|k141_17381_19	siaM|siaM_11739_bv	100.0	424	0	0	1	424	1	424	1.7e-219	763.8
SRR10507658|k141_17381_20	siaQ|siaQ_480775_bv	52.5	160	76	0	4	163	1	160	5.2e-34	146.4
SRR10507658|k141_40356_2	nanQ|nanQ_3320_uniprot	100.0	159	0	0	1	159	1	159	4.7e-93	342.4
SRR10507658|k141_17455_1	nagB|nagB_1759_bv	100.0	215	0	0	1	215	56	270	4.5e-123	442.6
SRR10507658|k141_40385_2	siaP|siaP_598204_bv	45.1	304	165	1	59	362	70	371	1.6e-72	275.4
SRR10507658|k141_40385_3	siaQ|siaQ_9066_bv	100.0	170	0	0	1	170	1	170	6.4e-88	325.5
SRR10507658|k141_40385_4	siaM|siaM_10879_bv	100.0	425	0	0	1	425	1	425	1.0e-227	791.2
SRR10507658|k141_29109_81	nanU|nanU_340690_bv	98.6	496	7	0	8	503	1	496	1.4e-292	1006.9
SRR10507658|k141_29109_85	nanU|nanU_199489_bv	97.8	510	11	0	3	512	11	520	2.9e-293	1009.2
SRR10507658|k141_29109_133	nanU|nanU_123241_bv	80.8	501	96	0	11	511	1	501	3.2e-244	846.3
SRR10507658|k141_29109_149	nanU|nanU_587575_bv	100.0	463	0	0	1	463	2	464	2.5e-272	939.5
SRR10507658|k141_29109_199	nanU|nanU_339340_bv	40.5	578	298	16	18	577	18	567	2.6e-101	371.7
SRR10507658|k141_29109_234	nanU|nanU_235265_bv	45.3	459	234	5	3	447	4	459	4.0e-105	384.0
SRR10507658|k141_7147_23	nanU|nanU_242640_bv	41.0	573	303	13	9	556	3	565	9.6e-109	396.4
SRR10507658|k141_7147_33	nanU|nanU_613934_bv	99.4	498	3	0	10	507	1	498	3.8e-298	1025.4
SRR10507658|k141_29234_1	nanU|nanU_24278_bv	42.4	387	200	13	1	373	1	378	8.4e-77	289.7
SRR10507658|k141_29287_2	siaM|siaM_371173_bv	99.3	144	1	0	1	144	1	144	4.2e-72	272.7
SRR10507658|k141_40596_7	nanK|nanK_28066_bv	43.5	308	160	4	6	313	4	297	1.2e-60	235.7
SRR10507658|k141_40613_1	satD|WP_022859037.1	46.1	256	131	2	4	253	9	263	1.4e-60	235.3
SRR10507658|k141_40613_4	satB|MCL2228095.1	47.2	309	161	2	1	309	1	307	3.4e-74	280.8
SRR10507658|k141_40652_1	nagA|nagA_12126_bv	98.7	380	5	0	1	380	71	450	6.1e-216	751.9
SRR10507658|k141_29345_3	siaQ|siaQ_363339_bv	81.0	179	31	1	1	176	1	179	5.8e-76	285.8
SRR10507658|k141_29345_4	siaM|siaM_28702_bv	100.0	425	0	0	1	425	1	425	7.1e-221	768.5
SRR10507658|k141_40658_1	nanA|nanA_2279_bv	100.0	305	0	0	1	305	1	305	7.4e-180	631.7
SRR10507658|k141_40697_3	satD|WP_053917854.1	40.1	232	122	7	22	247	49	269	4.4e-32	140.6
SRR10507658|k141_7177_40	nanU|nanU_332844_bv	54.2	530	216	8	1	528	10	514	1.6e-161	571.6
SRR10507658|k141_7177_133	nanU|nanU_415551_bv	59.4	436	174	2	1	436	4	436	2.2e-145	517.7
SRR10507658|k141_40738_4	nanU|nanU_623982_bv	70.1	556	165	1	9	564	2	556	1.4e-240	834.3
SRR10507658|k141_7277_2	siaM|siaM_285170_bv	99.3	148	1	0	1	148	49	196	4.9e-68	259.2
SRR10507658|k141_29582_2	satD|WP_124933466.1	48.4	250	127	1	13	262	20	267	4.9e-60	233.8
SRR10507658|k141_40744_1	nanU|nanU_560464_bv	56.6	369	151	6	9	375	6	367	3.0e-114	414.1
SRR10507658|k141_40758_2	neuS|neuS_1_dbcan	100.0	409	0	0	1	409	1	409	1.4e-234	813.9
SRR10507658|k141_7370_1	siaP|siaP_501954_bv	75.3	186	43	2	2	184	23	208	1.1e-72	275.0
SRR10507658|k141_17980_4	nanQ|nanQ_684_bv	100.0	151	0	0	1	151	1	151	1.6e-82	307.4
SRR10507658|k141_18072_3	satD|WP_227924124.1	42.5	207	114	3	7	213	6	207	2.5e-41	171.0
SRR10507658|k141_29737_1	siaM|siaM_92635_bv	94.9	214	11	0	1	214	1	214	1.7e-106	387.5
SRR10507658|k141_7530_1	siaP|siaP_99094_bv	91.1	247	22	0	95	341	1	247	3.4e-125	450.3
SRR10507658|k141_18132_1	nanA|nanA_6586_bv	66.4	113	38	0	1	113	9	121	6.3e-39	162.2
SRR10507658|k141_29751_29	nanQ|nanQ_4124_uniprot	87.2	149	19	0	1	149	1	149	3.5e-74	279.6
SRR10507658|k141_40903_21	SIAE|SIAE_3397_bv	100.0	473	0	0	1	473	1	473	8.8e-289	994.2
SRR10507658|k141_7566_28	nanU|nanU_139829_bv	99.4	522	3	0	7	528	8	529	2.1e-307	1056.2
SRR10507658|k141_18231_2	nanU|nanU_122390_bv	60.1	484	173	6	16	486	4	480	3.3e-158	560.5
SRR10507658|k141_18249_1	nanA|nanA_2146_bv	100.0	223	0	0	1	223	1	223	1.9e-124	447.2
SRR10507658|k141_7652_2	siaP|siaP_26827_bv	88.2	245	29	0	91	335	1	245	1.9e-120	434.5
SRR10507658|k141_7652_3	siaQ|siaQ_25004_bv	100.0	167	0	0	1	167	1	167	1.7e-85	317.4
SRR10507658|k141_7652_4	siaM|siaM_196878_bv	94.7	227	12	0	4	230	3	229	8.2e-107	388.7
SRR10507658|k141_29756_70	satD|WP_121660542.1	40.2	219	112	8	4	208	3	216	4.6e-25	117.1
SRR10507658|k141_29756_281	ompF|ompF_6268_bv	65.9	361	112	4	1	351	1	360	3.8e-135	483.4
SRR10507658|k141_29767_8	SIAE|SIAE_14671_refseq	86.0	449	62	1	52	500	1	448	1.6e-234	814.3
SRR10507658|k141_41186_8	SIAE|SIAE_26821_refseq	82.4	245	43	0	1	245	2	246	6.7e-118	425.6
SRR10507658|k141_41198_25	nanU|nanU_413036_bv	67.2	564	184	1	1	563	2	565	2.9e-238	826.6
SRR10507658|k141_41198_32	nanK|nanK_24160_bv	41.3	310	170	4	6	315	5	302	2.7e-60	234.6
SRR10507658|k141_7681_1	siaP|siaP_519443_bv	47.4	154	79	2	8	161	11	162	3.2e-36	153.7
SRR10507658|k141_18395_2	satD|WP_115921681.1	46.7	199	103	2	2	200	71	266	2.8e-42	174.5
SRR10507658|k141_29926_1	satD|WP_271417843.1	47.3	241	124	3	21	259	30	269	6.6e-59	229.9
SRR10507658|k141_30000_2	siaT|siaT_43946_uniprot	100.0	427	0	0	1	427	1	427	8.8e-187	655.2
SRR10507658|k141_30065_1	nanR|nanR_1411_uniprot	43.6	461	259	1	25	485	6	465	2.9e-101	371.3
SRR10507658|k141_41333_1	nanQ|nanQ_3319_uniprot	100.0	150	0	0	1	150	1	150	1.6e-87	323.9
SRR10507658|k141_18565_1	siaP|siaP_277283_bv	83.3	144	24	0	1	144	46	189	1.1e-67	258.1
SRR10507658|k141_30252_1	siaQ|siaQ_49802_bv	55.1	178	80	0	35	212	3	180	2.7e-51	204.1
SRR10507658|k141_18639_1	nagB|nagB_203151_bv	100.0	243	0	0	1	243	1	243	1.3e-137	491.1
SRR10507658|k141_7791_111	nanU|nanU_173864_bv	61.7	561	204	6	5	560	6	560	8.8e-203	708.8
SRR10507658|k141_7791_117	SIAE|SIAE_422_bv	100.0	474	0	0	1	474	1	474	1.6e-285	983.4
SRR10507658|k141_7791_126	nagA|nagA_2929_bv	100.0	395	0	0	1	395	1	395	8.9e-226	784.6
SRR10507658|k141_7791_127	nagB|nagB_23277_bv	99.6	261	1	0	1	261	1	261	2.1e-151	537.0
SRR10507658|k141_7791_146	nanU|nanU_254119_bv	99.8	509	1	0	1	509	8	516	2.3e-303	1042.7
SRR10507658|k141_41500_72	nanU|nanU_110100_bv	51.9	547	251	8	1	539	1	543	1.4e-152	542.0
SRR10507658|k141_18783_1	satD|WP_075371712.1	50.4	256	125	2	9	264	17	270	9.1e-67	256.1
SRR10507658|k141_7895_2	SIAE|SIAE_64512_bv	56.9	522	212	3	2	510	129	650	4.9e-184	646.4
SRR10507658|k141_7951_1	neuA|neuA_10379_uniprot	100.0	230	0	0	1	230	26	255	7.9e-134	478.4
SRR10507658|k141_30351_16	nagB|nagB_13069_bv	71.0	241	70	0	1	241	1	241	1.4e-96	354.8
SRR10507658|k141_30351_17	nanK|nanK_22902_bv	43.7	318	175	2	1	316	1	316	1.8e-75	285.0
SRR10507658|k141_18898_3	siaQ|siaQ_484451_bv	100.0	166	0	0	1	166	1	166	3.2e-84	313.2
SRR10507658|k141_18898_4	siaM|siaM_518002_bv	98.9	184	2	0	1	184	1	184	8.6e-91	335.1
SRR10507658|k141_7963_34	nanU|nanU_194521_bv	99.8	517	1	0	1	517	1	517	3.6e-312	1072.0
SRR10507658|k141_7963_39	nanU|nanU_590222_bv	58.1	570	222	8	1	561	1	562	1.4e-187	658.3
SRR10507658|k141_7963_41	nanU|nanU_179674_bv	40.3	632	309	18	17	630	19	600	2.7e-115	418.3
SRR10507658|k141_7963_90	nanU|nanU_32500_bv	81.5	519	94	2	9	526	1	518	3.1e-250	866.3
SRR10507658|k141_18906_1	satB|WP_181083510.1	47.2	235	118	2	3	237	85	313	1.9e-50	201.4
SRR10507658|k141_18941_2	nagB|nagB_2062_bv	100.0	255	0	0	1	255	1	255	5.0e-145	515.8
SRR10507658|k141_41537_14	kpsM|kpsM_209_bv	48.1	270	137	2	5	271	8	277	5.8e-67	256.5
SRR10507658|k141_41582_2	satD|WP_271417843.1	43.4	267	124	3	18	284	30	269	1.2e-56	222.6
SRR10507658|k141_8009_80	SIAE|SIAE_4825_bv	100.0	480	0	0	1	480	1	480	3.3e-291	1002.3
SRR10507658|k141_8068_1	siaM|siaM_338871_bv	100.0	41	0	0	1	41	18	58	1.5e-14	79.7
SRR10507658|k141_41599_30	nagA|nagA_6758_bv	100.0	388	0	0	1	388	1	388	3.5e-227	789.3
SRR10507658|k141_30591_2	nanR|nanR_1411_uniprot	42.0	481	273	3	1	478	1	478	2.2e-101	371.7
SRR10507658|k141_8105_2	nanU|nanU_151923_bv	48.2	488	228	10	1	483	1	468	1.7e-117	425.2
SRR10507658|k141_30621_1	nagA|nagA_159815_bv	99.5	394	2	0	1	394	2	395	1.3e-232	807.4
SRR10507658|k141_30621_2	nagB|nagB_29325_bv	100.0	246	0	0	1	246	1	246	1.1e-136	488.0
SRR10507658|k141_8128_3	satD|WP_056650711.1	48.1	233	120	1	29	261	30	261	3.5e-58	227.6
SRR10507658|k141_30708_2	nagA|nagA_121769_bv	99.4	344	2	0	1	344	1	344	1.3e-196	687.6
SRR10507658|k141_19167_13	nanQ|nanQ_2226_uniprot	99.4	159	1	0	1	159	1	159	2.3e-92	340.1
SRR10507658|k141_30771_2	nanA|nanA_49137_refseq	53.6	112	52	0	6	117	1	112	3.6e-26	119.8
SRR10507658|k141_19311_1	satD|WP_345043431.1	51.0	202	98	1	1	202	44	244	1.9e-54	214.5
SRR10507658|k141_8284_3	siaM|siaM_378336_bv	100.0	119	0	0	1	119	49	167	2.2e-55	216.9
SRR10507658|k141_30907_32	nanH|nanH_19059_bv	99.8	433	1	0	119	551	1	433	9.7e-263	907.9
SRR10507658|k141_19420_3	satD|WP_105569089.1	41.1	241	136	4	23	257	19	259	1.3e-39	165.6
SRR10507658|k141_8440_4	siaM|siaM_47036_bv	100.0	433	0	0	1	433	1	433	1.3e-225	784.3
SRR10507658|k141_8440_5	siaQ|siaQ_11850_bv	97.0	166	5	0	1	166	1	166	6.7e-82	305.4
SRR10507658|k141_19626_43	nanU|nanU_572409_bv	43.5	462	248	6	69	526	134	586	2.6e-100	368.2
SRR10507658|k141_19626_47	nanU|nanU_122390_bv	99.8	480	1	0	13	492	1	480	8.9e-284	977.6
SRR10507658|k141_19626_51	nanU|nanU_311719_bv	55.9	494	208	3	1	491	1	487	2.4e-156	554.3
SRR10507658|k141_19654_6	nanR|nanR_1645_uniprot	100.0	247	0	0	1	247	1	247	3.0e-139	496.5
SRR10507658|k141_19654_9	siaM|siaM_271356_bv	97.8	136	3	0	1	136	1	136	2.4e-61	236.9
SRR10507658|k141_8519_2	nanK|nanK_28066_bv	43.9	305	157	4	21	325	4	294	5.2e-62	240.4
SRR10507658|k141_31221_8	siaP|siaP_133032_bv	46.5	303	161	1	41	342	26	328	1.5e-70	268.9
SRR10507658|k141_31221_9	siaQ|siaQ_26143_bv	100.0	162	0	0	1	162	1	162	1.0e-82	308.1
SRR10507658|k141_31221_10	siaM|siaM_6439_bv	99.8	422	1	0	1	422	1	422	1.2e-217	757.7
SRR10507658|k141_31236_1	kpsM|kpsM_161_bv	97.9	193	4	0	1	193	69	261	1.7e-97	357.5
SRR10507658|k141_31236_2	kpsT|kpsT_13613_bv	45.1	235	129	0	6	240	7	241	2.7e-60	234.2
SRR10507658|k141_8576_18	nanU|nanU_619586_bv	57.4	498	205	5	10	505	1	493	2.2e-160	567.8
SRR10507658|k141_8576_59	nanU|nanU_96286_bv	41.1	545	291	13	2	522	3	541	4.6e-113	410.6
SRR10507658|k141_8576_79	nanU|nanU_563802_bv	98.9	525	6	0	1	525	1	525	0.0e+00	1102.0
SRR10507658|k141_8576_94	nanU|nanU_534055_bv	43.4	603	317	12	10	595	1	596	5.8e-128	460.3
SRR10507658|k141_8701_1	nanU|nanU_565280_bv	99.2	356	3	0	1	356	80	435	7.3e-203	708.4
SRR10507658|k141_19931_81	nanU|nanU_247095_bv	50.8	488	215	10	3	485	1	468	8.1e-128	459.5
SRR10507658|k141_19931_113	nanU|nanU_566500_bv	88.5	480	55	0	32	511	1	480	1.7e-253	877.1
SRR10507658|k141_19931_146	nanU|nanU_348730_bv	61.8	571	205	5	11	572	1	567	8.7e-206	718.8
SRR10507658|k141_8805_1	nagB|nagB_37276_bv	41.5	176	99	3	1	172	54	229	1.9e-31	137.9
SRR10507658|k141_19967_2	satB|HUX88249.1	40.8	311	176	1	1	303	1	311	6.8e-64	246.5
SRR10507658|k141_20011_3	satD|WP_255793737.1	44.6	260	139	3	13	272	13	267	1.4e-57	225.7
SRR10507658|k141_8853_19	nanK|nanK_9083_bv	40.6	286	156	6	6	291	5	276	1.6e-46	188.7
SRR10507658|k141_20125_2	satD|WP_165058850.1	47.9	234	121	1	20	253	64	296	5.6e-56	219.9
SRR10507658|k141_20176_1	nanH|nanH_12529_bv	99.4	162	1	0	1	162	68	229	1.4e-89	330.9
SRR10507658|k141_8934_58	SIAE|SIAE_78326_bv	100.0	477	0	0	1	477	3	479	6.6e-284	978.0
SRR10507658|k141_8934_119	nanU|nanU_258096_bv	61.7	517	188	2	1	511	1	513	2.0e-185	651.0
SRR10507658|k141_8954_13	nanU|nanU_604401_bv	52.1	639	274	15	9	646	4	611	1.6e-179	631.7
SRR10507658|k141_8987_6	nagA|nagA_15549_bv	100.0	299	0	0	1	299	92	390	1.3e-173	610.9
SRR10507658|k141_8988_1	siaQ|siaQ_138879_bv	100.0	127	0	0	1	127	49	175	4.8e-64	245.7
SRR10507658|k141_20200_64	nanU|nanU_444742_bv	98.8	493	6	0	1	493	1	493	1.3e-287	990.3
SRR10507658|k141_20200_150	kpsD|kpsD_13620_bv	89.6	278	29	0	22	299	1	278	8.0e-138	492.3
SRR10507658|k141_20210_1	nanU|nanU_401273_bv	56.2	504	196	10	3	503	86	567	1.0e-149	532.3
SRR10507658|k141_9086_3	siaT|siaT_47535_uniprot	49.8	424	207	3	4	421	3	426	9.5e-101	369.4
SRR10507658|k141_20250_1	satB|MCD6321403.1	51.3	308	149	1	1	308	1	307	3.8e-78	293.9
SRR10507658|k141_20250_4	satD|WP_124933466.1	50.4	232	114	1	21	252	37	267	3.2e-61	237.7
SRR10507658|k141_9121_1	nanH|nanH_23371_bv	91.5	130	11	0	1	130	13	142	2.2e-67	256.9
SRR10507658|k141_20276_62	nanU|nanU_485807_bv	99.2	493	4	0	1	493	1	493	2.1e-288	993.0
SRR10507658|k141_9277_1	kpsM|kpsM_889_bv	66.8	214	71	0	1	214	48	261	1.0e-79	298.5
SRR10507658|k141_20416_6	siaM|siaM_153163_bv	100.0	435	0	0	1	435	1	435	2.1e-228	793.5
SRR10507658|k141_20416_7	siaQ|siaQ_462458_bv	69.9	153	46	0	1	153	1	153	1.1e-51	205.3
SRR10507658|k141_9329_33	neuD|neuD_1986_uniprot	56.1	212	92	1	1	212	1	211	1.4e-71	271.6
SRR10507658|k141_20505_14	satB|MCC6703501.1	45.5	312	170	0	1	312	1	312	6.5e-70	266.5
SRR10507658|k141_20505_17	satD|WP_179899760.1	51.0	241	116	2	22	262	29	267	2.0e-61	238.4
SRR10507658|k141_9558_1	nanH|nanH_5419_bv	99.3	275	2	0	1	275	5	279	3.3e-163	576.2
SRR10507658|k141_20632_11	nagB|nagB_137974_bv	68.6	245	76	1	1	245	1	244	4.6e-95	349.7
SRR10507658|k141_20632_12	nanK|nanK_27932_bv	42.5	275	158	0	1	275	34	308	4.8e-64	246.9
SRR10507658|k141_9576_1	siaM|siaM_177614_bv	91.1	135	12	0	1	135	1	135	6.4e-59	228.8
SRR10507658|k141_9611_30	nagB|nagB_38303_bv	100.0	270	0	0	1	270	1	270	1.0e-156	554.7
SRR10507658|k141_20763_6	siaP|siaP_65744_bv	75.5	351	78	1	1	351	1	343	3.9e-148	526.6
SRR10507658|k141_20763_7	siaQ|siaQ_809_uniprot	100.0	176	0	0	1	176	1	176	1.7e-96	354.0
SRR10507658|k141_20763_8	siaM|siaM_42858_bv	100.0	432	0	0	1	432	1	432	8.0e-220	765.0
SRR10507658|k141_20826_1	SIAE|SIAE_71607_bv	71.4	185	53	0	1	185	18	202	3.8e-78	293.1
SRR10507658|k141_9669_39	nanK|nanK_17845_bv	40.0	275	158	6	33	304	3	273	3.4e-47	191.0
SRR10507658|k141_9814_11	nagB|nagB_10343_bv	100.0	270	0	0	1	270	1	270	2.7e-157	556.6
SRR10507658|k141_9825_1	siaM|siaM_45857_bv	100.0	407	0	0	1	407	1	407	1.1e-215	751.1
SRR10507658|k141_9825_2	siaQ|siaQ_989_uniprot	57.1	161	69	0	3	163	6	166	1.4e-50	201.4
SRR10507658|k141_9883_2	kpsD|kpsD_9108_bv	100.0	97	0	0	1	97	1	97	9.7e-25	114.8
SRR10507658|k141_9925_15	satB|MCL2228095.1	47.2	309	161	2	1	309	1	307	2.0e-74	281.6
SRR10507658|k141_9925_18	satD|WP_150381745.1	46.5	256	130	2	4	253	16	270	3.6e-60	234.2
SRR10507658|k141_9925_19	nanQ|nanQ_4507_uniprot	93.3	150	10	0	1	150	1	150	4.8e-79	295.8
SRR10507658|k141_10017_2	nanU|nanU_288776_bv	41.2	524	289	9	3	521	4	513	2.1e-105	385.2
SRR10507658|k141_10040_80	nanU|nanU_332844_bv	71.9	516	133	2	1	515	10	514	1.4e-231	804.3
SRR10507658|k141_10040_95	nanK|nanK_7216_bv	40.8	309	171	4	12	317	4	303	4.5e-58	227.3
SRR10507658|k141_10089_1	siaM|siaM_3412_bv	100.0	353	0	0	1	353	1	353	8.9e-185	648.3
SRR10507658|k141_10089_2	siaQ|siaQ_2365_bv	100.0	174	0	0	1	174	1	174	2.0e-89	330.5
SRR10507658|k141_10089_3	siaP|siaP_225938_bv	52.5	297	139	2	59	354	34	329	1.4e-84	315.5
SRR10507658|k141_10092_2	siaQ|siaQ_1878_bv	100.0	158	0	0	1	158	1	158	6.8e-84	312.0
SRR10507658|k141_10092_3	siaM|siaM_36585_bv	100.0	420	0	0	1	420	1	420	1.3e-227	790.8
SRR10507658|k141_10244_63	nanU|nanU_619410_bv	99.8	491	1	0	1	491	2	492	8.6e-287	987.6
SRR10507658|k141_10249_1	nagB|nagB_2026_bv	100.0	201	0	0	1	201	45	245	3.5e-109	396.4
SRR10507659|k141_33184_7	nagA|nagA_2929_bv	100.0	395	0	0	1	395	1	395	8.9e-226	784.6
SRR10507659|k141_33184_8	nagB|nagB_23277_bv	99.6	261	1	0	1	261	1	261	2.1e-151	537.0
SRR10507659|k141_33252_3	nanK|nanK_7216_bv	43.7	325	156	7	7	328	4	304	3.0e-57	224.6
SRR10507659|k141_70_29	nanU|nanU_10752_bv	99.3	553	4	0	1	553	1	553	0.0e+00	1129.8
SRR10507659|k141_70_54	nanU|nanU_311719_bv	57.6	493	202	2	1	492	1	487	1.3e-162	575.1
SRR10507659|k141_66412_2	satB|WP_263079827.1	61.3	313	116	1	1	313	1	308	4.8e-105	383.3
SRR10507659|k141_80_4	nagB|nagB_210646_bv	69.1	243	74	1	1	243	1	242	4.3e-93	343.2
SRR10507659|k141_66463_2	satD|WP_207616619.1	40.3	216	129	0	14	229	32	247	5.8e-40	166.8
SRR10507659|k141_66463_5	satB|HYI23826.1	40.2	316	180	2	1	308	1	315	1.3e-54	215.7
SRR10507659|k141_66537_1	siaM|siaM_146119_bv	100.0	412	0	0	1	412	1	412	8.4e-211	734.9
SRR10507659|k141_66537_2	siaQ|siaQ_68540_bv	100.0	176	0	0	1	176	1	176	8.3e-91	335.1
SRR10507659|k141_33363_12	nanU|nanU_620070_bv	41.3	574	306	12	1	566	33	583	3.1e-115	417.9
SRR10507659|k141_163_42	nanQ|nanQ_1357_bv	100.0	157	0	0	1	157	1	157	1.2e-88	327.8
SRR10507659|k141_66593_1	siaP|siaP_427460_bv	61.4	342	126	2	2	343	5	340	7.2e-115	416.0
SRR10507659|k141_66597_14	siaP|siaP_364155_bv	65.8	316	106	1	44	359	16	329	1.8e-116	421.4
SRR10507659|k141_66648_1	siaP|siaP_324157_bv	48.9	133	65	1	1	130	35	167	9.7e-28	125.2
SRR10507659|k141_33467_19	nanE|nanE_5698_bv	100.0	233	0	0	1	233	1	233	2.9e-131	469.9
SRR10507659|k141_66715_26	satD|WP_129315695.1	41.3	252	145	2	3	251	10	261	6.6e-47	189.9
SRR10507659|k141_99990_1	nanU|nanU_402758_bv	62.6	548	185	6	8	555	1	528	1.9e-194	681.0
SRR10507659|k141_378_2	nagB|nagB_8814_bv	100.0	263	0	0	1	263	1	263	4.3e-152	539.3
SRR10507659|k141_378_3	nagA|nagA_6195_bv	100.0	395	0	0	1	395	1	395	6.1e-227	788.5
SRR10507659|k141_33534_27	nanK|nanK_40_bv	46.3	313	166	2	3	314	2	313	2.8e-73	277.7
SRR10507659|k141_33534_30	nanE|nanE_1564_bv	100.0	252	0	0	1	252	1	252	8.1e-148	525.0
SRR10507659|k141_417_31	kpsM|kpsM_380_bv	53.1	290	128	3	1	290	1	282	2.6e-81	304.3
SRR10507659|k141_417_47	kpsD|kpsD_12100_bv	50.2	859	401	6	1	859	1	832	8.6e-242	839.0
SRR10507659|k141_434_1	satD|MEE8733570.1	43.2	271	152	2	18	287	28	297	6.8e-58	226.5
SRR10507659|k141_481_13	siaP|siaP_225938_bv	52.5	297	139	2	59	354	34	329	1.1e-84	315.8
SRR10507659|k141_481_14	siaQ|siaQ_2365_bv	100.0	174	0	0	1	174	1	174	2.0e-89	330.5
SRR10507659|k141_481_15	siaM|siaM_3412_bv	100.0	423	0	0	1	423	1	423	9.8e-223	774.6
SRR10507659|k141_553_8	SIAE|SIAE_16340_bv	100.0	465	0	0	1	465	58	522	1.2e-285	983.8
SRR10507659|k141_100078_48	SIAE|SIAE_64512_bv	93.3	654	33	1	1	643	1	654	0.0e+00	1245.3
SRR10507659|k141_100078_57	nanU|nanU_206907_bv	45.5	589	290	10	25	607	1	564	1.3e-138	495.7
SRR10507659|k141_100078_59	nanU|nanU_601240_bv	51.4	588	262	14	1	576	1	576	1.2e-154	548.9
SRR10507659|k141_100115_9	siaM|siaM_19431_bv	100.0	433	0	0	1	433	1	433	2.3e-219	763.5
SRR10507659|k141_100115_10	siaQ|siaQ_10866_bv	100.0	168	0	0	1	168	1	168	6.5e-93	342.0
SRR10507659|k141_636_6	siaQ|siaQ_226247_bv	45.4	130	67	2	1	128	1	128	4.9e-24	112.8
SRR10507659|k141_33740_4	siaQ|siaQ_120781_bv	93.2	192	13	0	1	192	1	192	5.8e-93	342.4
SRR10507659|k141_33740_5	siaM|siaM_14427_bv	100.0	424	0	0	1	424	1	424	2.3e-227	790.0
SRR10507659|k141_100230_1	siaM|siaM_588150_bv	99.3	297	2	0	1	297	61	357	1.5e-124	448.0
SRR10507659|k141_33855_6	neuA|neuA_17703_uniprot	100.0	215	0	0	1	215	1	215	2.2e-122	440.3
SRR10507659|k141_100355_18	nanE|nanE_7188_bv	100.0	255	0	0	1	255	1	255	6.1e-143	508.8
SRR10507659|k141_100408_13	satB|MFN4189717.1	41.4	336	164	3	1	336	1	303	3.8e-68	260.8
SRR10507659|k141_100411_1	siaP|siaP_778180_bv	95.3	236	11	0	1	236	4	239	9.3e-130	464.9
SRR10507659|k141_100451_6	siaM|siaM_430782_bv	99.7	361	1	0	1	361	16	376	1.9e-198	693.7
SRR10507659|k141_100536_2	satB|MFN4189717.1	50.3	304	150	1	1	304	1	303	5.0e-75	283.5
SRR10507659|k141_67379_8	satD|HJC70536.1	40.2	224	126	6	21	238	12	233	4.7e-36	153.7
SRR10507659|k141_67394_1	siaQ|siaQ_109590_bv	40.4	161	96	0	1	161	1	161	3.9e-26	120.2
SRR10507659|k141_67397_2	nagB|nagB_86766_bv	100.0	250	0	0	1	250	1	250	1.2e-140	501.1
SRR10507659|k141_67397_3	nagA|nagA_135884_bv	99.2	378	3	0	1	378	1	378	4.5e-219	762.3
SRR10507659|k141_67436_4	satD|WP_227924124.1	45.5	255	133	1	4	252	12	266	3.2e-61	237.7
SRR10507659|k141_67436_7	satB|MDR1520311.1	52.4	315	149	1	1	315	1	314	7.3e-85	316.2
SRR10507659|k141_67436_19	satD|HLR28547.1	44.7	255	134	2	5	253	11	264	1.5e-58	228.8
SRR10507659|k141_67436_23	satB|MFN4189717.1	49.7	304	152	1	1	304	1	303	1.2e-73	278.9
SRR10507659|k141_34254_1	siaP|siaP_14791_bv	100.0	83	0	0	1	83	1	83	3.2e-37	156.0
SRR10507659|k141_34280_3	SIAE|SIAE_100329_bv	100.0	473	0	0	1	473	1	473	3.8e-292	1005.4
SRR10507659|k141_34310_2	nanQ|nanQ_1588_uniprot	98.7	152	2	0	1	152	1	152	1.0e-84	314.7
SRR10507659|k141_67548_3	nanU|nanU_499726_bv	50.2	616	279	11	19	629	8	600	8.4e-170	599.4
SRR10507659|k141_67612_4	siaM|siaM_193325_bv	100.0	430	0	0	1	430	1	430	6.1e-220	765.4
SRR10507659|k141_34448_1	satD|WP_144591788.1	45.2	208	113	1	2	208	31	238	2.4e-39	164.5
SRR10507659|k141_34469_5	nanU|nanU_88387_bv	55.0	502	225	1	1	501	2	503	2.2e-160	567.8
SRR10507659|k141_34530_14	siaM|siaM_14009_bv	100.0	435	0	0	1	435	1	435	1.1e-221	771.2
SRR10507659|k141_34530_15	siaQ|siaQ_411681_bv	65.8	155	53	0	2	156	11	165	1.4e-52	208.0
SRR10507659|k141_34530_16	siaP|siaP_364512_bv	76.5	340	80	0	1	340	1	340	2.9e-148	526.9
SRR10507659|k141_34610_3	siaM|siaM_266567_bv	100.0	424	0	0	1	424	1	424	8.9e-224	778.1
SRR10507659|k141_1357_18	nagA|nagA_4028_bv	100.0	387	0	0	1	387	1	387	1.3e-224	780.8
SRR10507659|k141_100909_1	satB|WP_209510972.1	63.0	308	113	1	1	308	1	307	4.7e-105	383.3
SRR10507659|k141_67852_2	nanU|nanU_8455_bv	100.0	495	0	0	1	495	12	506	1.5e-294	1013.4
SRR10507659|k141_100950_1	siaM|siaM_22791_bv	100.0	279	0	0	1	279	110	388	2.1e-141	503.8
SRR10507659|k141_34718_3	SIAE|SIAE_61002_bv	100.0	519	0	0	1	519	1	519	0.0e+00	1088.9
SRR10507659|k141_1485_4	nanU|nanU_438235_bv	99.8	482	1	0	12	493	1	482	4.7e-285	981.9
SRR10507659|k141_34754_1	siaM|siaM_45857_bv	100.0	315	0	0	1	315	1	315	3.7e-166	586.3
SRR10507659|k141_34754_2	siaQ|siaQ_989_uniprot	57.1	161	69	0	3	163	6	166	1.4e-50	201.4
SRR10507659|k141_67888_110	SIAE|SIAE_76124_bv	99.8	477	1	0	1	477	1	477	4.9e-295	1015.0
SRR10507659|k141_34791_57	siaM|siaM_4626_bv	100.0	421	0	0	1	421	1	421	1.1e-226	787.7
SRR10507659|k141_34791_58	siaQ|siaQ_81209_bv	63.3	150	55	0	1	150	1	150	1.1e-47	191.8
SRR10507659|k141_1503_85	nanU|nanU_317574_bv	100.0	511	0	0	1	511	6	516	1.1e-308	1060.4
SRR10507659|k141_1503_93	nanU|nanU_497957_bv	75.7	486	117	1	11	496	2	486	2.4e-220	766.9
SRR10507659|k141_34799_31	nagA|nagA_33157_bv	99.5	384	2	0	1	384	1	384	5.2e-223	775.4
SRR10507659|k141_1536_2	nanU|nanU_118450_bv	42.4	594	289	16	1	584	1	551	7.1e-118	426.8
SRR10507659|k141_67981_24	neuA|neuA_13202_uniprot	100.0	217	0	0	1	217	1	217	2.3e-122	440.3
SRR10507659|k141_1587_6	siaM|siaM_2556_bv	100.0	431	0	0	1	431	1	431	1.4e-227	790.8
SRR10507659|k141_1587_7	siaQ|siaQ_967_uniprot	78.1	155	34	0	1	155	17	171	4.6e-64	246.1
SRR10507659|k141_101066_31	nanU|nanU_572409_bv	42.2	462	254	6	69	526	134	586	1.2e-97	359.4
SRR10507659|k141_101066_65	nanU|nanU_114568_bv	44.5	598	315	13	22	609	48	638	1.5e-142	508.8
SRR10507659|k141_101066_75	nanU|nanU_192445_bv	68.9	537	167	0	1	537	1	537	6.4e-235	815.5
SRR10507659|k141_34891_7	nanK|nanK_28066_bv	43.5	308	160	4	6	313	4	297	1.2e-60	235.7
SRR10507659|k141_34891_31	siaQ|siaQ_90918_bv	57.8	187	76	1	1	184	1	187	1.1e-48	195.3
SRR10507659|k141_34891_32	siaM|siaM_40897_bv	100.0	432	0	0	1	432	1	432	2.0e-234	813.5
SRR10507659|k141_101098_1	siaM|siaM_37282_bv	100.0	425	0	0	1	425	1	425	1.1e-221	771.2
SRR10507659|k141_101098_2	siaQ|siaQ_3500_bv	41.6	154	90	0	1	154	1	154	3.6e-27	123.6
SRR10507659|k141_101098_3	siaP|siaP_609442_bv	63.6	129	47	0	1	129	22	150	2.1e-38	160.6
SRR10507659|k141_101108_9	SIAE|SIAE_27145_refseq	100.0	267	0	0	1	267	2	268	6.3e-159	562.0
SRR10507659|k141_1660_3	nagB|nagB_7107_bv	100.0	240	0	0	1	240	1	240	7.5e-135	481.9
SRR10507659|k141_101128_8	nanU|nanU_422891_bv	99.4	489	3	0	14	502	21	509	1.9e-294	1013.1
SRR10507659|k141_68104_2	nagA|nagA_10834_uniprot	100.0	325	0	0	1	325	15	339	7.1e-189	661.8
SRR10507659|k141_1865_8	nanU|nanU_77815_bv	66.1	508	162	5	1	502	2	505	1.5e-190	667.9
SRR10507659|k141_68122_61	nanU|nanU_597991_bv	54.6	606	251	8	17	613	5	595	4.9e-191	669.8
SRR10507659|k141_101209_1	SIAE|SIAE_64173_bv	78.1	183	39	1	1	183	69	250	4.1e-85	316.2
SRR10507659|k141_35081_3	nagA|nagA_3071_refseq	99.0	386	4	0	1	386	1	386	4.2e-220	765.8
SRR10507659|k141_35081_74	neuB|neuB_26588_bv	64.3	269	95	1	72	340	1	268	6.8e-97	356.3
SRR10507659|k141_35081_75	neuA|neuA_25108_bv	49.2	244	103	1	1	223	1	244	4.9e-62	240.0
SRR10507659|k141_35088_7	nagB|nagB_37933_bv	100.0	243	0	0	1	243	1	243	3.5e-140	499.6
SRR10507659|k141_35135_18	nanK|nanK_7216_bv	41.3	310	169	5	12	318	4	303	1.7e-57	225.3
SRR10507659|k141_68222_18	siaT|siaT_43946_uniprot	100.0	427	0	0	1	427	1	427	8.8e-187	655.2
SRR10507659|k141_35196_5	nanU|nanU_30313_bv	100.0	540	0	0	1	540	1	540	0.0e+00	1130.9
SRR10507659|k141_2029_6	nanU|nanU_14675_bv	51.8	647	275	16	1	646	1	611	5.4e-180	633.3
SRR10507659|k141_101319_1	nagB|nagB_153266_bv	100.0	270	0	0	1	270	4	273	5.1e-156	552.4
SRR10507659|k141_68297_6	satD|WP_069102428.1	44.9	256	138	3	8	263	17	269	1.7e-57	225.3
SRR10507659|k141_68321_2	nagB|nagB_8888_bv	100.0	243	0	0	1	243	1	243	1.1e-138	494.6
SRR10507659|k141_101404_55	ompC|ompC_13184_bv	100.0	376	0	0	1	376	4	379	1.0e-218	761.1
SRR10507659|k141_35346_2	SIAE|SIAE_26822_refseq	88.8	205	23	0	1	205	1	205	1.5e-107	391.0
SRR10507659|k141_2211_2	SIAE|SIAE_25706_bv	99.4	691	4	0	1	691	4	694	0.0e+00	1433.3
SRR10507659|k141_2211_3	nanM|nanM_2289_bv	99.7	310	1	0	1	310	1	310	4.5e-185	649.4
SRR10507659|k141_101419_31	kpsM|kpsM_604_bv	47.4	285	143	2	5	289	2	279	4.3e-68	260.4
SRR10507659|k141_2248_2	nagA|nagA_58281_bv	98.7	375	5	0	1	375	17	391	6.1e-216	751.9
SRR10507659|k141_68344_43	nanU|nanU_115339_bv	56.0	641	271	5	4	644	3	632	1.2e-208	728.4
SRR10507659|k141_68344_101	nanU|nanU_638711_bv	92.7	593	43	0	1	593	1	593	0.0e+00	1146.0
SRR10507659|k141_68344_105	nanU|nanU_196140_bv	44.4	545	278	9	20	564	15	534	8.2e-124	446.4
SRR10507659|k141_35478_1	ompC|ompC_851_bv	100.0	314	0	0	1	314	76	389	3.7e-182	639.4
SRR10507659|k141_68391_8	nanU|nanU_481889_bv	99.3	428	3	0	1	428	2	429	7.3e-250	864.8
SRR10507659|k141_68398_21	siaP|siaP_241302_bv	53.9	282	130	0	76	357	3	284	1.5e-86	322.0
SRR10507659|k141_68398_23	siaM|siaM_18009_bv	100.0	426	0	0	1	426	1	426	6.9e-208	725.3
SRR10507659|k141_35555_4	siaP|siaP_590789_bv	61.6	307	118	0	36	342	23	329	1.8e-102	374.8
SRR10507659|k141_35555_5	siaM|siaM_87957_bv	100.0	425	0	0	1	425	1	425	6.8e-224	778.5
SRR10507659|k141_35572_2	nanU|nanU_38453_bv	54.6	577	244	6	17	581	25	595	2.3e-174	614.4
SRR10507659|k141_2387_16	nanK|nanK_575_uniprot	42.0	288	165	1	4	289	5	292	1.2e-65	252.3
SRR10507659|k141_2390_14	nanH|nanH_4619_bv	99.8	433	1	0	119	551	1	433	1.7e-262	907.1
SRR10507659|k141_68462_11	nagB|nagB_27789_bv	100.0	241	0	0	1	241	1	241	1.2e-135	484.6
SRR10507659|k141_68462_35	siaM|siaM_24306_bv	100.0	425	0	0	1	425	1	425	1.1e-221	771.2
SRR10507659|k141_68462_36	siaQ|siaQ_480775_bv	55.2	165	70	2	1	164	1	162	3.4e-37	157.1
SRR10507659|k141_68472_6	nanU|nanU_417678_bv	61.5	600	210	8	1	588	1	591	5.2e-214	746.1
SRR10507659|k141_35669_1	nanQ|nanQ_3291_bv	100.0	86	0	0	1	86	6	91	5.8e-45	181.8
SRR10507659|k141_101701_8	neuB|neuB_43323_bv	100.0	369	0	0	1	369	1	369	1.2e-203	711.1
SRR10507659|k141_35696_39	nanK|nanK_7216_bv	40.5	311	171	5	8	315	4	303	1.4e-56	222.2
SRR10507659|k141_35786_7	siaM|siaM_6755_bv	100.0	424	0	0	1	424	1	424	1.4e-213	744.2
SRR10507659|k141_35786_8	siaQ|siaQ_269984_bv	43.3	141	80	0	11	151	15	155	1.8e-20	101.3
SRR10507659|k141_2567_20	nanK|nanK_7216_bv	40.8	309	171	4	12	317	4	303	4.5e-58	227.3
SRR10507659|k141_68609_72	siaM|siaM_18803_bv	99.8	428	1	0	1	428	1	428	3.9e-227	789.3
SRR10507659|k141_68609_73	siaQ|siaQ_279603_bv	85.1	154	23	0	1	154	1	154	5.1e-68	259.2
SRR10507659|k141_68609_74	siaP|siaP_680327_bv	91.2	295	26	0	48	342	1	295	1.2e-154	548.1
SRR10507659|k141_35896_3	nagB|nagB_80253_bv	89.2	297	1	1	1	266	1	297	2.2e-148	526.9
SRR10507659|k141_35896_4	nagA|nagA_124467_bv	100.0	382	0	0	1	382	1	382	5.2e-223	775.4
SRR10507659|k141_68621_13	satD|WP_069102428.1	44.4	266	143	3	4	269	9	269	1.4e-59	232.3
SRR10507659|k141_2648_29	siaM|siaM_301121_bv	100.0	429	0	0	1	429	1	429	9.6e-226	784.6
SRR10507659|k141_2648_30	siaQ|siaQ_181445_bv	40.5	153	91	0	1	153	1	153	8.1e-24	112.5
SRR10507659|k141_2648_31	siaP|siaP_507068_bv	73.2	299	77	3	10	307	1	297	8.9e-113	409.1
SRR10507659|k141_68671_3	nagB|nagB_3399_bv	99.6	229	1	0	1	229	38	266	1.4e-130	467.6
SRR10507659|k141_101919_25	siaM|siaM_6131_bv	100.0	428	0	0	1	428	1	428	9.0e-224	778.1
SRR10507659|k141_101919_27	siaP|siaP_42431_bv	43.3	321	180	2	36	354	20	340	1.5e-70	268.9
SRR10507659|k141_2721_3	neuD|neuD_9392_uniprot	99.1	215	2	0	1	215	1	215	6.1e-120	432.2
SRR10507659|k141_36028_2	nanC|nanC_3033_bv	49.4	245	109	1	1	245	4	233	1.1e-69	265.4
SRR10507659|k141_68756_4	siaT|siaT_55802_uniprot	100.0	429	0	0	1	429	1	429	2.8e-233	809.7
SRR10507659|k141_68756_9	siaP|siaP_108089_bv	45.7	245	132	1	95	338	1	245	1.3e-55	219.2
SRR10507659|k141_2829_2	nanA|nanA_8813_uniprot	53.8	104	48	0	8	111	4	107	3.9e-22	106.3
SRR10507659|k141_102085_1	nanU|nanU_46717_bv	48.3	470	196	10	1	467	141	566	1.7e-114	415.2
SRR10507659|k141_102095_2	nanK|nanK_17845_bv	40.0	275	158	6	10	281	3	273	1.8e-47	191.8
SRR10507659|k141_2871_1	kpsD|kpsD_1302_bv	54.9	601	266	3	1	601	202	797	4.9e-191	669.8
SRR10507659|k141_36160_1	SIAE|SIAE_12334_uniprot	100.0	367	0	0	1	367	142	508	5.7e-227	788.5
SRR10507659|k141_68871_96	SIAE|SIAE_1393_bv	100.0	473	0	0	1	473	1	473	2.0e-288	993.0
SRR10507659|k141_36267_4	nanE|nanE_7222_bv	98.7	233	3	0	1	233	1	233	1.3e-128	461.1
SRR10507659|k141_36273_1	satD|MER1996714.1	46.0	226	122	0	3	228	8	233	1.0e-53	212.2
SRR10507659|k141_36273_5	satB|MCD6321403.1	40.6	315	176	2	1	315	1	304	2.7e-63	244.6
SRR10507659|k141_68900_1	siaP|siaP_471425_bv	60.6	259	92	1	3	261	1	249	5.5e-83	309.7
SRR10507659|k141_36312_2	nanQ|nanQ_2508_uniprot	100.0	149	0	0	1	149	1	149	1.2e-82	307.8
SRR10507659|k141_36321_2	siaP|siaP_237435_bv	99.6	255	1	0	85	339	1	255	2.0e-149	530.8
SRR10507659|k141_36321_3	siaQ|siaQ_957_uniprot	100.0	160	0	0	1	160	1	160	6.4e-90	332.0
SRR10507659|k141_36321_4	siaM|siaM_42530_bv	100.0	423	0	0	1	423	1	423	1.6e-220	767.3
SRR10507659|k141_36321_33	satD|WP_191808624.1	46.6	262	139	1	3	264	5	265	3.0e-65	251.1
SRR10507659|k141_36321_34	satB|HTD47004.1	40.1	314	185	2	1	313	1	312	3.3e-58	227.6
SRR10507659|k141_102347_21	nanR|nanR_6423_uniprot	51.4	214	104	0	9	222	4	217	5.5e-55	216.5
SRR10507659|k141_3225_30	nanU|nanU_525574_bv	82.4	562	98	1	19	580	5	565	2.0e-287	989.9
SRR10507659|k141_69019_21	satB|WP_239380709.1	41.9	320	177	2	1	319	1	312	2.9e-49	198.0
SRR10507659|k141_102416_7	nanU|nanU_623982_bv	70.3	556	164	1	9	564	2	556	9.7e-242	838.2
SRR10507659|k141_69056_2	nanU|nanU_338125_bv	44.2	579	290	10	3	571	4	559	9.1e-131	469.5
SRR10507659|k141_69135_1	nagA|nagA_2842_bv	99.7	296	1	0	13	308	1	296	2.0e-175	617.1
SRR10507659|k141_102503_4	kpsD|kpsD_8145_bv	97.6	248	6	0	1	248	1	248	6.8e-131	468.8
SRR10507659|k141_102511_10	nanU|nanU_3173_bv	100.0	481	0	0	1	481	1	481	2.7e-285	982.6
SRR10507659|k141_102574_1	satB|WP_263079827.1	54.2	251	115	0	1	251	57	307	7.8e-74	279.3
SRR10507659|k141_36619_9	nanR|nanR_6426_uniprot	47.4	228	120	0	1	228	59	286	4.4e-52	206.8
SRR10507659|k141_3311_59	nanQ|nanQ_902_bv	100.0	149	0	0	1	149	1	149	6.0e-82	305.4
SRR10507659|k141_69253_22	nagB|nagB_18974_bv	100.0	238	0	0	1	238	1	238	3.1e-133	476.5
SRR10507659|k141_3350_2	satD|WP_162320857.1	40.5	195	108	6	10	199	25	216	3.5e-25	117.5
SRR10507659|k141_3355_1	nagB|nagB_10676_bv	98.0	205	4	0	1	205	19	223	1.6e-114	414.1
SRR10507659|k141_3359_10	nanE|nanE_3547_bv	100.0	228	0	0	1	228	1	228	1.1e-124	448.0
SRR10507659|k141_3359_11	nanA|nanA_30477_bv	99.7	305	1	0	1	305	1	305	3.0e-173	609.8
SRR10507659|k141_3359_13	nanQ|nanQ_7137_uniprot	99.3	151	1	0	1	151	1	151	3.1e-86	319.7
SRR10507659|k141_3359_14	nanK|nanK_17982_bv	99.6	234	1	0	1	234	1	234	5.1e-133	476.1
SRR10507659|k141_102721_1	nanK|nanK_28066_bv	43.3	305	158	6	7	311	5	294	3.6e-52	207.6
SRR10507659|k141_36762_2	nanE|nanE_18846_bv	100.0	236	0	0	1	236	4	239	1.5e-132	474.2
SRR10507659|k141_69550_3	satD|ODT68859.1	40.4	223	127	6	22	238	37	259	7.8e-30	133.3
SRR10507659|k141_36898_5	nanU|nanU_599246_bv	74.2	337	87	0	4	340	106	442	2.3e-145	517.3
SRR10507659|k141_102881_10	nanU|nanU_601240_bv	50.3	584	258	13	9	571	4	576	2.8e-156	554.3
SRR10507659|k141_102881_12	nanU|nanU_350874_bv	50.8	597	270	8	1	584	1	586	5.6e-160	566.6
SRR10507659|k141_36905_39	nanU|nanU_459495_bv	45.6	540	273	9	1	536	1	523	9.8e-127	456.1
SRR10507659|k141_36905_48	nanU|nanU_168364_bv	41.8	570	279	15	1	553	3	536	6.0e-111	403.7
SRR10507659|k141_69657_2	siaP|siaP_139005_bv	75.5	314	77	0	42	355	26	339	4.2e-134	479.9
SRR10507659|k141_69657_4	siaM|siaM_240009_bv	99.8	422	1	0	1	422	1	422	2.6e-207	723.4
SRR10507659|k141_102916_5	nanU|nanU_332844_bv	71.9	516	133	2	1	515	10	514	1.4e-231	804.3
SRR10507659|k141_69681_9	nanU|nanU_403585_bv	90.0	561	41	2	2	547	1	561	2.3e-301	1036.2
SRR10507659|k141_103021_3	SIAE|SIAE_77228_bv	98.6	490	7	0	1	490	1	490	4.6e-293	1008.8
SRR10507659|k141_69773_3	siaQ|siaQ_567565_bv	100.0	156	0	0	1	156	1	156	2.1e-77	290.4
SRR10507659|k141_69773_4	siaM|siaM_17427_bv	100.0	339	0	0	1	339	1	339	3.6e-167	589.7
SRR10507659|k141_103065_1	nanK|nanK_12783_bv	74.8	115	29	0	1	115	23	137	7.6e-45	181.8
SRR10507659|k141_69873_15	nanK|nanK_7216_bv	40.5	309	172	4	12	317	4	303	2.2e-57	224.9
SRR10507659|k141_37044_3	nanH|nanH_5497_bv	98.7	317	4	0	1	317	53	369	2.9e-187	656.4
SRR10507659|k141_103154_4	nanU|nanU_403585_bv	81.2	576	91	3	4	577	1	561	1.5e-282	973.8
SRR10507659|k141_37116_125	nanR|nanR_6423_uniprot	48.6	214	110	0	9	222	4	217	1.3e-51	205.3
SRR10507659|k141_69988_35	nanU|nanU_231159_bv	61.9	499	180	5	14	506	4	498	1.3e-176	621.7
SRR10507659|k141_69988_54	nanU|nanU_203565_bv	99.8	450	1	0	14	463	1	450	1.3e-263	910.6
SRR10507659|k141_103340_2	satD|WP_242721802.1	43.4	258	135	4	6	256	19	272	3.0e-51	204.5
SRR10507659|k141_70067_1	nanK|nanK_6697_bv	55.6	248	109	1	1	247	36	283	3.4e-69	263.8
SRR10507659|k141_4193_5	SIAE|SIAE_613_bv	100.0	468	0	0	1	468	1	468	1.7e-284	979.9
SRR10507659|k141_4198_1	siaP|siaP_233095_bv	99.4	155	1	0	1	155	1	155	3.8e-83	309.7
SRR10507659|k141_103442_2	nanK|nanK_28066_bv	43.6	312	161	4	3	314	1	297	4.2e-61	237.3
SRR10507659|k141_70135_3	satD|NKY23514.1	46.1	258	138	1	6	263	20	276	3.4e-58	227.6
SRR10507659|k141_70139_12	satD|NKY23514.1	44.6	258	142	1	6	263	20	276	3.2e-56	221.1
SRR10507659|k141_4302_1	nanU|nanU_224302_bv	94.6	426	23	0	26	451	1	426	2.5e-240	833.2
SRR10507659|k141_4412_9	nanU|nanU_601173_bv	99.1	562	5	0	1	562	12	573	0.0e+00	1148.3
SRR10507659|k141_37477_1	siaP|siaP_392175_bv	83.2	149	10	1	10	158	1	134	1.3e-63	244.6
SRR10507659|k141_37477_3	siaQ|siaQ_366544_bv	100.0	168	0	0	1	168	1	168	2.8e-88	326.6
SRR10507659|k141_103717_7	nanE|nanE_6749_bv	100.0	249	0	0	1	249	1	249	1.6e-143	510.8
SRR10507659|k141_37645_7	nanQ|nanQ_1638_uniprot	100.0	155	0	0	1	155	1	155	1.6e-85	317.4
SRR10507659|k141_103763_18	siaM|siaM_9939_bv	99.8	426	1	0	1	426	1	426	1.5e-226	787.3
SRR10507659|k141_37650_5	nanK|nanK_40_bv	63.4	314	113	2	1	313	1	313	9.3e-109	395.6
SRR10507659|k141_4634_1	SIAE|SIAE_14671_refseq	99.8	442	1	0	45	486	1	442	5.3e-265	915.2
SRR10507659|k141_37687_2	satB|WP_292596291.1	40.7	307	182	0	6	312	6	312	3.2e-61	237.7
SRR10507659|k141_4714_3	satB|WP_263079827.1	47.7	306	160	0	1	306	1	306	1.4e-77	292.0
SRR10507659|k141_37817_1	kpsM|kpsM_245_uniprot	59.2	206	84	0	1	206	43	248	8.9e-60	232.3
SRR10507659|k141_4774_39	nanU|nanU_587755_bv	98.7	454	6	0	46	499	1	454	9.4e-273	941.0
SRR10507659|k141_4778_3	nanU|nanU_339340_bv	43.5	503	249	13	1	484	81	567	3.0e-98	361.3
SRR10507659|k141_37942_1	satD|GAB3535684.1	41.5	193	109	4	3	191	49	241	2.3e-30	134.4
SRR10507659|k141_4851_28	nanQ|nanQ_7778_uniprot	100.0	148	0	0	1	148	1	148	9.2e-83	308.1
SRR10507659|k141_4851_32	nanU|nanU_353922_bv	70.3	539	153	4	1	537	1	534	3.4e-228	793.1
SRR10507659|k141_4865_2	siaM|siaM_91792_bv	100.0	446	0	0	1	446	1	446	1.0e-241	837.8
SRR10507659|k141_4865_3	siaQ|siaQ_238004_bv	77.3	185	42	0	1	185	1	185	9.0e-79	295.4
SRR10507659|k141_4865_4	siaP|siaP_155517_bv	64.5	310	110	0	41	350	1	310	1.2e-125	451.8
SRR10507659|k141_104198_11	satD|WP_062009075.1	40.1	212	119	4	16	220	33	243	2.7e-30	134.4
SRR10507659|k141_4870_17	nanU|nanU_430414_bv	45.6	616	298	10	24	630	24	611	5.9e-147	523.5
SRR10507659|k141_4870_86	nanU|nanU_28472_bv	40.4	606	301	12	15	612	13	566	1.0e-119	433.0
SRR10507659|k141_4870_156	nanU|nanU_485165_bv	52.7	562	245	11	6	563	8	552	3.5e-159	563.9
SRR10507659|k141_4870_158	nanU|nanU_179674_bv	43.1	620	305	12	9	609	10	600	5.2e-132	473.8
SRR10507659|k141_70945_72	neuA|neuA_46098_bv	81.7	186	25	2	51	227	26	211	9.1e-82	305.4
SRR10507659|k141_70945_76	neuB|neuB_19920_bv	48.2	340	166	1	7	336	20	359	2.4e-86	321.2
SRR10507659|k141_70996_2	satD|WP_144591788.1	40.0	205	118	4	17	216	31	235	1.0e-24	115.9
SRR10507659|k141_104259_66	kpsD|kpsD_6685_bv	69.5	788	229	5	36	814	13	798	0.0e+00	1087.4
SRR10507659|k141_104259_147	nagA|nagA_939_bv	100.0	386	0	0	1	386	1	386	2.9e-221	769.6
SRR10507659|k141_104259_148	nagA|nagA_3982_bv	100.0	388	0	0	1	388	1	388	1.8e-223	776.9
SRR10507659|k141_104259_153	nanU|nanU_181331_bv	77.1	533	117	1	8	540	1	528	8.3e-251	868.2
SRR10507659|k141_104279_6	ompF|ompF_2254_bv	64.6	387	110	3	1	360	1	387	1.1e-134	481.9
SRR10507659|k141_38160_3	siaM|siaM_98681_bv	100.0	429	0	0	1	429	1	429	6.7e-227	788.5
SRR10507659|k141_38160_4	siaQ|siaQ_151783_bv	94.1	169	10	0	1	169	1	169	2.5e-84	313.5
SRR10507659|k141_38160_5	siaP|siaP_685834_bv	73.6	303	80	0	68	370	24	326	4.7e-128	459.9
SRR10507659|k141_71104_4	nanQ|nanQ_4507_uniprot	93.3	150	10	0	1	150	1	150	4.8e-79	295.8
SRR10507659|k141_71104_5	satD|WP_150381745.1	47.9	219	113	1	1	219	53	270	2.0e-54	214.9
SRR10507659|k141_38180_2	satD|WP_058234849.1	42.3	215	112	7	21	227	39	249	1.8e-30	135.2
SRR10507659|k141_71117_3	kpsD|kpsD_1302_bv	52.9	801	371	4	3	802	2	797	4.3e-243	843.2
SRR10507659|k141_38197_2	kpsD|kpsD_10761_bv	99.8	490	1	0	116	605	2	491	8.7e-273	941.4
SRR10507659|k141_38197_3	kpsE|kpsE_7134_bv	54.6	372	166	2	25	393	14	385	1.0e-101	372.5
SRR10507659|k141_38197_4	kpsT|kpsT_34_bv	100.0	221	0	0	1	221	1	221	9.3e-124	444.9
SRR10507659|k141_38197_5	kpsM|kpsM_234_bv	50.2	253	126	0	1	253	9	261	8.2e-63	242.7
SRR10507659|k141_71151_1	siaP|siaP_324613_bv	54.6	207	93	1	69	274	27	233	1.2e-56	222.2
SRR10507659|k141_38324_1	nanK|nanK_22396_bv	43.6	314	177	0	6	319	3	316	4.9e-73	276.9
SRR10507659|k141_38324_2	nanE|nanE_1080_bv	100.0	246	0	0	1	246	1	246	1.5e-143	510.8
SRR10507659|k141_5053_44	nanU|nanU_551912_bv	48.0	583	286	9	14	585	4	580	6.9e-150	533.1
SRR10507659|k141_71383_6	nanK|nanK_40_bv	55.2	315	138	3	3	316	1	313	8.6e-94	345.9
SRR10507659|k141_38338_47	nanU|nanU_53127_bv	52.1	532	238	6	8	536	15	532	2.7e-164	580.9
SRR10507659|k141_38338_99	nanU|nanU_69728_bv	99.0	516	5	0	1	516	1	516	1.9e-305	1049.7
SRR10507659|k141_71436_27	nanU|nanU_170163_bv	48.4	578	281	9	3	579	2	563	1.5e-144	515.4
SRR10507659|k141_5222_7	satB|HQY31891.1	40.9	323	175	4	1	317	1	313	7.5e-58	226.5
SRR10507659|k141_38416_34	satB|MFN4189717.1	43.8	304	170	1	1	304	1	303	6.5e-67	256.5
SRR10507659|k141_38416_37	satD|WP_005389043.1	47.3	260	132	1	10	264	3	262	2.8e-61	238.0
SRR10507659|k141_71525_22	nanK|nanK_40_bv	50.5	313	153	2	4	315	2	313	1.8e-88	328.2
SRR10507659|k141_71525_86	satD|WP_204532512.1	40.1	269	154	4	3	269	2	265	1.1e-48	196.1
SRR10507659|k141_5351_1	SIAE|SIAE_26822_refseq	87.3	244	31	0	1	244	35	278	4.3e-125	449.5
SRR10507659|k141_104809_4	nanA|nanA_8656_uniprot	53.8	80	37	0	1	80	1	80	1.6e-17	90.9
SRR10507659|k141_71540_23	nanU|nanU_253799_bv	99.5	577	3	0	12	588	1	577	0.0e+00	1209.1
SRR10507659|k141_38583_35	SIAE|SIAE_14671_refseq	83.6	440	71	1	70	509	10	448	3.0e-225	783.5
SRR10507659|k141_5532_1	nanU|nanU_247095_bv	50.8	356	158	7	4	356	127	468	1.6e-88	328.6
SRR10507659|k141_5565_6	siaM|siaM_140959_bv	100.0	430	0	0	1	430	1	430	2.4e-224	780.0
SRR10507659|k141_5565_7	siaQ|siaQ_69150_bv	99.4	160	1	0	1	160	1	160	6.9e-84	312.0
SRR10507659|k141_71596_6	siaP|siaP_690391_bv	49.5	307	155	0	68	374	25	331	9.4e-84	312.8
SRR10507659|k141_71596_7	siaQ|siaQ_184336_bv	94.1	169	10	0	1	169	1	169	1.1e-84	314.7
SRR10507659|k141_71596_8	siaM|siaM_47611_bv	100.0	433	0	0	1	433	1	433	4.9e-185	649.4
SRR10507659|k141_38703_1	siaP|siaP_149636_bv	71.0	62	18	0	1	62	19	80	2.8e-20	99.4
SRR10507659|k141_5747_13	satD|WP_400504934.1	40.9	264	156	0	1	264	1	264	2.4e-59	231.5
SRR10507659|k141_5747_41	satB|MFN4189717.1	47.4	304	159	1	1	304	1	303	6.3e-78	293.1
SRR10507659|k141_5747_44	satD|WP_066299715.1	47.7	256	133	1	5	260	11	265	8.0e-63	243.0
SRR10507659|k141_71776_16	neuA|neuA_21195_uniprot	100.0	216	0	0	1	216	1	216	1.1e-124	448.0
SRR10507659|k141_38884_3	nanU|nanU_178026_bv	51.3	565	254	12	1	553	1	556	5.3e-152	540.0
SRR10507659|k141_5753_57	nanU|nanU_24278_bv	56.0	500	207	6	1	490	1	497	1.7e-157	558.1
SRR10507659|k141_5753_74	nanU|nanU_18239_bv	100.0	576	0	0	1	576	1	576	0.0e+00	1193.3
SRR10507659|k141_71865_2	satD|MBP8920704.1	40.5	210	112	6	1	203	51	254	2.3e-26	121.3
SRR10507659|k141_71879_9	SIAE|SIAE_32906_refseq	100.0	277	0	0	1	277	1	277	3.6e-165	582.8
SRR10507659|k141_105189_2	nanU|nanU_534055_bv	43.8	509	265	13	9	508	5	501	3.6e-102	374.4
SRR10507659|k141_38968_9	nanU|nanU_140902_bv	99.6	489	2	0	1	489	1	489	2.5e-294	1012.7
SRR10507659|k141_105279_2	siaP|siaP_644031_bv	67.9	237	76	0	99	335	1	237	1.3e-92	342.0
SRR10507659|k141_105279_4	siaM|siaM_575017_bv	100.0	431	0	0	1	431	1	431	3.9e-227	789.3
SRR10507659|k141_105279_5	siaQ|siaQ_989_uniprot	77.8	171	38	0	1	171	1	171	1.7e-72	274.2
SRR10507659|k141_39069_21	nagB|nagB_3155_bv	100.0	270	0	0	1	270	1	270	7.8e-157	555.1
SRR10507659|k141_105331_1	siaP|siaP_263256_bv	66.7	150	50	0	1	150	42	191	1.9e-55	217.6
SRR10507659|k141_105400_1	satD|WP_278012708.1	50.7	215	105	1	5	219	28	241	5.3e-55	216.5
SRR10507659|k141_72177_3	nanQ|nanQ_6125_uniprot	98.7	159	2	0	1	159	1	159	2.2e-82	307.0
SRR10507659|k141_72219_8	satD|WP_141355403.1	40.4	230	126	7	18	239	33	259	1.8e-30	135.2
SRR10507659|k141_39232_1	siaP|siaP_438286_bv	51.5	303	137	3	81	381	34	328	2.9e-88	327.8
SRR10507659|k141_6120_2	kpsT|kpsT_10521_bv	53.1	207	96	1	12	217	39	245	4.2e-60	233.4
SRR10507659|k141_72265_1	nanU|nanU_633962_bv	78.2	523	112	2	7	528	1	522	2.0e-241	837.0
SRR10507659|k141_72275_3	nanK|nanK_707_uniprot	55.3	349	154	1	51	397	3	351	2.2e-107	391.3
SRR10507659|k141_6184_7	nanU|nanU_340690_bv	42.9	510	265	12	9	506	1	496	1.3e-104	382.5
SRR10507659|k141_6184_11	nanU|nanU_348447_bv	72.0	533	144	2	4	536	1	528	4.1e-234	812.8
SRR10507659|k141_105614_9	nanU|nanU_288776_bv	40.2	577	309	12	4	573	5	552	3.5e-114	414.5
SRR10507659|k141_6310_16	satD|WP_339984707.1	45.1	226	118	3	23	243	33	257	4.5e-45	183.7
SRR10507659|k141_6334_2	nagA|nagA_42482_bv	99.7	391	1	0	1	391	1	391	3.9e-226	785.8
SRR10507659|k141_6337_2	siaQ|siaQ_466239_bv	47.1	119	63	0	7	125	6	124	1.5e-25	117.9
SRR10507659|k141_72367_33	nanU|nanU_277433_bv	99.1	528	5	0	54	581	1	528	0.0e+00	1095.1
SRR10507659|k141_72396_10	nanU|nanU_160383_bv	45.5	488	258	4	2	485	3	486	1.8e-111	405.2
SRR10507659|k141_6388_3	nagB|nagB_195940_bv	96.9	261	8	0	1	261	1	261	1.9e-144	513.8
SRR10507659|k141_39464_18	nanU|nanU_619586_bv	57.4	498	205	5	10	505	1	493	2.2e-160	567.8
SRR10507659|k141_39464_59	nanU|nanU_96286_bv	41.1	545	291	13	2	522	3	541	4.6e-113	410.6
SRR10507659|k141_39464_79	nanU|nanU_563802_bv	98.9	525	6	0	1	525	1	525	0.0e+00	1102.0
SRR10507659|k141_39464_94	nanU|nanU_534055_bv	43.4	603	317	12	10	595	1	596	5.8e-128	460.3
SRR10507659|k141_72411_4	nanE|nanE_34670_bv	100.0	236	0	0	17	252	1	236	9.0e-131	468.4
SRR10507659|k141_39515_20	satD|WP_105569089.1	41.1	241	136	4	9	243	19	259	9.3e-40	166.0
SRR10507659|k141_6486_1	siaP|siaP_693105_bv	57.8	218	92	0	1	218	65	282	1.7e-64	248.1
SRR10507659|k141_6494_2	nanH|nanH_20964_bv	90.0	399	40	0	143	541	1	399	1.1e-213	745.0
SRR10507659|k141_72589_1	kpsD|kpsD_1302_bv	54.0	779	352	4	10	787	24	797	3.5e-242	840.1
SRR10507659|k141_72631_3	satD|WP_223944689.1	45.5	268	146	0	1	268	1	268	2.8e-63	244.6
SRR10507659|k141_105857_2	nanK|nanK_24160_bv	41.7	302	164	4	6	307	5	294	1.1e-58	229.2
SRR10507659|k141_72643_3	satD|WP_223944689.1	46.5	269	142	2	1	268	1	268	2.8e-63	244.6
SRR10507659|k141_6568_2	nanU|nanU_650163_bv	95.6	497	22	0	1	497	2	498	2.6e-283	976.1
SRR10507659|k141_39605_44	nanU|nanU_86622_bv	57.0	525	211	7	1	520	1	515	6.7e-165	582.8
SRR10507659|k141_6590_4	satB|OPL08662.1	44.4	311	165	1	1	311	1	303	2.6e-66	254.6
SRR10507659|k141_6590_8	satD|WP_245637405.1	47.8	245	123	3	22	263	30	272	2.4e-59	231.5
SRR10507659|k141_105934_1	nanE|nanE_14504_bv	98.7	150	2	0	1	150	4	153	3.9e-81	302.8
SRR10507659|k141_39698_3	siaM|siaM_38989_bv	100.0	429	0	0	1	429	1	429	6.5e-222	771.9
SRR10507659|k141_72773_1	nanE|nanE_3909_bv	100.0	235	0	0	10	244	1	235	7.4e-130	465.3
SRR10507659|k141_72773_2	nanQ|nanQ_1126_uniprot	100.0	154	0	0	1	154	1	154	1.1e-89	331.3
SRR10507659|k141_72773_3	nanK|nanK_13309_bv	62.9	256	95	0	38	293	3	258	5.3e-90	333.2
SRR10507659|k141_105939_64	nanU|nanU_284317_bv	100.0	481	0	0	1	481	4	484	6.2e-282	971.5
SRR10507659|k141_6685_2	nanU|nanU_574169_bv	95.1	529	26	0	1	529	1	529	1.3e-304	1047.0
SRR10507659|k141_39761_8	nanU|nanU_363656_bv	62.4	593	206	8	1	590	1	579	5.2e-206	719.5
SRR10507659|k141_72785_6	nanR|nanR_1411_uniprot	49.2	480	239	4	1	477	1	478	3.4e-118	427.6
SRR10507659|k141_106048_12	siaP|siaP_126597_bv	57.1	240	103	0	91	330	1	240	1.5e-80	302.0
SRR10507659|k141_106048_13	siaQ|siaQ_11754_bv	100.0	165	0	0	1	165	1	165	7.6e-86	318.5
SRR10507659|k141_106048_14	siaM|siaM_292020_bv	100.0	435	0	0	1	435	1	435	4.3e-213	742.7
SRR10507659|k141_39877_1	nanU|nanU_210277_bv	63.6	440	154	3	1	434	81	520	6.2e-172	605.9
SRR10507659|k141_39903_1	satD|WP_329862083.1	41.4	222	123	6	16	231	36	256	1.8e-30	135.2
SRR10507659|k141_106108_7	nanU|nanU_381708_bv	46.4	539	274	7	24	559	21	547	2.1e-132	474.9
SRR10507659|k141_6861_1	nagA|nagA_29071_bv	100.0	337	0	0	1	337	1	337	1.1e-197	691.0
SRR10507659|k141_6861_2	nagB|nagB_23399_bv	100.0	178	0	0	1	178	64	241	3.2e-98	359.8
SRR10507659|k141_6878_10	nagB|nagB_61179_bv	100.0	241	0	0	1	241	1	241	8.3e-134	478.4
SRR10507659|k141_39997_7	neuB|neuB_4379_bv	100.0	352	0	0	1	352	1	352	1.8e-206	720.3
SRR10507659|k141_106151_11	nanK|nanK_4445_bv	58.5	294	121	1	1	294	1	293	7.3e-95	349.4
SRR10507659|k141_73075_1	satD|WP_445507519.1	45.7	230	105	4	3	215	8	234	9.2e-45	182.6
SRR10507659|k141_73086_1	SIAE|SIAE_11039_refseq	55.0	342	151	3	1	339	8	349	4.7e-110	400.2
SRR10507659|k141_40071_4	nanU|nanU_352498_bv	99.4	544	3	0	1	544	3	546	0.0e+00	1133.2
SRR10507659|k141_106209_2	siaQ|siaQ_811_uniprot	41.1	141	83	0	20	160	1	141	3.5e-27	123.6
SRR10507659|k141_40306_19	nanU|nanU_273398_bv	99.8	543	1	0	1	543	1	543	0.0e+00	1125.5
SRR10507659|k141_7207_3	siaM|siaM_16046_bv	100.0	435	0	0	1	435	1	435	2.1e-228	793.5
SRR10507659|k141_7207_4	siaQ|siaQ_59279_bv	100.0	167	0	0	1	167	1	167	6.5e-85	315.5
SRR10507659|k141_7207_5	siaP|siaP_99094_bv	83.7	245	40	0	95	339	1	245	1.2e-114	415.2
SRR10507659|k141_106468_11	nagA|nagA_19238_bv	100.0	381	0	0	1	381	1	381	2.3e-226	786.6
SRR10507659|k141_73259_2	satD|WP_081170876.1	44.0	257	141	3	4	260	24	277	2.3e-54	214.9
SRR10507659|k141_106611_2	satD|WP_227924124.1	43.7	268	146	3	5	272	4	266	8.3e-58	226.5
SRR10507659|k141_40497_22	siaM|siaM_11737_bv	100.0	428	0	0	1	428	1	428	2.1e-220	766.9
SRR10507659|k141_40497_24	siaP|siaP_363964_bv	75.0	312	78	0	52	363	23	334	2.1e-136	487.6
SRR10507659|k141_40530_2	nanA|nanA_80243_refseq	42.2	135	78	0	19	153	11	145	2.3e-28	127.5
SRR10507659|k141_40576_3	satD|WP_136640697.1	44.4	259	138	2	2	255	4	261	2.2e-57	224.9
SRR10507659|k141_7423_2	siaM|siaM_38985_bv	100.0	427	0	0	1	427	1	427	5.4e-221	768.8
SRR10507659|k141_7423_3	siaQ|siaQ_175057_bv	77.9	163	36	0	1	163	1	163	4.5e-67	256.1
SRR10507659|k141_106742_1	siaM|siaM_47036_bv	100.0	328	0	0	1	328	1	328	8.3e-169	595.1
SRR10507659|k141_106742_2	siaQ|siaQ_11850_bv	96.4	166	6	0	1	166	1	166	2.5e-81	303.5
SRR10507659|k141_40675_3	nanU|nanU_437265_bv	86.3	498	67	1	16	512	1	498	1.6e-256	887.1
SRR10507659|k141_7562_3	siaM|siaM_10743_bv	100.0	433	0	0	1	433	1	433	6.7e-227	788.5
SRR10507659|k141_7562_6	nanR|nanR_1645_uniprot	100.0	247	0	0	1	247	1	247	3.0e-139	496.5
SRR10507659|k141_7562_11	nagA|nagA_1833_bv	100.0	379	0	0	1	379	1	379	9.7e-222	771.2
SRR10507659|k141_7562_24	kpsM|kpsM_209_bv	48.1	270	137	2	5	271	8	277	3.4e-67	257.3
SRR10507659|k141_7621_3	satD|WP_325790735.1	44.1	256	136	2	5	254	10	264	8.9e-61	236.1
SRR10507659|k141_106844_27	siaM|siaM_42858_bv	100.0	432	0	0	1	432	1	432	8.0e-220	765.0
SRR10507659|k141_106844_28	siaQ|siaQ_809_uniprot	100.0	176	0	0	1	176	1	176	1.7e-96	354.0
SRR10507659|k141_106844_29	siaP|siaP_65744_bv	75.5	351	78	1	1	351	1	343	5.1e-148	526.2
SRR10507659|k141_41003_19	satD|WP_440292989.1	40.1	207	103	6	1	192	5	205	1.3e-28	128.6
SRR10507659|k141_73704_150	nanU|nanU_415551_bv	59.4	436	174	2	1	436	4	436	2.2e-145	517.7
SRR10507659|k141_7846_2	SIAE|SIAE_16573_refseq	99.3	287	2	0	1	287	1	287	2.0e-166	587.0
SRR10507659|k141_73816_2	nanU|nanU_189451_bv	72.4	496	135	1	10	505	12	505	6.0e-219	762.3
SRR10507659|k141_107161_1	siaP|siaP_762788_bv	71.4	210	60	0	1	210	35	244	1.9e-85	317.8
SRR10507659|k141_41235_7	nanQ|nanQ_830_uniprot	100.0	151	0	0	1	151	1	151	2.2e-68	260.4
SRR10507659|k141_73945_5	nanU|nanU_69323_bv	41.1	581	302	16	10	577	3	556	1.2e-109	399.4
SRR10507659|k141_8029_8	satD|WP_179899760.1	50.6	241	117	2	22	262	29	267	2.2e-60	235.0
SRR10507659|k141_8029_11	satB|MCC6703501.1	45.2	312	171	0	1	312	1	312	1.9e-69	265.0
SRR10507659|k141_107293_1	satD|WP_010849243.1	41.4	186	105	2	14	197	23	206	1.6e-26	121.7
SRR10507659|k141_41406_1	nanU|nanU_521083_bv	42.6	387	196	8	1	380	81	448	2.2e-72	275.0
SRR10507659|k141_107403_1	satB|MCL2228095.1	51.6	277	134	0	1	277	31	307	1.6e-78	295.0
SRR10507659|k141_74107_2	satD|WP_311409408.1	40.4	213	120	6	21	227	33	244	8.7e-30	132.9
SRR10507659|k141_107514_2	nagB|nagB_13069_bv	71.4	241	69	0	1	241	1	241	1.1e-96	355.1
SRR10507659|k141_107514_3	nanK|nanK_27932_bv	42.8	278	159	0	2	279	33	310	1.6e-65	251.9
SRR10507659|k141_41512_2	satB|MCL2228095.1	54.0	226	103	1	1	226	1	225	3.7e-59	230.3
SRR10507659|k141_41555_4	nagA|nagA_32282_bv	100.0	376	0	0	1	376	1	376	4.2e-217	755.7
SRR10507659|k141_74193_2	nanU|nanU_415551_bv	59.1	411	167	1	7	417	1	410	5.3e-136	486.5
SRR10507659|k141_8230_5	nanU|nanU_566340_bv	67.7	575	178	5	1	571	1	571	8.0e-228	792.0
SRR10507659|k141_74250_1	satB|HUX88249.1	43.8	267	148	1	4	270	49	313	6.2e-53	209.9
SRR10507659|k141_107552_3	nanU|nanU_628049_bv	62.2	510	189	2	1	508	1	508	2.9e-189	663.7
SRR10507659|k141_107566_1	nanA|nanA_783_bv	100.0	297	0	0	1	297	11	307	4.9e-168	592.4
SRR10507659|k141_8240_7	nanU|nanU_24278_bv	85.1	497	74	0	1	497	1	497	1.4e-260	900.6
SRR10507659|k141_8240_21	nanU|nanU_428403_bv	69.7	492	149	0	3	494	4	495	6.2e-208	725.7
SRR10507659|k141_8245_2	nagB|nagB_123893_bv	100.0	246	0	0	1	246	1	246	2.5e-141	503.4
SRR10507659|k141_74304_9	nanU|nanU_73051_bv	92.2	485	38	0	12	496	3	487	3.2e-273	942.6
SRR10507659|k141_41560_18	nanU|nanU_496863_bv	41.8	440	227	10	56	486	7	426	2.2e-80	302.0
SRR10507659|k141_41560_100	nanU|nanU_379400_bv	40.8	584	300	18	18	594	6	550	2.5e-99	365.2
SRR10507659|k141_41560_109	nanK|nanK_7216_bv	42.6	310	165	7	8	314	4	303	5.8e-58	226.9
SRR10507659|k141_8396_3	nanR|nanR_423_bv	100.0	262	0	0	13	274	1	262	1.8e-145	517.3
SRR10507659|k141_74481_4	siaM|siaM_9011_bv	100.0	334	0	0	1	334	102	435	8.4e-177	621.7
SRR10507659|k141_74486_1	satD|WP_207474985.1	41.4	210	115	4	20	221	33	242	2.4e-31	137.9
SRR10507659|k141_8496_26	nagB|nagB_19709_bv	100.0	215	0	0	1	215	38	252	6.7e-127	455.3
SRR10507659|k141_74565_23	siaP|siaP_133032_bv	46.5	303	161	1	41	342	26	328	1.5e-70	268.9
SRR10507659|k141_74565_24	siaQ|siaQ_26143_bv	100.0	162	0	0	1	162	1	162	1.0e-82	308.1
SRR10507659|k141_74565_25	siaM|siaM_6439_bv	99.8	422	1	0	1	422	1	422	1.2e-217	757.7
SRR10507659|k141_74568_1	siaM|siaM_33102_bv	100.0	434	0	0	1	434	1	434	2.7e-223	776.5
SRR10507659|k141_74568_2	siaQ|siaQ_21320_bv	100.0	176	0	0	1	176	1	176	8.3e-91	335.1
SRR10507659|k141_74568_3	siaP|siaP_129413_bv	73.3	262	70	0	78	339	16	277	1.1e-115	418.7
SRR10507659|k141_107933_1	nanA|nanA_8656_uniprot	46.4	56	30	0	1	56	1	56	4.0e-10	65.5
SRR10507659|k141_74574_162	neuD|neuD_2237_refseq	99.5	211	1	0	1	211	1	211	8.6e-119	428.3
SRR10507659|k141_74574_163	kpsT|kpsT_10521_bv	45.9	233	124	2	9	240	7	238	4.4e-58	226.9
SRR10507659|k141_74574_164	kpsM|kpsM_603_bv	100.0	260	0	0	1	260	1	260	1.9e-136	487.3
SRR10507659|k141_74583_1	siaP|siaP_626857_bv	40.2	169	98	2	9	177	30	195	2.4e-28	127.9
SRR10507659|k141_107998_2	satD|WP_311358684.1	51.1	233	113	1	21	253	39	270	4.2e-61	237.3
SRR10507659|k141_108014_2	ompF|ompF_6140_bv	98.8	83	1	0	1	83	32	114	4.7e-44	178.7
SRR10507659|k141_74669_12	siaM|siaM_28702_bv	100.0	425	0	0	1	425	1	425	7.1e-221	768.5
SRR10507659|k141_74669_13	siaQ|siaQ_363339_bv	80.4	179	32	1	1	176	1	179	2.2e-75	283.9
SRR10507659|k141_74671_2	nanH|nanH_20964_bv	95.0	402	20	0	143	544	1	402	6.7e-224	778.9
SRR10507659|k141_108097_1	cpsK|cpsK_23_bv	99.2	356	3	0	1	356	1	356	5.0e-212	738.8
SRR10507659|k141_108116_4	satD|WP_255793737.1	45.3	256	133	2	7	256	13	267	6.1e-63	243.4
SRR10507659|k141_74700_1	nanA|nanA_20162_bv	70.3	303	90	0	1	303	1	303	6.0e-129	462.6
SRR10507659|k141_74700_9	nanE|nanE_2113_bv	100.0	229	0	0	1	229	1	229	1.4e-125	451.1
SRR10507659|k141_108155_2	nanH|nanH_4924_bv	50.3	368	172	7	12	374	36	397	5.8e-89	330.1
SRR10507659|k141_74731_9	satD|WP_134780182.1	47.3	239	125	1	36	274	26	263	1.0e-57	226.1
SRR10507659|k141_74731_12	satB|WP_263079827.1	41.3	322	168	4	1	319	1	304	1.8e-59	231.9
SRR10507659|k141_74748_7	siaM|siaM_143562_bv	100.0	424	0	0	1	424	1	424	1.9e-213	743.8
SRR10507659|k141_108261_7	nanQ|nanQ_137_bv	100.0	154	0	0	1	154	1	154	1.3e-87	324.3
SRR10507659|k141_74801_3	nagA|nagA_98178_bv	95.0	419	21	0	1	419	4	422	2.4e-237	823.2
SRR10507659|k141_8884_109	nanQ|nanQ_3310_uniprot	100.0	149	0	0	1	149	1	149	3.2e-83	309.7
SRR10507659|k141_42349_1	nanU|nanU_264360_bv	71.1	419	121	0	23	441	1	419	1.9e-176	620.9
SRR10507659|k141_108359_2	siaP|siaP_696401_bv	43.9	244	119	4	1	243	1	227	1.1e-51	206.1
SRR10507659|k141_108359_3	siaQ|siaQ_298229_bv	78.0	150	33	0	11	160	11	160	4.0e-63	243.0
SRR10507659|k141_108359_4	siaT|siaT_60882_uniprot	99.8	429	1	0	1	429	1	429	1.2e-228	794.3
SRR10507659|k141_74913_2	nanA|nanA_9368_uniprot	47.8	138	72	0	6	143	1	138	8.7e-32	139.0
SRR10507659|k141_42391_9	satD|WP_271417843.1	42.8	283	136	4	3	285	13	269	4.0e-60	234.2
SRR10507659|k141_42391_12	satB|OPL08187.1	41.9	313	171	3	1	303	1	312	1.2e-57	225.7
SRR10507659|k141_42391_15	siaM|siaM_9481_bv	100.0	431	0	0	1	431	1	431	7.7e-231	801.6
SRR10507659|k141_42391_17	siaP|siaP_287809_bv	44.2	308	167	3	49	354	5	309	4.8e-61	237.3
SRR10507659|k141_42398_2	nanU|nanU_485807_bv	99.3	460	3	0	1	460	1	460	5.4e-267	921.8
SRR10507659|k141_9038_1	siaP|siaP_5458_bv	100.0	323	0	0	1	323	27	349	6.3e-169	595.5
SRR10507659|k141_9038_3	siaM|siaM_21700_bv	99.7	345	1	0	1	345	1	345	3.4e-181	636.3
SRR10507659|k141_74949_39	kpsD|kpsD_13695_bv	63.6	800	285	3	1	800	28	821	9.0e-294	1011.5
SRR10507659|k141_74978_1	satD|WP_193341002.1	40.7	194	114	1	4	197	76	268	9.6e-38	159.1
SRR10507659|k141_42480_1	nanK|nanK_7189_bv	71.1	159	46	0	1	159	57	215	5.0e-63	242.7
SRR10507659|k141_42482_1	satB|MEA4849048.1	46.7	229	121	1	2	230	3	230	7.1e-50	199.5
SRR10507659|k141_42485_5	nanU|nanU_21586_bv	44.4	592	280	18	3	573	10	573	2.3e-110	401.7
SRR10507659|k141_75008_3	satD|WP_227924124.1	48.1	260	134	1	23	282	8	266	7.3e-66	253.1
SRR10507659|k141_75034_5	siaM|siaM_205293_bv	100.0	426	0	0	1	426	1	426	7.3e-226	785.0
SRR10507659|k141_75034_6	siaQ|siaQ_275838_bv	65.1	175	61	0	1	175	1	175	1.6e-60	234.6
SRR10507659|k141_75090_2	nanK|nanK_28066_bv	45.5	312	155	4	3	314	1	297	5.3e-64	246.9
SRR10507659|k141_108580_7	satD|WP_096458341.1	40.0	205	117	5	22	221	40	243	8.9e-27	122.9
SRR10507659|k141_9220_4	SIAE|SIAE_2090_bv	100.0	473	0	0	1	473	1	473	4.8e-287	988.4
SRR10507659|k141_9220_5	SIAE|SIAE_20983_bv	99.0	388	4	0	89	476	1	388	2.3e-228	793.5
SRR10507659|k141_9227_7	siaQ|siaQ_424977_bv	100.0	160	0	0	1	160	1	160	1.1e-86	321.2
SRR10507659|k141_9303_3	kpsD|kpsD_13695_bv	52.8	687	320	3	65	749	137	821	1.9e-208	728.0
SRR10507659|k141_42601_146	nanU|nanU_71571_bv	44.1	675	356	13	1	667	1	662	6.7e-157	556.6
SRR10507659|k141_42645_10	satD|WP_105569089.1	40.0	220	125	6	25	238	40	258	1.1e-27	125.9
SRR10507659|k141_9459_3	nanH|nanH_9455_bv	44.4	412	224	4	10	420	14	421	1.3e-110	402.1
SRR10507659|k141_75347_7	nanE|nanE_1616_bv	100.0	234	0	0	1	234	1	234	8.1e-134	478.4
SRR10507659|k141_75347_8	nanQ|nanQ_5396_bv	99.4	154	1	0	1	154	1	154	1.9e-86	320.5
SRR10507659|k141_75347_9	nanA|nanA_5494_bv	99.7	307	1	0	1	307	1	307	7.2e-175	615.1
SRR10507659|k141_75347_30	satD|WP_136640697.1	49.2	262	130	1	18	276	2	263	3.3e-64	247.7
SRR10507659|k141_42772_26	kpsD|kpsD_13595_bv	54.9	830	341	6	1	830	1	797	6.3e-258	892.5
SRR10507659|k141_42772_44	kpsM|kpsM_380_bv	54.6	284	126	1	4	287	2	282	3.6e-83	310.5
SRR10507659|k141_42779_3	nanQ|nanQ_6909_uniprot	98.6	148	2	0	1	148	1	148	5.4e-83	308.9
SRR10507659|k141_9577_13	siaM|siaM_5787_bv	100.0	430	0	0	1	430	1	430	7.2e-213	741.9
SRR10507659|k141_9577_14	siaQ|siaQ_282843_bv	48.9	176	88	1	2	175	1	176	5.3e-45	183.0
SRR10507659|k141_9577_15	siaP|siaP_142457_bv	97.8	268	6	0	106	373	1	268	4.9e-149	529.6
SRR10507659|k141_75458_2	SIAE|SIAE_25885_refseq	100.0	399	0	0	1	399	1	399	5.4e-239	828.6
SRR10507659|k141_42848_1	SIAE|SIAE_25851_bv	45.9	244	129	3	21	263	73	314	8.8e-60	232.6
SRR10507659|k141_42882_1	satD|PID97652.1	46.9	211	110	2	1	211	50	258	3.2e-49	197.6
SRR10507659|k141_75557_2	siaQ|siaQ_484243_bv	79.4	170	35	0	1	170	1	170	4.0e-74	279.6
SRR10507659|k141_108812_149	nanU|nanU_71096_bv	44.6	607	313	13	2	598	12	605	1.1e-134	482.6
SRR10507659|k141_108812_164	nanU|nanU_558582_bv	46.3	527	254	11	4	517	5	515	1.7e-128	461.8
SRR10507659|k141_42934_4	nanU|nanU_210329_bv	55.5	553	238	4	6	553	5	554	2.7e-180	634.0
SRR10507659|k141_42934_6	nanU|nanU_94083_bv	45.2	631	295	18	1	611	1	600	3.6e-133	477.6
SRR10507659|k141_108847_1	nanA|nanA_8893_uniprot	42.7	124	65	1	13	136	10	127	4.6e-23	109.8
SRR10507659|k141_9644_149	satB|MCB1069314.1	41.2	318	175	2	1	310	1	314	3.0e-59	231.1
SRR10507659|k141_9644_152	satD|WP_126471448.1	40.0	210	119	3	18	222	34	241	2.2e-32	141.4
SRR10507659|k141_75654_3	satD|WP_311358684.1	49.2	264	126	4	3	263	12	270	2.3e-65	251.5
SRR10507659|k141_43064_2	neuD|neuD_1104_uniprot	100.0	206	0	0	1	206	1	206	1.6e-53	211.5
SRR10507659|k141_9743_6	siaQ|siaQ_333919_bv	100.0	251	0	0	1	251	1	251	3.6e-132	473.0
SRR10507659|k141_9762_3	nagB|nagB_19758_bv	100.0	263	0	0	1	263	1	263	4.8e-151	535.8
SRR10507659|k141_9762_4	nagA|nagA_26701_bv	100.0	395	0	0	1	395	1	395	2.9e-224	779.6
SRR10507659|k141_9762_7	nanU|nanU_19189_bv	86.9	496	64	1	1	496	1	495	1.1e-252	874.4
SRR10507659|k141_9762_9	SIAE|SIAE_167_refseq	75.3	858	208	4	13	866	279	1136	0.0e+00	1309.7
SRR10507659|k141_9793_1	siaP|siaP_713560_bv	75.9	158	35	1	1	158	1	155	1.9e-60	234.6
SRR10507659|k141_43173_5	nanU|nanU_656288_bv	56.5	556	229	7	6	552	7	558	1.0e-179	632.1
SRR10507659|k141_43173_7	nanU|nanU_1200_bv	43.2	620	290	16	12	598	10	600	2.7e-133	478.0
SRR10507659|k141_43173_19	nanU|nanU_114568_bv	46.5	613	297	9	5	591	30	637	1.2e-141	505.8
SRR10507659|k141_109070_2	nagA|nagA_7449_bv	100.0	382	0	0	1	382	1	382	1.2e-222	774.2
SRR10507659|k141_109070_3	nagB|nagB_218675_bv	99.2	132	1	0	1	132	21	152	5.1e-69	262.3
SRR10507659|k141_109070_4	nagB|nagB_29935_bv	100.0	120	0	0	1	120	1	120	7.5e-67	255.0
SRR10507659|k141_9803_39	satD|WP_060565526.1	41.3	225	124	3	34	258	47	263	8.5e-39	162.9
SRR10507659|k141_9803_40	satD|MBM6620729.1	44.0	234	130	1	21	253	36	269	1.4e-46	188.7
SRR10507659|k141_43299_1	siaM|siaM_596163_bv	99.5	427	2	0	1	427	1	427	1.7e-222	773.9
SRR10507659|k141_43328_7	nanU|nanU_198982_bv	57.2	554	221	9	17	563	10	554	4.9e-177	623.2
SRR10507659|k141_43374_2	siaM|siaM_9008_bv	100.0	357	0	0	1	357	1	357	3.3e-187	656.4
SRR10507659|k141_109261_3	nagB|nagB_31262_bv	99.6	230	1	0	1	230	12	241	1.7e-128	460.7
SRR10507659|k141_10106_3	SIAE|SIAE_508_bv	99.5	571	3	0	1	571	120	690	0.0e+00	1201.0
SRR10507659|k141_10173_2	nanK|nanK_9083_bv	40.5	289	158	6	3	291	2	276	5.6e-47	190.3
SRR10507659|k141_109368_43	satB|OPL08662.1	47.7	310	157	2	1	308	1	307	1.0e-70	269.2
SRR10507659|k141_109368_46	satD|WP_255793737.1	42.9	259	141	2	2	254	10	267	9.2e-56	219.5
SRR10507659|k141_109368_60	satD|WP_284875207.1	45.2	259	134	3	1	253	1	257	5.0e-62	240.4
SRR10507659|k141_109368_63	satB|OPL08662.1	40.9	308	99	1	1	225	1	308	2.4e-53	211.1
SRR10507659|k141_10333_15	satD|WP_144591788.1	40.1	207	115	4	17	216	31	235	3.6e-27	124.0
SRR10507659|k141_76292_119	nagA|nagA_163157_bv	100.0	378	0	0	1	378	1	378	1.7e-221	770.4
SRR10507659|k141_76362_2	nanU|nanU_467650_bv	98.6	510	7	0	1	510	3	512	5.2e-303	1041.6
SRR10507659|k141_76364_1	nagB|nagB_3774_bv	100.0	246	0	0	33	278	5	250	2.1e-141	503.8
SRR10507659|k141_109558_18	nagB|nagB_5474_bv	100.0	263	0	0	1	263	1	263	1.5e-152	540.8
SRR10507659|k141_76397_1	satB|WP_263079827.1	55.7	273	121	0	1	273	35	307	1.5e-78	295.0
SRR10507659|k141_109587_15	siaM|siaM_118368_bv	100.0	382	0	0	1	382	1	382	4.8e-200	699.1
SRR10507659|k141_109587_16	siaQ|siaQ_63314_bv	49.7	151	76	0	8	158	8	158	2.3e-34	147.5
SRR10507659|k141_109587_17	siaP|siaP_88746_bv	40.1	299	177	2	62	359	25	322	3.8e-58	227.6
SRR10507659|k141_10438_132	nanU|nanU_332844_bv	54.2	530	216	8	1	528	10	514	1.6e-161	571.6
SRR10507659|k141_109627_3	nanU|nanU_359755_bv	73.8	447	101	3	1	446	1	432	1.6e-183	644.4
SRR10507659|k141_43925_22	nanK|nanK_7216_bv	41.7	309	168	4	12	317	4	303	4.0e-59	230.7
SRR10507659|k141_109651_5	nanA|nanA_10102_uniprot	47.7	153	80	0	6	158	6	158	2.0e-38	161.4
SRR10507659|k141_109671_2	nanU|nanU_116666_bv	99.5	368	2	0	35	402	1	368	2.8e-211	736.5
SRR10507659|k141_76429_50	nanU|nanU_458854_bv	89.9	416	42	0	13	428	1	416	3.7e-217	756.1
SRR10507659|k141_109707_1	kpsT|kpsT_10521_bv	45.5	244	132	1	4	246	2	245	2.4e-59	231.1
SRR10507659|k141_43977_13	nanU|nanU_548226_bv	61.9	514	191	4	1	511	1	512	8.0e-195	682.2
SRR10507659|k141_109736_1	nanU|nanU_334668_bv	50.2	331	159	4	8	334	1	329	1.4e-83	312.0
SRR10507659|k141_44007_10	siaM|siaM_259020_bv	93.9	462	1	1	1	435	1	462	1.8e-219	763.8
SRR10507659|k141_44007_11	siaQ|siaQ_39004_bv	100.0	167	0	0	1	167	1	167	1.0e-85	318.2
SRR10507659|k141_44007_12	siaP|siaP_99094_bv	99.6	253	1	0	97	349	1	253	6.0e-141	502.7
SRR10507659|k141_44009_2	nagA|nagA_814_bv	100.0	346	0	0	1	346	56	401	1.4e-198	694.1
SRR10507659|k141_44045_3	siaQ|siaQ_95196_bv	100.0	169	0	0	1	169	1	169	3.7e-88	326.2
SRR10507659|k141_109751_7	nanQ|nanQ_214_uniprot	100.0	149	0	0	1	149	1	149	6.0e-82	305.4
SRR10507659|k141_44108_3	nanU|nanU_68107_bv	99.8	534	1	0	5	538	18	551	0.0e+00	1099.0
SRR10507659|k141_76592_5	nagA|nagA_2581_bv	100.0	379	0	0	1	379	12	390	1.2e-222	774.2
SRR10507659|k141_10529_21	nanU|nanU_179674_bv	40.3	632	309	18	17	630	19	600	2.7e-115	418.3
SRR10507659|k141_10529_23	nanU|nanU_590222_bv	58.1	570	222	8	1	561	1	562	1.4e-187	658.3
SRR10507659|k141_10529_28	nanU|nanU_194521_bv	99.8	517	1	0	1	517	1	517	3.6e-312	1072.0
SRR10507659|k141_10529_42	nanU|nanU_298447_bv	98.2	544	10	0	1	544	1	544	0.0e+00	1124.4
SRR10507659|k141_44143_3	satD|WP_334211665.1	45.3	236	128	1	21	256	29	263	1.8e-56	221.9
SRR10507659|k141_44143_6	satB|MBQ1810005.1	44.7	313	166	1	1	306	1	313	1.8e-69	265.0
SRR10507659|k141_44154_2	nagA|nagA_22276_refseq	99.5	370	2	0	1	370	1	370	2.8e-213	743.0
SRR10507659|k141_76606_26	kpsM|kpsM_209_bv	50.9	269	126	2	7	270	10	277	1.5e-70	268.5
SRR10507659|k141_76652_8	nagB|nagB_39427_bv	100.0	245	0	0	1	245	1	245	1.0e-134	481.5
SRR10507659|k141_76697_2	satD|WP_334211665.1	49.0	261	130	2	8	267	3	261	1.0e-68	262.7
SRR10507659|k141_76697_3	satB|WP_371146800.1	41.3	315	182	2	1	314	1	313	4.8e-57	223.8
SRR10507659|k141_76709_18	nanK|nanK_542_bv	42.2	306	156	8	2	293	1	299	1.8e-53	211.8
SRR10507659|k141_44362_3	nanK|nanK_40_bv	46.1	317	168	3	1	316	1	315	4.6e-71	270.4
SRR10507659|k141_76779_7	satB|HUX88249.1	42.1	318	177	3	4	319	2	314	3.0e-62	241.1
SRR10507659|k141_76779_11	satD|WP_136453715.1	46.6	264	136	2	1	262	1	261	1.2e-63	245.7
SRR10507659|k141_44456_16	nanU|nanU_330865_bv	48.6	572	260	15	7	557	13	571	1.2e-143	512.3
SRR10507659|k141_44456_30	nagB|nagB_1605_bv	100.0	218	0	0	1	218	53	270	4.9e-125	449.1
SRR10507659|k141_44462_3	nagB|nagB_1605_bv	100.0	218	0	0	1	218	53	270	4.9e-125	449.1
SRR10507659|k141_110161_18	nanU|nanU_513643_bv	99.8	534	1	0	1	534	3	536	0.0e+00	1100.5
SRR10507659|k141_110265_2	satD|KFC16516.1	45.9	266	139	3	2	266	10	271	7.5e-64	246.5
SRR10507659|k141_10826_6	nanU|nanU_398453_bv	41.4	495	264	11	20	503	22	501	4.9e-104	380.6
SRR10507659|k141_76843_2	nanU|nanU_37265_bv	59.3	504	191	8	1	497	2	498	7.1e-172	605.9
SRR10507659|k141_76872_1	kpsT|kpsT_9718_bv	46.0	187	101	0	1	187	58	244	1.8e-43	177.9
SRR10507659|k141_10832_31	nanK|nanK_40_bv	49.2	313	154	2	1	308	1	313	1.3e-75	285.4
SRR10507659|k141_10871_1	siaP|siaP_494293_bv	45.9	220	107	1	2	209	4	223	1.2e-52	208.8
SRR10507659|k141_44814_4	satD|WP_124933466.1	47.6	250	129	1	13	262	20	267	1.2e-58	229.2
SRR10507659|k141_110537_26	nanQ|nanQ_1280_uniprot	100.0	150	0	0	1	150	1	150	2.9e-84	313.2
SRR10507659|k141_110537_32	neuB|neuB_19920_bv	47.4	342	167	2	7	335	19	360	8.1e-87	322.8
SRR10507659|k141_110543_8	kpsM|kpsM_245_uniprot	45.8	262	134	3	2	263	18	271	3.0e-52	207.6
SRR10507659|k141_110543_9	kpsT|kpsT_10521_bv	45.9	244	131	1	4	246	2	245	4.3e-61	236.9
SRR10507659|k141_77162_2	nanU|nanU_548917_bv	45.9	482	254	6	1	480	1	477	2.9e-114	414.5
SRR10507659|k141_77185_1	siaM|siaM_11744_bv	100.0	379	0	0	1	379	1	379	9.5e-201	701.4
SRR10507659|k141_77185_2	siaQ|siaQ_282843_bv	95.5	178	8	0	1	178	1	178	1.9e-90	334.0
SRR10507659|k141_44945_2	nanH|nanH_15173_bv	98.7	393	5	0	147	539	1	393	3.0e-232	806.6
SRR10507659|k141_11127_6	nanU|nanU_1200_bv	42.7	620	291	16	11	598	13	600	5.4e-126	453.8
SRR10507659|k141_11127_8	nanU|nanU_656288_bv	55.3	548	234	5	11	549	13	558	4.8e-169	596.7
SRR10507659|k141_110766_2	satD|WP_269928877.1	40.1	212	114	7	18	220	33	240	1.1e-23	112.5
SRR10507659|k141_77326_35	satD|WP_255793737.1	44.9	256	134	2	4	253	13	267	1.6e-58	228.8
SRR10507659|k141_77326_38	satB|MCL2228095.1	57.8	308	129	1	1	308	1	307	2.6e-91	337.8
SRR10507659|k141_45061_2	satD|MDH2997253.1	40.7	194	96	6	28	207	10	198	8.7e-23	109.4
SRR10507659|k141_77364_12	satD|WP_259557663.1	45.9	257	122	3	3	243	4	259	8.6e-54	212.6
SRR10507659|k141_77364_13	satD|MGA4508962.1	40.3	263	141	4	1	255	19	273	5.9e-45	183.3
SRR10507659|k141_77364_15	satB|WP_292596291.1	41.4	307	180	0	6	312	6	312	1.3e-62	242.3
SRR10507659|k141_110926_5	ompC|ompC_327_bv	99.7	319	1	0	1	319	54	372	2.1e-185	650.2
SRR10507659|k141_45129_139	satB|HYI23826.1	41.5	316	176	2	1	308	1	315	4.6e-60	233.8
SRR10507659|k141_45129_142	satD|WP_062009075.1	41.4	222	130	0	11	232	23	244	1.3e-42	175.6
SRR10507659|k141_77462_43	satB|WP_209510972.1	40.3	305	179	2	1	303	1	304	2.3e-56	221.5
SRR10507659|k141_77462_46	satD|WP_271417843.1	43.4	267	124	3	18	284	30	269	1.2e-56	222.6
SRR10507659|k141_77500_5	satD|WP_284851129.1	50.7	209	102	1	1	209	65	272	1.1e-57	225.7
SRR10507659|k141_11247_48	nanU|nanU_634927_bv	100.0	488	0	0	9	496	12	499	2.7e-288	992.6
SRR10507659|k141_11247_146	nagB|nagB_32250_bv	100.0	270	0	0	1	270	4	273	1.7e-156	553.9
SRR10507659|k141_77587_2	satD|WP_210229862.1	41.6	267	138	4	10	270	18	272	9.7e-48	193.0
SRR10507659|k141_111047_1	nanR|nanR_1299_uniprot	46.8	171	90	1	1	171	55	224	8.2e-35	149.1
SRR10507659|k141_111120_5	nanR|nanR_3642_bv	40.1	222	122	5	1	218	3	217	1.8e-33	145.2
SRR10507659|k141_77703_2	siaP|siaP_636992_bv	42.3	343	179	5	1	339	1	328	2.7e-69	264.6
SRR10507659|k141_77703_4	siaM|siaM_22821_bv	100.0	425	0	0	1	425	1	425	5.4e-221	768.8
SRR10507659|k141_45317_1	nanK|nanK_25620_bv	48.3	149	74	2	3	148	2	150	4.0e-30	133.3
SRR10507659|k141_77808_15	satD|WP_227924124.1	48.0	256	132	1	5	260	12	266	4.1e-67	257.3
SRR10507659|k141_77808_20	satB|HYU19386.1	41.5	316	182	2	1	316	1	313	7.5e-66	253.1
SRR10507659|k141_77808_27	satB|MEZ4522357.1	41.7	319	179	2	1	319	1	312	4.6e-63	243.8
SRR10507659|k141_77808_28	satD|HLR28547.1	48.5	233	119	1	28	260	33	264	9.4e-56	219.5
SRR10507659|k141_77808_57	nanQ|nanQ_6911_uniprot	99.3	148	1	0	1	148	1	148	5.9e-82	305.4
SRR10507659|k141_45449_10	nanR|nanR_6423_uniprot	50.0	196	98	0	7	202	4	199	7.7e-44	179.5
SRR10507659|k141_45468_1	satD|WP_444553804.1	41.6	238	127	6	3	229	6	242	3.9e-34	147.5
SRR10507659|k141_77923_1	satD|WP_325790735.1	40.1	202	111	5	3	195	8	208	1.1e-27	125.6
SRR10507659|k141_111593_3	nanU|nanU_9889_bv	100.0	547	0	0	1	547	1	547	0.0e+00	1119.8
SRR10507659|k141_45591_15	siaM|siaM_5909_bv	100.0	433	0	0	1	433	1	433	5.3e-224	778.9
SRR10507659|k141_45591_16	siaQ|siaQ_3735_bv	100.0	166	0	0	1	166	1	166	1.5e-81	304.3
SRR10507659|k141_111626_11	satD|WP_417218302.1	41.6	226	128	4	18	239	38	263	2.3e-36	154.8
SRR10507659|k141_78103_2	nanH|nanH_4924_bv	50.7	357	165	8	9	360	47	397	6.2e-88	326.6
SRR10507659|k141_45646_2	SIAE|SIAE_17743_uniprot	59.1	242	98	1	10	251	1	241	1.6e-82	308.1
SRR10507659|k141_11633_2	nanQ|nanQ_1279_uniprot	100.0	150	0	0	1	150	1	150	1.3e-84	314.3
SRR10507659|k141_78127_1	siaQ|siaQ_484451_bv	95.8	143	6	0	1	143	1	143	1.6e-68	260.8
SRR10507659|k141_78127_2	siaP|siaP_215727_bv	62.7	134	50	0	2	135	24	157	1.5e-42	174.5
SRR10507659|k141_11639_6	nanU|nanU_345231_bv	51.6	550	252	9	2	547	3	542	6.0e-156	553.1
SRR10507659|k141_11639_10	nanK|nanK_299_bv	41.9	241	119	6	74	298	70	305	2.8e-38	161.4
SRR10507659|k141_45664_1	nanQ|nanQ_3493_uniprot	100.0	150	0	0	1	150	1	150	2.1e-82	307.0
SRR10507659|k141_45667_2	nanQ|nanQ_5309_uniprot	99.3	150	1	0	1	150	1	150	9.3e-83	308.1
SRR10507659|k141_45673_4	nanU|nanU_366105_bv	63.4	516	179	4	4	516	1	509	1.9e-188	661.0
SRR10507659|k141_45698_2	nagB|nagB_52741_bv	68.8	189	59	0	1	189	54	242	2.4e-75	283.9
SRR10507659|k141_78172_2	satD|CEA06890.1	40.6	266	155	2	7	271	2	265	8.9e-55	216.5
SRR10507659|k141_45772_15	kpsM|kpsM_604_bv	50.0	284	136	4	6	289	2	279	1.8e-74	281.6
SRR10507659|k141_45796_1	nanK|nanK_325_bv	46.8	312	160	4	2	311	3	310	1.0e-70	269.2
SRR10507659|k141_45802_5	SIAE|SIAE_85672_bv	43.4	652	296	6	1	648	1	583	1.4e-151	538.9
SRR10507659|k141_45806_3	nanR|nanR_1411_uniprot	44.1	479	265	2	1	477	1	478	1.0e-114	416.0
SRR10507659|k141_45817_1	siaP|siaP_476549_bv	76.6	154	36	0	8	161	4	157	4.5e-61	236.5
SRR10507659|k141_45821_1	nanU|nanU_575713_bv	42.6	434	208	13	1	415	174	585	2.1e-84	315.1
SRR10507659|k141_45842_1	satD|WP_294441299.1	46.4	233	118	2	6	232	19	250	1.1e-53	212.2
SRR10507659|k141_11718_7	satD|WP_003847251.1	42.2	230	129	1	25	250	35	264	1.7e-43	178.7
SRR10507659|k141_45880_1	nagA|nagA_146287_bv	100.0	274	0	0	1	274	100	373	7.7e-160	565.1
SRR10507659|k141_111941_1	siaP|siaP_378868_bv	96.1	230	9	0	70	299	1	230	2.0e-121	437.6
SRR10507659|k141_78373_7	siaM|siaM_142869_bv	89.0	436	48	0	1	436	1	436	5.4e-208	725.7
SRR10507659|k141_45977_16	nanK|nanK_7216_bv	43.1	327	161	6	4	328	1	304	3.4e-61	237.7
SRR10507659|k141_45999_3	nagA|nagA_23164_bv	100.0	375	0	0	1	375	1	375	5.5e-217	755.4
SRR10507659|k141_11836_40	siaM|siaM_60607_bv	100.0	426	0	0	1	426	1	426	1.9e-226	786.9
SRR10507659|k141_112189_1	siaM|siaM_533398_bv	100.0	165	0	0	1	165	54	218	1.2e-78	294.7
SRR10507659|k141_78471_2	nanU|nanU_587575_bv	100.0	463	0	0	1	463	2	464	2.5e-272	939.5
SRR10507659|k141_112222_2	satD|MDO4917719.1	44.3	192	102	2	1	188	27	217	3.6e-36	153.7
SRR10507659|k141_46085_13	nanQ|nanQ_4084_uniprot	100.0	208	0	0	1	208	1	208	5.9e-120	432.2
SRR10507659|k141_78535_2	SIAE|SIAE_45345_bv	48.2	548	108	1	92	639	1	372	4.9e-141	503.8
SRR10507659|k141_78545_1	nagB|nagB_36464_bv	100.0	230	0	0	1	230	17	246	1.3e-128	461.1
SRR10507659|k141_112256_4	satD|WP_149083920.1	41.4	210	108	7	17	216	30	234	3.7e-27	124.0
SRR10507659|k141_112256_13	satD|KFC16516.1	49.0	243	119	3	16	258	34	271	9.9e-58	226.1
SRR10507659|k141_112297_3	siaQ|siaQ_462458_bv	69.9	153	46	0	1	153	1	153	1.1e-51	205.3
SRR10507659|k141_112297_4	siaM|siaM_11738_bv	100.0	435	0	0	1	435	1	435	2.1e-228	793.5
SRR10507659|k141_78637_2	nanE|nanE_10272_bv	99.5	216	1	0	1	216	19	234	1.3e-117	424.5
SRR10507659|k141_46215_2	nanU|nanU_512904_bv	43.9	649	282	23	1	632	9	592	1.9e-124	448.7
SRR10507659|k141_11953_10	nanK|nanK_539_uniprot	99.7	313	1	0	1	313	1	313	9.0e-181	634.8
SRR10507659|k141_11953_11	nagB|nagB_3271_bv	83.7	233	38	0	1	233	1	233	6.7e-115	415.6
SRR10507659|k141_46304_2	kpsT|kpsT_13997_bv	45.5	209	114	0	4	212	8	216	3.6e-48	193.7
SRR10507659|k141_112410_9	nanU|nanU_257230_bv	94.4	517	29	0	1	517	1	517	6.9e-295	1014.6
SRR10507659|k141_78879_2	neuA|neuA_18956_bv	86.1	230	4	1	1	230	1	202	3.5e-105	383.3
SRR10507659|k141_12172_2	ompF|ompF_5343_bv	72.5	378	96	5	1	374	1	374	2.0e-150	534.3
SRR10507659|k141_12197_1	nagB|nagB_50770_bv	96.5	141	5	0	1	141	1	141	4.2e-77	289.3
SRR10507659|k141_79043_2	kpsD|kpsD_1302_bv	52.7	802	371	6	3	802	2	797	6.8e-241	835.9
SRR10507659|k141_46970_1	nanQ|nanQ_634_uniprot	100.0	149	0	0	1	149	1	149	3.2e-83	309.7
SRR10507659|k141_79271_1	nanQ|nanQ_2618_bv	100.0	126	0	0	1	126	25	150	1.9e-68	260.4
SRR10507659|k141_112933_3	SIAE|SIAE_26822_refseq	100.0	280	0	0	1	280	1	280	8.1e-165	581.6
SRR10507659|k141_112933_31	nanR|nanR_1411_uniprot	42.2	481	272	3	1	478	1	478	5.7e-102	373.6
SRR10507659|k141_79385_1	neuB|neuB_17582_bv	56.5	170	74	0	1	170	5	174	1.5e-49	198.0
SRR10507659|k141_112949_12	nanU|nanU_288776_bv	44.4	559	285	13	13	565	14	552	5.9e-122	440.3
SRR10507659|k141_112958_6	satD|WP_283490273.1	47.3	262	124	5	5	257	27	283	9.4e-53	209.5
SRR10507659|k141_47093_24	nanU|nanU_4515_bv	100.0	557	0	0	1	557	1	557	0.0e+00	1138.3
SRR10507659|k141_47102_1	nanA|nanA_11995_bv	60.9	253	99	0	1	253	1	253	2.3e-86	320.9
SRR10507659|k141_47102_2	satD|WP_069102428.1	43.4	267	145	3	1	267	9	269	3.7e-55	217.6
SRR10507659|k141_79417_73	nanU|nanU_628889_bv	99.8	527	1	0	13	539	1	527	9.5e-313	1073.9
SRR10507659|k141_79446_3	nanQ|nanQ_3051_bv	100.0	151	0	0	1	151	1	151	2.5e-83	310.1
SRR10507659|k141_113078_9	satD|WP_069102428.1	44.7	266	142	4	4	269	9	269	2.5e-59	231.5
SRR10507659|k141_113096_9	satD|WP_069102428.1	45.1	266	141	4	4	269	9	269	1.1e-59	232.6
SRR10507659|k141_113113_1	siaP|siaP_666822_bv	98.4	124	2	0	1	124	2	125	5.7e-62	238.8
SRR10507659|k141_113159_1	satD|WP_283490273.1	44.2	206	104	4	2	199	53	255	3.5e-37	157.1
SRR10507659|k141_79526_2	satB|WP_294084976.1	47.3	313	157	2	1	305	1	313	2.7e-73	277.7
SRR10507659|k141_47299_4	nanU|nanU_387551_bv	95.8	518	22	0	22	539	1	518	8.5e-304	1044.3
SRR10507659|k141_113258_2	nanU|nanU_378182_bv	46.0	548	271	10	16	548	3	540	3.2e-125	451.1
SRR10507659|k141_79587_12	nanU|nanU_210378_bv	47.8	498	243	9	3	497	6	489	1.5e-116	422.2
SRR10507659|k141_79616_5	siaT|siaT_47535_uniprot	51.4	430	195	5	4	423	3	428	1.1e-101	372.5
SRR10507659|k141_113309_1	nanQ|nanQ_5214_uniprot	82.1	140	25	0	1	140	1	140	7.8e-68	258.5
SRR10507659|k141_79643_2	nanR|nanR_5995_uniprot	54.1	229	103	1	1	227	19	247	3.1e-61	237.3
SRR10507659|k141_79645_1	nanK|nanK_15814_bv	56.9	130	56	0	1	130	25	154	7.6e-41	168.7
SRR10507659|k141_113395_2	siaM|siaM_287944_bv	98.9	174	2	0	1	174	1	174	2.7e-86	320.1
SRR10507659|k141_12773_1	satD|GAB3794624.1	44.1	238	118	3	3	226	5	241	3.7e-46	187.2
SRR10507659|k141_47554_2	satD|WP_179899760.1	45.9	257	131	3	4	254	13	267	2.5e-61	238.0
SRR10507659|k141_79706_2	siaM|siaM_13338_bv	100.0	427	0	0	1	427	1	427	7.6e-223	775.0
SRR10507659|k141_12909_2	nanU|nanU_143700_bv	99.8	501	1	0	46	546	1	501	1.4e-301	1036.9
SRR10507659|k141_113628_5	nanQ|nanQ_374_uniprot	100.0	208	0	0	1	208	1	208	1.7e-119	430.6
SRR10507659|k141_12918_50	nanQ|nanQ_4124_uniprot	87.2	149	19	0	1	149	1	149	3.5e-74	279.6
SRR10507659|k141_47698_1	nanQ|nanQ_1049_bv	100.0	130	0	0	1	130	1	130	2.0e-73	276.9
SRR10507659|k141_13023_19	ompF|ompF_5239_bv	68.1	389	111	5	1	381	1	384	1.5e-150	534.6
SRR10507659|k141_113708_11	satD|WP_286346181.1	48.7	234	119	1	22	255	30	262	4.4e-58	227.3
SRR10507659|k141_113708_14	satB|WP_101552959.1	47.9	303	158	0	3	305	1	303	4.3e-74	280.4
SRR10507659|k141_13049_19	ompF|ompF_7800_bv	68.4	393	106	6	1	381	1	387	6.5e-149	529.3
SRR10507659|k141_47932_1	siaM|siaM_22608_bv	99.4	339	2	0	1	339	95	433	1.5e-173	610.9
SRR10507659|k141_13091_3	nanU|nanU_525511_bv	52.8	561	233	10	6	555	19	558	9.4e-165	582.4
SRR10507659|k141_79994_4	nanU|nanU_556657_bv	47.1	618	288	11	1	613	1	584	7.0e-153	543.1
SRR10507659|k141_79994_8	nanU|nanU_91253_bv	57.1	578	241	5	16	590	14	587	9.3e-187	655.6
SRR10507659|k141_80124_7	nagB|nagB_31216_bv	100.0	245	0	0	1	245	1	245	2.8e-137	490.0
SRR10507659|k141_48090_2	nanR|nanR_1411_uniprot	42.2	476	272	3	1	474	5	479	2.2e-101	371.7
SRR10507659|k141_113916_3	satB|MFN4189717.1	40.8	336	166	3	1	336	1	303	5.0e-68	260.4
SRR10507659|k141_113916_6	satD|WP_207616619.1	45.6	259	141	0	10	268	10	268	4.0e-62	240.7
SRR10507659|k141_113931_2	nagA|nagA_10867_uniprot	100.0	379	0	0	1	379	7	385	2.9e-226	786.2
SRR10507659|k141_113946_8	nanQ|nanQ_487_bv	100.0	154	0	0	1	154	1	154	8.9e-89	328.2
SRR10507659|k141_80341_7	nanE|nanE_25838_bv	99.2	239	2	0	1	239	1	239	7.0e-133	475.3
SRR10507659|k141_114132_2	nanA|nanA_5930_refseq	100.0	301	0	0	1	301	1	301	3.6e-171	602.8
SRR10507659|k141_80365_12	satD|WP_271417843.1	44.4	257	132	6	9	258	17	269	6.0e-52	206.8
SRR10507659|k141_48426_1	nagB|nagB_11300_bv	100.0	213	0	0	1	213	39	251	1.3e-122	441.0
SRR10507659|k141_80603_10	nanU|nanU_616253_bv	63.9	557	195	6	1	553	2	556	9.9e-207	721.8
SRR10507659|k141_114170_224	nanU|nanU_14180_bv	100.0	535	0	0	1	535	1	535	0.0e+00	1116.3
SRR10507659|k141_48698_1	neuB|neuB_17253_bv	66.2	74	25	0	1	74	22	95	7.0e-23	108.2
SRR10507659|k141_114252_1	nanQ|nanQ_39_uniprot	99.2	123	1	0	1	123	5	127	1.4e-65	250.8
SRR10507659|k141_13842_6	nanU|nanU_226964_bv	55.1	555	231	8	1	547	1	545	2.7e-164	580.9
SRR10507659|k141_13842_19	nanU|nanU_119814_bv	59.5	457	185	0	16	472	25	481	2.5e-150	534.3
SRR10507659|k141_114255_2	nagA|nagA_95214_bv	100.0	379	0	0	1	379	3	381	1.5e-225	783.9
SRR10507659|k141_80837_1	siaP|siaP_92742_bv	94.0	133	8	0	3	135	1	133	1.6e-65	250.8
SRR10507659|k141_80856_3	siaT|siaT_47535_uniprot	49.6	417	204	3	1	411	10	426	3.0e-99	364.4
SRR10507659|k141_80876_2	nanU|nanU_517875_bv	50.2	550	258	8	3	542	11	554	1.7e-147	525.0
SRR10507659|k141_48824_1	nanA|nanA_9921_bv	97.1	102	3	0	20	121	5	106	2.4e-52	206.8
SRR10507659|k141_13966_1	nanU|nanU_9425_bv	72.2	553	154	0	1	553	1	553	1.4e-245	850.9
SRR10507659|k141_48913_17	kpsM|kpsM_847_bv	100.0	243	0	0	1	243	60	302	9.9e-127	454.9
SRR10507659|k141_48943_1	nanK|nanK_7216_bv	41.4	309	169	4	1	306	4	303	2.2e-57	224.9
SRR10507659|k141_14076_2	kpsT|kpsT_9718_bv	46.6	238	127	0	7	244	6	243	1.7e-57	224.9
SRR10507659|k141_114523_2	satD|WP_069102428.1	45.3	258	138	2	4	259	13	269	1.3e-60	235.7
SRR10507659|k141_48993_3	nanU|nanU_173864_bv	61.7	561	204	6	5	560	6	560	8.8e-203	708.8
SRR10507659|k141_48993_9	SIAE|SIAE_3628_bv	100.0	474	0	0	1	474	1	474	3.5e-285	982.2
SRR10507659|k141_14271_2	siaQ|siaQ_11752_bv	99.4	165	1	0	1	165	1	165	3.7e-85	316.2
SRR10507659|k141_14271_3	siaP|siaP_325931_bv	78.0	91	20	0	1	91	31	121	8.3e-34	144.8
SRR10507659|k141_14279_3	nanU|nanU_563729_bv	98.6	505	7	0	2	506	1	505	1.4e-300	1033.5
SRR10507659|k141_114591_1	siaM|siaM_422164_bv	100.0	129	0	0	1	129	1	129	3.0e-58	226.5
SRR10507659|k141_81144_96	neuD|neuD_4326_refseq	100.0	213	0	0	1	213	1	213	5.9e-99	362.5
SRR10507659|k141_114635_3	satD|WP_378813248.1	40.6	212	110	5	20	220	28	234	3.3e-28	127.5
SRR10507659|k141_81254_1	neuD|neuD_4195_uniprot	56.0	184	80	1	1	184	21	203	1.8e-43	177.9
SRR10507659|k141_49227_2	nanU|nanU_403585_bv	98.4	561	9	0	1	561	1	561	0.0e+00	1124.8
SRR10507659|k141_49230_27	nanU|nanU_472641_bv	40.1	591	270	16	13	603	23	529	5.0e-90	334.3
SRR10507659|k141_49240_2	nanU|nanU_45386_bv	65.6	451	155	0	1	451	1	451	2.2e-172	607.4
SRR10507659|k141_81263_18	kpsT|kpsT_10521_bv	46.2	238	127	1	4	240	2	239	4.8e-60	233.4
SRR10507659|k141_81263_19	kpsM|kpsM_954_bv	45.7	258	137	1	12	269	7	261	7.3e-54	213.0
SRR10507659|k141_114752_1	kpsD|kpsD_12382_bv	93.8	161	10	0	1	161	22	182	6.1e-78	292.4
SRR10507659|k141_81279_5	nanQ|nanQ_2529_uniprot	96.6	148	5	0	1	148	1	148	2.0e-77	290.4
SRR10507659|k141_114794_1	nanA|nanA_3241_bv	100.0	277	0	0	1	277	1	277	4.5e-160	565.8
SRR10507659|k141_49275_2	nanU|nanU_430414_bv	46.8	628	294	9	1	611	5	609	9.4e-158	559.3
SRR10507659|k141_81452_1	nanE|nanE_1473_bv	100.0	188	0	0	1	188	41	228	1.0e-99	364.8
SRR10507659|k141_114908_2	satD|WP_053586177.1	47.3	262	132	3	6	265	20	277	2.6e-57	224.6
SRR10507659|k141_114928_2	nagB|nagB_96543_bv	99.5	183	1	0	1	183	71	253	1.1e-104	381.3
SRR10507659|k141_114941_4	satB|MBO2532523.1	43.8	322	169	2	1	319	1	313	4.5e-71	270.4
SRR10507659|k141_114972_2	neuB|neuB_4145_bv	100.0	343	0	0	1	343	1	343	5.8e-197	688.7
SRR10507659|k141_49415_5	nanU|nanU_157414_bv	61.2	551	204	4	20	562	21	569	5.7e-202	706.1
SRR10507659|k141_81549_3	nanR|nanR_3642_bv	40.1	222	122	5	1	218	3	217	1.8e-33	145.2
SRR10507659|k141_81586_1	kpsM|kpsM_245_uniprot	57.4	202	84	1	8	209	21	220	4.8e-54	213.4
SRR10507659|k141_14511_35	nanU|nanU_453965_bv	50.7	568	260	13	1	555	2	562	1.1e-152	542.3
SRR10507659|k141_49732_1	satB|MGI6127559.1	40.4	314	176	4	1	304	2	314	5.3e-53	210.3
SRR10507659|k141_49732_4	satD|WP_230102398.1	44.8	250	137	1	7	256	11	259	9.2e-56	219.5
SRR10507659|k141_14584_44	nanU|nanU_572409_bv	43.5	462	248	6	69	526	134	586	2.6e-100	368.2
SRR10507659|k141_14584_46	nanU|nanU_502776_bv	99.6	480	2	0	13	492	1	480	4.4e-283	975.3
SRR10507659|k141_14584_49	nanU|nanU_415572_bv	99.0	384	4	0	60	443	11	394	7.0e-223	775.4
SRR10507659|k141_115168_8	nanU|nanU_69323_bv	43.7	581	290	16	10	578	1	556	1.8e-118	428.7
SRR10507659|k141_115168_30	nanU|nanU_383909_bv	58.5	600	238	8	1	598	1	591	7.2e-195	682.6
SRR10507659|k141_49754_5	nanU|nanU_79405_bv	99.8	519	1	0	10	528	1	519	4.3e-308	1058.5
SRR10507659|k141_14709_3	SIAE|SIAE_19728_bv	100.0	472	0	0	1	472	3	474	2.0e-277	956.4
SRR10507659|k141_82057_2	nanU|nanU_295053_bv	99.1	543	5	0	1	543	1	543	0.0e+00	1129.0
SRR10507659|k141_115317_6	nanU|nanU_165274_bv	78.3	543	113	4	8	550	3	540	3.0e-256	886.3
SRR10507659|k141_49844_9	nanU|nanU_484026_bv	45.2	405	202	10	1	401	113	501	2.3e-91	338.2
SRR10507659|k141_115322_3	siaM|siaM_92135_bv	100.0	157	0	0	1	157	49	205	1.5e-78	294.3
SRR10507659|k141_82094_1	nagA|nagA_6405_bv	100.0	388	0	0	1	388	1	388	1.1e-223	777.7
SRR10507659|k141_82094_2	nagA|nagA_5816_bv	100.0	391	0	0	1	391	1	391	1.4e-228	793.9
SRR10507659|k141_49934_2	nanK|nanK_20117_bv	40.6	303	174	3	1	303	5	301	6.7e-64	246.5
SRR10507659|k141_115423_3	kpsM|kpsM_604_bv	49.6	280	140	1	1	280	1	279	3.2e-76	287.3
SRR10507659|k141_49970_2	kpsM|kpsM_234_bv	51.0	259	121	2	5	260	7	262	2.3e-60	234.6
SRR10507659|k141_49970_3	kpsT|kpsT_3628_bv	92.8	221	16	0	1	221	1	221	5.0e-117	422.5
SRR10507659|k141_49970_4	kpsE|kpsE_10868_bv	45.7	357	194	0	90	446	15	371	5.2e-81	303.9
SRR10507659|k141_49970_5	kpsD|kpsD_5943_bv	77.7	575	123	1	42	616	41	610	1.7e-247	857.4
SRR10507659|k141_115620_1	ompC|ompC_1383_bv	96.3	216	8	0	1	216	33	248	5.2e-119	429.1
SRR10507659|k141_82377_6	siaM|siaM_9035_bv	100.0	424	0	0	1	424	1	424	3.8e-214	746.1
SRR10507659|k141_82377_7	siaQ|siaQ_480775_bv	52.5	160	76	0	4	163	1	160	5.2e-34	146.4
SRR10507659|k141_82460_8	siaM|siaM_49313_bv	100.0	334	0	0	4	337	57	390	5.0e-177	622.5
SRR10507659|k141_15277_5	SIAE|SIAE_84968_bv	92.5	477	36	0	1	477	5	481	1.4e-270	933.7
SRR10507659|k141_115978_1	satD|WP_271417843.1	47.5	236	119	1	38	273	39	269	5.8e-57	223.4
SRR10507659|k141_115984_2	satB|WP_196103737.1	40.8	314	178	2	9	322	7	312	3.5e-58	227.6
SRR10507659|k141_116070_1	siaM|siaM_346184_bv	93.3	254	17	0	1	254	1	254	2.8e-124	446.8
SRR10507659|k141_116070_2	siaQ|siaQ_407971_bv	81.6	158	29	0	1	158	1	158	4.1e-73	276.2
SRR10507659|k141_116070_3	siaP|siaP_640422_bv	76.7	116	27	0	1	116	16	131	2.2e-47	190.3
SRR10507659|k141_15360_19	satD|WP_290245837.1	40.1	252	136	7	6	243	13	263	8.8e-38	159.5
SRR10507659|k141_50423_10	nanU|nanU_404061_bv	40.0	465	253	10	19	475	10	456	4.1e-76	287.7
SRR10507659|k141_15393_1	siaP|siaP_257204_bv	95.9	243	10	0	1	243	92	334	1.7e-134	480.7
SRR10507659|k141_15426_4	nanU|nanU_326952_bv	69.6	553	153	3	1	545	47	592	2.9e-227	790.0
SRR10507659|k141_50477_3	satB|HCO70011.1	48.4	312	160	1	1	312	1	311	3.9e-75	283.9
SRR10507659|k141_15498_5	neuD|neuD_5288_refseq	97.7	215	5	0	1	215	1	215	2.2e-117	423.7
SRR10507659|k141_50487_14	nanQ|nanQ_55_uniprot	100.0	148	0	0	1	148	1	148	2.9e-81	303.1
SRR10507659|k141_82666_135	satD|WP_294421033.1	41.3	230	131	3	17	242	40	269	7.6e-42	172.9
SRR10507659|k141_82666_153	neuB|neuB_24118_bv	99.4	332	2	0	1	332	1	332	1.4e-187	657.5
SRR10507659|k141_82666_154	neuC|neuC_170523_bv	99.7	393	1	0	1	393	1	393	2.2e-224	780.0
SRR10507659|k141_82666_158	neuA|neuA_26328_uniprot	97.7	257	6	0	1	257	1	257	3.6e-143	509.6
SRR10507659|k141_82666_223	nagB|nagB_148003_bv	99.2	236	2	0	1	236	1	236	1.9e-127	457.2
SRR10507659|k141_116166_118	nanK|nanK_17845_bv	47.4	272	140	3	1	270	1	271	1.3e-66	255.4
SRR10507659|k141_15538_8	nanU|nanU_151923_bv	48.8	488	225	10	3	485	1	468	9.0e-119	429.5
SRR10507659|k141_116231_1	satD|WP_124824862.1	40.9	237	122	9	19	248	38	263	5.9e-29	130.2
SRR10507659|k141_50522_45	satD|WP_069102428.1	41.4	256	147	3	20	275	17	269	3.5e-53	211.1
SRR10507659|k141_50565_2	satD|HLT83775.1	46.4	233	124	1	25	257	32	263	5.1e-54	213.8
SRR10507659|k141_15689_6	nanU|nanU_430414_bv	46.4	631	295	9	1	614	5	609	1.9e-158	561.6
SRR10507659|k141_116379_1	siaP|siaP_598204_bv	45.4	304	164	1	59	362	70	371	1.9e-73	278.5
SRR10507659|k141_116379_2	siaQ|siaQ_9066_bv	100.0	170	0	0	1	170	1	170	6.4e-88	325.5
SRR10507659|k141_116379_3	siaM|siaM_10879_bv	100.0	425	0	0	1	425	1	425	1.0e-227	791.2
SRR10507659|k141_15794_5	nanK|nanK_7216_bv	40.0	320	177	6	8	325	4	310	9.5e-56	219.5
SRR10507659|k141_15961_15	nanU|nanU_28472_bv	60.8	576	216	4	1	576	1	566	2.3e-206	720.7
SRR10507659|k141_50957_6	nanK|nanK_7216_bv	40.0	310	174	3	8	314	4	304	9.9e-58	226.1
SRR10507659|k141_50960_1	SIAE|SIAE_28550_refseq	100.0	478	0	0	1	478	8	485	1.3e-274	947.2
SRR10507659|k141_50960_5	SIAE|SIAE_8129_uniprot	100.0	1064	0	0	1	1064	3	1066	0.0e+00	2191.4
SRR10507659|k141_16063_9	nanR|nanR_630_uniprot	100.0	238	0	0	1	238	1	238	2.6e-132	473.4
SRR10507659|k141_51021_14	nanU|nanU_458854_bv	88.5	416	48	0	13	428	1	416	7.6e-215	748.4
SRR10507659|k141_116685_1	nanQ|nanQ_2291_uniprot	73.3	146	39	0	1	146	5	150	6.7e-62	238.8
SRR10507659|k141_51046_2	satB|HCO70011.1	40.9	308	182	0	6	313	6	313	3.2e-61	237.7
SRR10507659|k141_51046_4	satD|MDO5722857.1	40.9	264	139	5	1	255	5	260	7.1e-46	186.4
SRR10507659|k141_51046_5	satD|WP_179700122.1	47.2	254	118	3	6	244	7	259	1.9e-56	221.5
SRR10507659|k141_16101_2	siaQ|siaQ_411681_bv	52.9	155	73	0	1	155	11	165	1.1e-41	171.8
SRR10507659|k141_16101_3	siaM|siaM_9479_bv	100.0	378	0	0	1	378	1	378	2.8e-168	593.6
SRR10507659|k141_16114_10	nagA|nagA_171647_bv	100.0	374	0	0	1	374	1	374	1.1e-217	757.7
SRR10507659|k141_51131_10	siaM|siaM_25544_bv	83.5	425	70	0	1	425	1	425	3.1e-184	646.7
SRR10507659|k141_51135_4	kpsM|kpsM_814_bv	100.0	270	0	0	1	270	1	270	2.4e-142	506.9
SRR10507659|k141_116888_2	siaQ|siaQ_39005_bv	100.0	158	0	0	1	158	1	158	6.3e-82	305.4
SRR10507659|k141_116888_3	siaM|siaM_195279_bv	100.0	435	0	0	1	435	2	436	7.0e-224	778.5
SRR10507659|k141_16240_15	nanU|nanU_46717_bv	58.8	571	225	4	1	566	1	566	8.9e-195	682.2
SRR10507659|k141_83328_44	SIAE|SIAE_11657_bv	100.0	469	0	0	1	469	2	470	1.3e-287	990.3
SRR10507659|k141_116966_7	nanR|nanR_1299_uniprot	46.0	198	106	1	1	198	28	224	9.5e-43	175.6
SRR10507659|k141_16280_2	satB|WP_044748530.1	42.0	312	181	0	1	312	1	312	1.4e-69	265.4
SRR10507659|k141_16280_5	satD|WP_366180156.1	46.8	263	133	5	3	263	17	274	2.3e-54	214.9
SRR10507659|k141_83383_1	nanQ|nanQ_827_uniprot	100.0	116	0	0	1	116	1	116	3.1e-62	239.6
SRR10507659|k141_16411_1	siaP|siaP_687626_bv	44.8	165	91	0	1	165	50	214	1.9e-39	164.5
SRR10507659|k141_117087_2	siaQ|siaQ_989_uniprot	76.3	173	41	0	1	173	1	173	1.1e-71	271.6
SRR10507659|k141_117087_3	siaM|siaM_50322_bv	100.0	434	0	0	1	434	1	434	1.1e-229	797.7
SRR10507659|k141_117140_16	SIAE|SIAE_602_bv	100.0	489	0	0	1	489	1	489	5.9e-296	1018.1
SRR10507659|k141_16556_1	nanA|nanA_27086_bv	100.0	307	0	0	1	307	22	328	5.0e-176	619.0
SRR10507659|k141_51464_9	siaP|siaP_17236_bv	100.0	331	0	0	1	331	1	331	6.2e-188	658.7
SRR10507659|k141_51464_10	siaM|siaM_10572_bv	100.0	434	0	0	1	434	1	434	1.8e-232	807.0
SRR10507659|k141_51464_11	siaQ|siaQ_10890_bv	100.0	176	0	0	1	176	1	176	1.5e-92	340.9
SRR10507659|k141_117231_1	nagB|nagB_181008_bv	52.1	165	73	3	1	164	4	163	2.0e-41	171.4
SRR10507659|k141_83598_1	nagA|nagA_6938_bv	100.0	282	0	0	1	282	98	379	1.8e-164	580.5
SRR10507659|k141_16586_8	nanU|nanU_349474_bv	97.9	528	11	0	8	535	1	528	1.8e-309	1063.1
SRR10507659|k141_16586_14	nanU|nanU_335603_bv	56.9	497	211	3	14	509	1	495	1.8e-162	574.7
SRR10507659|k141_16586_29	nanU|nanU_223553_bv	43.7	538	282	5	5	538	8	528	2.6e-119	431.4
SRR10507659|k141_51513_2	SIAE|SIAE_71735_bv	100.0	477	0	0	1	477	11	487	3.5e-285	982.2
SRR10507659|k141_51513_4	nanU|nanU_27882_bv	40.4	550	296	13	1	542	1	526	4.1e-96	354.4
SRR10507659|k141_51540_1	nagA|nagA_2595_bv	100.0	289	0	0	1	289	5	293	5.6e-169	595.5
SRR10507659|k141_83733_5	nanU|nanU_572409_bv	43.9	465	246	6	74	533	137	591	1.6e-105	385.6
SRR10507659|k141_83733_13	nanU|nanU_114568_bv	43.2	629	324	13	2	612	25	638	1.2e-136	489.2
SRR10507659|k141_83748_2	siaM|siaM_23665_bv	100.0	424	0	0	1	424	1	424	8.9e-224	778.1
SRR10507659|k141_83748_3	siaQ|siaQ_53523_bv	100.0	175	0	0	1	175	1	175	6.3e-91	335.5
SRR10507659|k141_83748_4	siaP|siaP_225938_bv	53.2	297	137	2	58	353	34	329	1.1e-84	315.8
SRR10507659|k141_16766_2	nanQ|nanQ_806_bv	95.5	110	5	0	1	110	1	110	7.1e-56	218.4
SRR10507659|k141_16794_2	nanK|nanK_25625_bv	40.6	283	160	5	5	284	3	280	2.2e-48	194.9
SRR10507659|k141_117413_53	nanU|nanU_313707_bv	54.3	540	243	3	14	552	9	545	2.9e-166	587.4
SRR10507659|k141_117413_111	nanU|nanU_156911_bv	65.0	509	169	3	4	503	1	509	4.3e-193	676.4
SRR10507659|k141_16868_2	kpsD|kpsD_13695_bv	54.4	697	315	2	26	720	126	821	5.6e-218	759.6
SRR10507659|k141_83792_105	satD|WP_373777344.1	41.3	225	124	7	23	240	39	262	1.1e-35	152.5
SRR10507659|k141_51862_1	siaM|siaM_63628_bv	97.7	215	5	0	1	215	69	283	1.2e-104	381.3
SRR10507659|k141_51895_2	siaP|siaP_374557_bv	76.8	95	22	0	1	95	27	121	3.5e-35	149.4
SRR10507659|k141_16937_1	satD|WP_290170467.1	44.8	252	132	2	5	250	20	270	1.4e-54	215.3
SRR10507659|k141_117644_2	satD|WP_290245837.1	44.1	256	136	2	5	254	13	267	1.9e-61	238.4
SRR10507659|k141_83966_2	siaQ|siaQ_129170_bv	100.0	158	0	0	1	158	1	158	1.2e-85	317.8
SRR10507659|k141_117704_2	nanU|nanU_586567_bv	42.4	542	269	16	4	523	6	526	3.1e-109	397.9
SRR10507659|k141_117733_15	siaT|siaT_43978_uniprot	99.6	450	2	0	1	450	1	450	1.1e-235	817.8
SRR10507659|k141_52134_5	nanH|nanH_47934_bv	98.8	251	3	0	59	309	29	279	6.4e-147	522.3
SRR10507659|k141_84156_1	siaP|siaP_225938_bv	52.2	249	118	1	1	248	41	289	3.3e-69	263.8
SRR10507659|k141_117864_1	neuB|neuB_24838_bv	99.3	148	1	0	8	155	1	148	4.8e-82	305.8
SRR10507659|k141_52229_1	nanE|nanE_21125_bv	100.0	166	0	0	1	166	71	236	1.2e-86	321.2
SRR10507659|k141_17240_4	satD|WP_075371712.1	44.4	261	136	4	4	258	13	270	2.9e-54	214.5
SRR10507659|k141_84219_17	nagB|nagB_3966_bv	100.0	270	0	0	1	270	1	270	9.6e-155	548.1
SRR10507659|k141_84219_46	nanU|nanU_643356_bv	83.8	616	99	1	2	616	1	616	2.2e-312	1072.8
SRR10507659|k141_17249_2	nanK|nanK_10863_bv	41.6	274	151	6	17	289	3	268	1.3e-46	189.1
SRR10507659|k141_52279_2	neuA|neuA_10057_uniprot	99.1	223	2	0	1	223	1	223	4.1e-127	456.1
SRR10507659|k141_118095_1	siaP|siaP_324157_bv	93.0	128	7	1	1	126	40	167	1.4e-63	244.2
SRR10507659|k141_118095_2	siaQ|siaQ_26436_bv	100.0	169	0	0	1	169	1	169	2.5e-84	313.5
SRR10507659|k141_84386_3	satD|WP_271417843.1	47.5	240	125	1	18	257	32	270	8.7e-62	239.6
SRR10507659|k141_52398_40	nanU|nanU_573757_bv	63.5	496	175	3	16	505	10	505	8.5e-189	662.1
SRR10507659|k141_118227_1	satD|WP_022888774.1	40.1	187	101	6	19	195	4	189	2.4e-22	107.8
SRR10507659|k141_17408_2	nanK|nanK_8349_bv	42.6	284	148	4	1	270	1	283	7.6e-59	229.6
SRR10507659|k141_17415_1	satD|MBS5449759.1	43.8	201	112	1	2	202	4	203	1.9e-43	177.9
SRR10507659|k141_17485_7	nanU|nanU_311719_bv	55.9	494	208	3	1	491	1	487	2.4e-156	554.3
SRR10507659|k141_84591_2	siaQ|siaQ_175057_bv	77.9	163	36	0	1	163	1	163	2.0e-67	257.3
SRR10507659|k141_84638_16	neuA|neuA_13202_uniprot	84.7	215	33	0	1	215	1	215	1.7e-101	370.9
SRR10507659|k141_17592_3	SIAE|SIAE_626_uniprot	100.0	474	0	0	1	474	7	480	2.2e-287	989.6
SRR10507659|k141_52528_2	nanU|nanU_133699_bv	99.3	455	2	1	10	464	1	454	8.4e-260	897.9
SRR10507659|k141_118463_1	neuA|neuA_20585_bv	76.1	109	26	0	1	109	38	146	1.8e-40	167.2
SRR10507659|k141_84772_1	nanA|nanA_4932_bv	100.0	222	0	0	1	222	1	222	2.1e-123	443.7
SRR10507659|k141_84823_5	nanQ|nanQ_5308_uniprot	100.0	154	0	0	1	154	1	154	8.3e-87	321.6
SRR10507659|k141_118518_147	satD|WP_421084386.1	43.6	282	134	4	3	283	32	289	1.0e-55	219.5
SRR10507659|k141_17892_10	SIAE|SIAE_26378_refseq	99.8	479	1	0	1	479	1	479	2.4e-286	986.1
SRR10507659|k141_17892_18	SIAE|SIAE_85672_bv	83.3	648	45	1	1	648	1	585	0.0e+00	1085.1
SRR10507659|k141_84983_10	nanU|nanU_474887_bv	99.4	465	3	0	103	567	3	467	1.8e-280	966.8
SRR10507659|k141_17949_2	satB|WP_294084976.1	47.3	313	157	2	1	305	1	313	3.6e-73	277.3
SRR10507659|k141_85039_2	ompF|ompF_3972_bv	100.0	359	0	0	1	359	2	360	8.1e-210	731.5
SRR10507659|k141_85053_4	satD|CEA06890.1	44.8	270	144	2	1	270	1	265	3.3e-59	231.1
SRR10507659|k141_118612_46	satD|WP_129626403.1	40.1	237	135	5	12	244	37	270	6.3e-31	136.7
SRR10507659|k141_118628_1	siaM|siaM_367278_bv	100.0	154	0	0	1	154	24	177	2.0e-72	273.9
SRR10507659|k141_52928_3	nanQ|nanQ_662_uniprot	99.4	159	1	0	1	159	1	159	2.8e-93	343.2
SRR10507659|k141_85240_24	satD|WP_255793737.1	43.8	256	137	2	4	253	13	267	3.0e-59	231.1
SRR10507659|k141_85240_27	satB|MCL2228095.1	57.3	309	131	1	1	309	1	308	5.9e-93	343.2
SRR10507659|k141_118664_1	SIAE|SIAE_5839_uniprot	100.0	200	0	0	1	200	10	209	2.6e-117	423.3
SRR10507659|k141_18237_2	nanU|nanU_5215_bv	100.0	382	0	0	1	382	1	382	6.1e-224	778.5
SRR10507659|k141_18327_2	satD|WP_422456227.1	46.2	210	113	0	1	210	57	266	7.6e-51	203.0
SRR10507659|k141_85410_24	satD|HJG53471.1	40.5	190	107	3	28	213	37	224	5.6e-26	120.2
SRR10507659|k141_118872_2	satD|WP_154579998.1	44.4	261	138	2	3	257	5	264	7.8e-63	243.0
SRR10507659|k141_53047_8	ompF|ompF_307_bv	73.2	392	84	6	1	377	1	386	2.1e-160	567.4
SRR10507659|k141_53116_1	siaM|siaM_421970_bv	95.6	114	5	0	1	114	26	139	4.1e-54	212.6
SRR10507659|k141_85482_40	ompF|ompF_2732_bv	100.0	362	0	0	1	362	2	363	8.2e-210	731.5
SRR10507659|k141_119027_4	nanU|nanU_153439_bv	79.3	552	112	2	1	552	1	550	7.4e-263	908.3
SRR10507659|k141_119032_1	kpsM|kpsM_209_bv	41.5	195	111	1	1	192	64	258	1.4e-35	151.8
SRR10507659|k141_18544_23	nanQ|nanQ_32_uniprot	100.0	146	0	0	1	146	1	146	3.9e-78	292.7
SRR10507659|k141_18546_3	nanR|nanR_1299_uniprot	42.2	223	129	0	1	223	1	223	1.2e-41	172.2
SRR10507659|k141_119097_2	nanK|nanK_22396_bv	45.3	278	151	1	7	284	42	318	5.0e-61	236.9
SRR10507659|k141_53308_3	SIAE|SIAE_27941_refseq	100.0	440	0	0	1	440	31	470	1.7e-270	933.3
SRR10507659|k141_119143_2	satD|WP_075373884.1	44.2	258	141	3	1	258	17	271	4.9e-57	223.8
SRR10507659|k141_53330_1	satB|WP_263079827.1	56.9	248	107	0	1	248	61	308	1.0e-73	278.9
SRR10507659|k141_18658_14	nanA|nanA_29593_bv	98.4	309	5	0	1	309	4	312	3.1e-173	609.8
SRR10507659|k141_18658_15	nanQ|nanQ_7053_uniprot	98.0	152	3	0	1	152	1	152	5.3e-86	318.9
SRR10507659|k141_18658_16	nanE|nanE_23510_bv	98.3	236	4	0	1	236	1	236	6.0e-129	462.2
SRR10507659|k141_18658_17	nanK|nanK_297_bv	45.8	306	161	3	5	309	3	304	4.4e-71	270.4
SRR10507659|k141_18713_4	satD|WP_297186591.1	40.2	229	130	2	19	241	30	257	4.5e-39	163.7
SRR10507659|k141_53603_1	ompF|ompF_8318_bv	99.0	96	1	0	1	96	16	111	3.3e-49	196.1
SRR10507659|k141_53619_1	nanA|nanA_5035_uniprot	48.6	107	55	0	5	111	1	107	2.8e-23	110.2
SRR10507659|k141_53660_8	nanU|nanU_371050_bv	49.3	582	281	6	26	607	19	586	4.2e-166	587.0
SRR10507659|k141_18936_3	nanU|nanU_191178_bv	99.2	531	4	0	5	535	3	533	1.1e-311	1070.5
SRR10507659|k141_86140_5	satD|MDN5900612.1	40.1	232	122	7	22	247	49	269	9.8e-32	139.4
SRR10507659|k141_18981_92	satB|WP_062515624.1	44.2	303	156	3	16	310	15	312	6.3e-65	250.0
SRR10507659|k141_18981_96	satD|WP_157242448.1	42.2	251	140	1	27	272	9	259	5.2e-49	197.2
SRR10507659|k141_53842_18	nanU|nanU_235265_bv	44.9	459	236	5	3	447	4	459	4.4e-104	380.6
SRR10507659|k141_19023_2	nanH|nanH_39817_bv	69.6	365	111	0	1	365	1	365	7.6e-163	575.5
SRR10507659|k141_19023_3	nanU|nanU_352316_bv	99.6	465	2	0	22	486	1	465	2.7e-272	939.5
SRR10507659|k141_119470_4	siaQ|siaQ_354078_bv	99.4	170	1	0	1	170	1	170	2.5e-92	340.1
SRR10507659|k141_119470_5	siaM|siaM_6133_bv	100.0	432	0	0	1	432	1	432	2.0e-231	803.5
SRR10507659|k141_86243_1	satB|HUX88249.1	44.1	311	171	2	1	310	1	309	3.2e-61	237.7
SRR10507659|k141_86243_2	satD|WP_227924124.1	45.8	262	141	1	5	266	6	266	3.7e-63	244.2
SRR10507659|k141_119498_35	satD|WP_124091719.1	47.7	260	135	1	1	260	1	259	8.4e-65	249.6
SRR10507659|k141_119516_6	satB|MEX1157706.1	40.3	315	176	4	4	306	1	315	1.0e-51	206.1
SRR10507659|k141_19088_1	nanK|nanK_27554_bv	74.2	299	77	0	1	299	1	299	1.5e-124	448.0
SRR10507659|k141_86418_4	siaM|siaM_416294_bv	99.2	636	5	0	1	636	1	636	0.0e+00	1193.7
SRR10507659|k141_119528_7	satD|WP_136640697.1	44.6	260	143	1	2	261	3	261	1.3e-60	235.7
SRR10507659|k141_119528_73	satD|KFC16516.1	48.3	234	119	2	19	252	40	271	3.9e-59	230.7
SRR10507659|k141_119528_76	satB|WP_263079827.1	55.0	307	138	0	1	307	1	307	4.7e-89	330.1
SRR10507659|k141_86471_1	siaM|siaM_331609_bv	100.0	267	0	0	1	267	1	267	2.3e-129	463.8
SRR10507659|k141_86471_2	siaQ|siaQ_366544_bv	50.6	154	76	0	1	154	1	154	8.4e-32	139.0
SRR10507659|k141_86526_2	nanK|nanK_17845_bv	47.4	272	140	3	1	270	1	271	5.8e-67	256.5
SRR10507659|k141_19189_16	satB|WP_209510972.1	51.6	308	148	1	1	308	1	307	4.1e-75	283.9
SRR10507659|k141_19189_19	satD|WP_227924124.1	43.4	258	139	2	2	253	10	266	7.3e-61	236.5
SRR10507659|k141_54308_13	nagA|nagA_2756_bv	100.0	387	0	0	1	387	1	387	9.6e-225	781.2
SRR10507659|k141_19408_2	siaM|siaM_27636_bv	99.5	422	2	0	1	422	1	422	1.7e-219	763.8
SRR10507659|k141_19408_3	siaQ|siaQ_811_uniprot	43.3	141	80	0	20	160	1	141	3.3e-25	117.1
SRR10507659|k141_86754_3	siaM|siaM_285170_bv	99.3	151	1	0	1	151	46	196	2.0e-69	263.8
SRR10507659|k141_54319_20	nanA|nanA_8957_bv	74.2	291	75	0	1	291	1	291	3.0e-130	466.8
SRR10507659|k141_86781_3	nanU|nanU_430973_bv	40.3	583	294	15	16	591	8	543	9.0e-105	383.3
SRR10507659|k141_119687_61	nanU|nanU_415871_bv	90.2	572	54	1	1	572	1	570	0.0e+00	1080.9
SRR10507659|k141_119687_84	nanU|nanU_345562_bv	80.1	498	99	0	14	511	13	510	1.3e-240	834.3
SRR10507659|k141_19560_1	satD|WP_387145101.1	42.0	243	134	4	1	236	1	243	3.4e-39	164.1
SRR10507659|k141_119693_2	satD|MDF2442142.1	52.3	243	114	2	30	272	23	263	6.1e-66	253.4
SRR10507659|k141_119757_2	nanU|nanU_280392_bv	66.5	486	157	3	1	485	46	526	6.0e-200	699.1
SRR10507659|k141_119780_3	nanU|nanU_399565_bv	57.4	486	205	2	13	497	11	495	1.5e-161	571.6
SRR10507659|k141_119800_2	siaQ|siaQ_234611_bv	72.6	168	46	0	1	168	1	168	2.7e-62	240.4
SRR10507659|k141_87028_1	nanK|nanK_7216_bv	41.8	292	155	4	7	295	4	283	7.0e-58	226.5
SRR10507659|k141_87031_1	siaM|siaM_591563_bv	98.7	235	3	0	1	235	68	302	1.0e-120	434.9
SRR10507659|k141_87103_3	nanU|nanU_151621_bv	77.3	543	123	0	1	543	1	543	5.1e-256	885.6
SRR10507659|k141_119869_29	nagB|nagB_9212_bv	100.0	263	0	0	1	263	1	263	8.7e-153	541.6
SRR10507659|k141_119869_31	SIAE|SIAE_5042_bv	100.0	497	0	0	1	497	1	497	9.2e-305	1047.3
SRR10507659|k141_119869_37	nanU|nanU_329186_bv	71.0	558	161	1	1	558	1	557	1.2e-244	847.8
SRR10507659|k141_54597_1	siaM|siaM_500500_bv	92.7	218	16	0	1	218	67	284	3.4e-110	399.8
SRR10507659|k141_19827_1	satD|WP_105674295.1	41.7	206	103	6	20	212	3	204	2.2e-29	131.3
SRR10507659|k141_54691_2	nanU|nanU_98380_bv	72.4	576	155	4	11	585	1	573	3.9e-254	879.4
SRR10507659|k141_87199_2	siaQ|siaQ_1878_bv	100.0	150	0	0	1	150	9	158	3.7e-79	296.2
SRR10507659|k141_87199_3	siaM|siaM_173054_bv	100.0	420	0	0	1	420	1	420	1.0e-227	791.2
SRR10507659|k141_87254_1	SIAE|SIAE_27375_bv	98.7	471	6	0	7	477	14	484	2.5e-283	976.1
SRR10507659|k141_54719_2	nanU|nanU_25900_bv	99.8	409	1	0	1	409	1	409	1.2e-241	837.4
SRR10507659|k141_20125_2	nanU|nanU_522014_bv	51.5	565	253	12	1	553	1	556	4.1e-152	540.4
SRR10507659|k141_20147_2	siaQ|siaQ_545706_bv	76.9	160	37	0	33	192	1	160	4.1e-67	256.5
SRR10507659|k141_20147_3	siaP|siaP_275825_bv	74.4	121	31	0	44	164	17	137	1.5e-49	198.0
SRR10507659|k141_54908_2	nanU|nanU_566500_bv	93.8	480	30	0	32	511	1	480	3.2e-268	926.0
SRR10507659|k141_54961_3	nanU|nanU_447203_bv	42.6	676	336	20	19	683	3	637	9.0e-133	476.5
SRR10507659|k141_120294_2	satB|OPL08662.1	40.4	337	168	3	1	337	1	304	3.2e-62	241.1
SRR10507659|k141_55086_2	satD|WP_136640697.1	46.0	261	141	0	1	261	1	261	8.0e-63	243.0
SRR10507659|k141_55087_31	nanU|nanU_97494_bv	40.5	556	294	17	3	545	22	553	1.7e-102	375.6
SRR10507659|k141_87733_2	satD|WP_251840777.1	43.3	263	142	4	3	260	2	262	6.9e-56	219.9
SRR10507659|k141_87766_9	SIAE|SIAE_8400_bv	100.0	474	0	0	1	474	1	474	1.7e-287	989.9
SRR10507659|k141_87766_14	nanU|nanU_373955_bv	98.4	444	7	0	77	520	1	444	4.5e-262	905.6
SRR10507659|k141_120451_2	nanU|nanU_254119_bv	98.8	509	6	0	1	509	8	516	1.6e-299	1030.0
SRR10507659|k141_55273_3	nanU|nanU_580765_bv	73.0	493	132	1	2	493	3	495	6.5e-210	732.3
SRR10507659|k141_55291_2	nanU|nanU_590899_bv	60.6	414	151	4	1	412	83	486	1.3e-147	525.0
SRR10507659|k141_120639_2	SIAE|SIAE_32529_refseq	100.0	201	0	0	1	201	65	265	2.0e-117	423.7
SRR10507659|k141_55327_22	nanU|nanU_259305_bv	55.9	547	232	5	13	559	6	543	4.1e-176	620.2
SRR10507659|k141_55327_56	nanU|nanU_98900_bv	71.8	553	154	2	1	551	4	556	1.0e-240	834.7
SRR10507659|k141_20742_1	SIAE|SIAE_2741_bv	100.0	477	0	0	1	477	1	477	7.1e-286	984.6
SRR10507659|k141_55371_2	nagB|nagB_17634_bv	100.0	239	0	0	1	239	1	239	2.6e-135	483.4
SRR10507659|k141_87953_43	satB|MFN4189717.1	44.1	306	170	1	1	306	1	305	1.1e-74	282.3
SRR10507659|k141_55447_3	neuC|neuC_3580_refseq	100.0	399	0	0	1	399	1	399	3.2e-215	749.6
SRR10507659|k141_20826_8	satD|WP_314178371.1	50.4	236	113	2	23	258	39	270	7.5e-60	233.0
SRR10507659|k141_120856_1	nanK|nanK_707_uniprot	58.6	273	110	1	60	329	11	283	5.7e-85	316.6
SRR10507659|k141_88018_5	nanU|nanU_534055_bv	43.6	606	313	15	9	596	2	596	1.1e-121	439.5
SRR10507659|k141_21049_8	nanU|nanU_291680_bv	42.8	493	265	8	1	490	10	488	5.5e-116	420.2
SRR10507659|k141_88112_2	satD|WP_102240344.1	43.7	261	139	3	2	257	6	263	1.3e-54	215.7
SRR10507659|k141_88196_12	nanR|nanR_6426_uniprot	48.2	218	113	0	11	228	69	286	4.9e-51	203.4
SRR10507659|k141_21189_1	siaM|siaM_98971_bv	98.4	258	0	1	1	258	12	265	2.2e-132	473.8
SRR10507659|k141_55692_8	satB|MDY5021696.1	44.3	316	164	2	1	308	1	312	1.3e-60	235.7
SRR10507659|k141_88212_12	nanQ|nanQ_5701_uniprot	96.8	125	4	0	1	125	1	125	1.5e-66	254.2
SRR10507659|k141_55712_8	nanU|nanU_137448_bv	80.4	540	106	0	1	540	1	540	1.2e-265	917.5
SRR10507659|k141_121232_1	nagB|nagB_15643_bv	100.0	257	0	0	1	257	1	257	7.5e-149	528.5
SRR10507659|k141_121241_3	nanQ|nanQ_295_bv	100.0	151	0	0	1	151	1	151	1.1e-83	311.2
SRR10507659|k141_121256_2	neuA|neuA_11023_uniprot	64.4	216	76	1	2	217	3	217	7.7e-84	312.4
SRR10507659|k141_121314_6	siaP|siaP_114650_bv	43.5	299	167	2	62	358	45	343	1.8e-68	261.9
SRR10507659|k141_121314_8	siaM|siaM_61096_bv	100.0	428	0	0	1	428	1	428	6.9e-224	778.5
SRR10507659|k141_121320_3	nanU|nanU_562525_bv	75.4	573	141	0	1	573	1	573	2.4e-272	939.9
SRR10507659|k141_21369_16	nanU|nanU_88387_bv	42.9	501	275	6	12	505	7	503	5.8e-113	410.2
SRR10507659|k141_21369_28	nanU|nanU_547060_bv	66.1	475	160	1	1	475	1	474	3.3e-182	640.2
SRR10507659|k141_21387_1	siaQ|siaQ_558214_bv	96.4	111	4	0	1	111	5	115	1.1e-51	204.5
SRR10507659|k141_21387_2	siaM|siaM_544607_bv	100.0	65	0	0	1	65	1	65	8.2e-20	97.8
SRR10507659|k141_56063_42	SIAE|SIAE_67366_bv	47.2	634	176	3	12	645	10	484	2.6e-166	587.8
SRR10507659|k141_88366_34	SIAE|SIAE_45363_bv	63.7	571	169	3	1	571	1	533	1.1e-216	755.0
SRR10507659|k141_21427_6	nanK|nanK_28066_bv	44.3	305	156	4	6	310	4	294	9.0e-64	246.1
SRR10507659|k141_88450_1	satD|WP_144591788.1	45.5	209	111	3	20	226	31	238	7.5e-39	162.9
SRR10507659|k141_88450_4	satB|HYI23826.1	40.2	316	180	2	1	308	1	315	1.3e-54	215.7
SRR10507659|k141_88480_2	nanU|nanU_70254_bv	47.1	526	248	14	11	523	1	509	6.0e-121	436.8
SRR10507659|k141_121440_52	nanU|nanU_41354_bv	94.8	461	24	0	1	461	1	461	1.2e-262	907.5
SRR10507659|k141_21506_2	nanR|nanR_1411_uniprot	44.2	471	260	2	1	470	1	469	4.3e-118	427.2
SRR10507659|k141_88553_1	nanA|nanA_10102_uniprot	48.3	149	77	0	6	154	6	154	7.2e-38	159.1
SRR10507659|k141_88590_18	satB|HEV7298131.1	40.5	316	179	4	1	309	1	314	6.5e-54	213.4
SRR10507659|k141_88590_21	satD|MDO4791338.1	42.1	252	136	5	3	244	6	257	1.2e-47	192.2
SRR10507659|k141_56426_24	ompF|ompF_4074_bv	64.3	361	117	5	1	350	1	360	4.3e-131	469.9
SRR10507659|k141_56471_2	nagA|nagA_69839_bv	49.9	391	193	2	1	389	1	390	8.1e-110	399.4
SRR10507659|k141_88757_2	nanU|nanU_548479_bv	55.1	503	215	6	1	497	1	498	3.5e-163	577.0
SRR10507659|k141_21777_1	siaQ|siaQ_356581_bv	100.0	135	0	0	1	135	12	146	1.4e-69	264.2
SRR10507659|k141_88781_4	nanU|nanU_485807_bv	94.7	493	26	0	1	493	1	493	2.8e-277	956.1
SRR10507659|k141_88781_26	nanU|nanU_622114_bv	44.3	517	255	14	4	517	8	494	3.2e-106	387.9
SRR10507659|k141_21831_2	kpsM|kpsM_197_bv	100.0	202	0	0	1	202	59	260	7.0e-102	372.1
SRR10507659|k141_121874_2	nanK|nanK_7216_bv	40.4	324	168	7	7	328	4	304	4.1e-54	214.2
SRR10507659|k141_21834_135	satD|WP_162320857.1	40.9	208	119	4	24	227	31	238	5.2e-29	130.2
SRR10507659|k141_89026_8	nanU|nanU_444_bv	100.0	493	0	0	1	493	1	493	3.7e-282	972.2
SRR10507659|k141_89026_41	nanU|nanU_108721_bv	41.0	544	298	10	6	548	2	523	9.5e-109	396.4
SRR10507659|k141_56535_176	satD|WP_026427159.1	40.2	254	142	6	1	245	12	264	6.6e-39	163.7
SRR10507659|k141_56535_253	satD|WP_123935199.1	40.4	225	128	5	20	239	40	263	6.4e-33	143.3
SRR10507659|k141_56564_1	SIAE|SIAE_32530_refseq	100.0	276	0	0	1	276	1	276	3.1e-161	569.7
SRR10507659|k141_89088_10	satD|WP_046694281.1	40.2	224	130	4	22	241	48	271	2.0e-34	148.3
SRR10507659|k141_56722_1	nanU|nanU_201748_bv	53.6	377	170	4	2	377	3	375	1.1e-111	405.6
SRR10507659|k141_56757_19	nanQ|nanQ_1274_uniprot	100.0	149	0	0	1	149	1	149	6.4e-84	312.0
SRR10507659|k141_122426_10	satD|WP_426877444.1	40.6	224	126	6	25	242	39	261	1.3e-33	145.6
SRR10507659|k141_122445_1	nanK|nanK_3632_bv	41.4	280	163	1	31	309	16	295	2.1e-60	235.0
SRR10507659|k141_56906_15	nagB|nagB_10882_bv	100.0	270	0	0	1	270	1	270	1.0e-156	554.7
SRR10507659|k141_89440_1	siaM|siaM_270387_bv	99.7	333	1	0	1	333	33	365	6.9e-163	575.5
SRR10507659|k141_57019_5	nanU|nanU_517875_bv	50.2	548	261	8	3	541	11	555	3.3e-146	520.8
SRR10507659|k141_22628_8	nanT|nanT_12471_bv	47.3	387	200	3	6	391	14	397	4.8e-89	330.5
SRR10507659|k141_22641_1	nanU|nanU_590899_bv	61.1	494	180	4	16	507	3	486	5.7e-177	622.9
SRR10507659|k141_89704_10	siaQ|siaQ_140848_bv	51.2	166	80	1	1	165	4	169	8.4e-40	165.6
SRR10507659|k141_89704_11	siaT|siaT_55820_uniprot	100.0	428	0	0	1	428	1	428	1.5e-231	803.9
SRR10507659|k141_89704_23	siaM|siaM_46120_bv	100.0	427	0	0	1	427	1	427	6.2e-225	781.9
SRR10507659|k141_57161_2	siaQ|siaQ_485190_bv	60.7	135	53	0	1	135	9	143	3.3e-39	163.3
SRR10507659|k141_89756_2	satB|MCL2228095.1	47.6	309	160	2	1	309	1	307	1.2e-74	282.3
SRR10507659|k141_57195_4	nanK|nanK_4445_bv	53.6	293	136	0	1	293	1	293	8.3e-91	335.9
SRR10507659|k141_57205_2	nanQ|nanQ_15_uniprot	99.3	148	1	0	1	148	1	148	9.2e-83	308.1
SRR10507659|k141_22817_1	nanH|nanH_23810_bv	51.1	481	199	10	1	469	1	457	1.1e-121	439.1
SRR10507659|k141_22835_4	nagA|nagA_166989_bv	100.0	382	0	0	1	382	21	402	1.4e-220	767.3
SRR10507659|k141_22835_5	nagB|nagB_80253_bv	83.8	297	17	1	1	266	1	297	4.3e-139	496.1
SRR10507659|k141_57376_2	satD|WP_125171520.1	47.9	257	126	3	4	254	11	265	3.3e-59	230.7
SRR10507659|k141_57414_1	satD|WP_420176145.1	47.6	189	94	3	2	185	17	205	5.1e-38	159.8
SRR10507659|k141_57465_9	satB|MFN4189717.1	43.8	324	152	2	14	337	12	305	3.0e-65	251.1
SRR10507659|k141_57465_12	satD|WP_306233816.1	46.2	264	128	2	2	252	12	274	9.5e-58	226.1
SRR10507659|k141_123017_1	nagA|nagA_127166_bv	100.0	272	0	0	1	272	1	272	7.6e-160	565.1
SRR10507659|k141_123017_5	nanM|nanM_3259_bv	42.4	363	193	6	44	406	6	352	2.6e-71	271.6
SRR10507659|k141_123017_8	SIAE|SIAE_4538_bv	100.0	687	0	0	1	687	1	687	0.0e+00	1438.3
SRR10507659|k141_123017_12	nanU|nanU_574902_bv	99.8	500	1	0	1	500	2	501	5.8e-299	1028.1
SRR10507659|k141_57551_2	nanU|nanU_412311_bv	99.6	543	2	0	4	546	3	545	0.0e+00	1125.5
SRR10507659|k141_123027_33	nanQ|nanQ_6941_uniprot	99.3	148	1	0	1	148	1	148	8.0e-79	295.0
SRR10507659|k141_123028_3	siaM|siaM_78093_bv	100.0	433	0	0	1	433	1	433	2.0e-226	786.9
SRR10507659|k141_23210_5	nanK|nanK_40_bv	47.1	312	159	2	3	308	2	313	1.3e-73	278.9
SRR10507659|k141_23251_1	siaP|siaP_26827_bv	88.2	245	29	0	91	335	1	245	3.0e-121	437.2
SRR10507659|k141_23251_2	siaQ|siaQ_21193_bv	100.0	167	0	0	1	167	1	167	5.9e-86	318.9
SRR10507659|k141_23251_3	siaM|siaM_8086_bv	100.0	435	0	0	1	435	1	435	1.6e-223	777.3
SRR10507659|k141_123038_10	nanH|nanH_17083_bv	89.9	464	47	0	81	544	1	464	2.7e-257	889.8
SRR10507659|k141_123038_12	nanH|nanH_1438_bv	100.0	375	0	0	1	375	1	375	8.7e-223	774.6
SRR10507659|k141_123038_13	nanA|nanA_25777_refseq	45.2	310	153	4	9	311	9	308	5.4e-69	263.5
SRR10507659|k141_123038_14	nanU|nanU_128276_bv	54.9	468	210	1	16	483	1	467	1.6e-152	541.6
SRR10507659|k141_123046_1	kpsT|kpsT_10521_bv	49.7	173	86	1	1	172	66	238	5.3e-45	183.0
SRR10507659|k141_123079_17	nanU|nanU_575580_bv	40.5	615	313	20	12	605	14	596	2.2e-114	415.2
SRR10507659|k141_123079_25	nanU|nanU_37265_bv	59.1	496	198	4	5	497	3	496	9.7e-177	622.1
SRR10507659|k141_57556_20	nanU|nanU_130182_bv	100.0	553	0	0	1	553	1	553	0.0e+00	1137.1
SRR10507659|k141_57556_84	nanU|nanU_367908_bv	41.1	581	297	14	5	575	7	552	2.4e-107	391.7
SRR10507659|k141_57556_152	nagB|nagB_1576_bv	100.0	269	0	0	1	269	1	269	3.5e-157	556.2
SRR10507659|k141_23454_3	nanA|nanA_54799_refseq	66.3	83	27	1	3	84	2	84	4.4e-26	119.0
SRR10507659|k141_123333_3	satD|CEA06890.1	49.6	262	129	3	3	263	6	265	1.1e-59	232.6
SRR10507659|k141_57823_3	satD|WP_041604300.1	41.0	251	139	5	1	242	11	261	6.7e-39	163.3
SRR10507659|k141_57871_3	neuB|neuB_11322_bv	100.0	346	0	0	1	346	1	346	7.3e-200	698.4
SRR10507659|k141_123480_3	nanU|nanU_555846_bv	84.8	513	78	0	1	513	2	514	4.8e-264	912.1
SRR10507659|k141_123490_4	satD|WP_255793737.1	45.7	258	131	2	8	259	13	267	3.3e-61	237.7
SRR10507659|k141_23742_1	satB|WP_263079827.1	46.3	229	123	0	1	229	75	303	2.8e-54	214.2
SRR10507659|k141_90758_5	satB|OPL08662.1	58.0	312	126	2	1	312	1	307	5.6e-93	343.2
SRR10507659|k141_90758_8	satD|WP_204878079.1	45.3	258	132	2	6	257	17	271	2.3e-62	241.5
SRR10507659|k141_57889_36	nagB|nagB_62438_bv	46.1	219	114	3	14	229	24	241	8.0e-49	196.1
SRR10507659|k141_57889_82	nanR|nanR_3642_bv	40.9	225	116	6	1	218	3	217	1.2e-32	142.5
SRR10507659|k141_90764_11	satD|HJC70536.1	40.0	235	126	7	18	247	9	233	1.8e-30	135.2
SRR10507659|k141_123509_1	nanU|nanU_27882_bv	40.4	550	296	13	1	542	1	526	6.9e-96	353.6
SRR10507659|k141_90823_2	nanU|nanU_104634_bv	47.7	547	238	11	23	550	22	539	4.1e-136	487.3
SRR10507659|k141_90830_5	satD|WP_162320857.1	40.0	210	120	5	22	226	31	239	2.2e-25	118.2
SRR10507659|k141_123574_8	SIAE|SIAE_74144_bv	40.5	640	202	2	4	643	17	477	1.0e-141	506.1
SRR10507659|k141_57995_2	SIAE|SIAE_26821_refseq	99.2	247	2	0	1	247	1	247	2.2e-142	506.9
SRR10507659|k141_58048_2	nagB|nagB_74961_bv	80.4	317	15	1	1	270	1	317	2.0e-136	487.3
SRR10507659|k141_123626_6	nanQ|nanQ_4464_uniprot	50.0	172	86	0	30	201	27	198	3.4e-48	193.7
SRR10507659|k141_91040_2	nanH|nanH_61381_bv	66.0	418	129	5	28	442	19	426	3.0e-161	570.5
SRR10507659|k141_91040_3	nanH|nanH_54835_bv	99.8	427	1	0	1	427	1	427	1.4e-261	903.7
SRR10507659|k141_91042_2	nanQ|nanQ_6121_uniprot	100.0	148	0	0	1	148	1	148	1.9e-80	300.4
SRR10507659|k141_91153_2	siaM|siaM_19642_bv	100.0	425	0	0	1	425	1	425	1.8e-200	700.7
SRR10507659|k141_91153_3	siaQ|siaQ_497130_bv	84.9	166	25	0	15	180	1	166	1.1e-66	255.0
SRR10507659|k141_58216_2	nagA|nagA_131212_bv	100.0	355	0	0	1	355	28	382	2.9e-207	723.0
SRR10507659|k141_123644_250	nanQ|nanQ_6198_uniprot	100.0	149	0	0	1	149	1	149	1.3e-84	314.3
SRR10507659|k141_123655_1	siaM|siaM_5947_bv	100.0	345	0	0	1	345	78	422	1.4e-187	657.5
SRR10507659|k141_58304_2	nanA|nanA_767_refseq	46.2	130	69	1	5	133	3	132	6.6e-27	122.5
SRR10507659|k141_24390_25	nanM|nanM_1494_uniprot	80.8	338	65	0	1	338	18	355	1.9e-168	594.0
SRR10507659|k141_24390_27	nanH|nanH_20530_bv	78.3	545	117	1	1	545	1	544	9.9e-260	897.9
SRR10507659|k141_24390_30	nanU|nanU_2415_bv	100.0	484	0	0	1	484	1	484	7.9e-285	981.1
SRR10507659|k141_24390_31	nanH|nanH_54983_bv	67.2	372	113	3	19	386	14	380	1.0e-149	531.9
SRR10507659|k141_123735_93	nanU|nanU_572409_bv	49.0	502	245	3	29	527	98	591	2.3e-136	488.0
SRR10507659|k141_123739_1	nanK|nanK_26459_bv	68.4	158	48	1	9	164	1	158	5.8e-62	239.2
SRR10507659|k141_24414_2	kpsM|kpsM_209_bv	49.1	275	128	4	5	272	8	277	6.2e-69	263.1
SRR10507659|k141_24462_2	nanE|nanE_2413_bv	99.1	219	2	0	1	219	1	219	2.8e-120	433.3
SRR10507659|k141_58387_82	nanU|nanU_536296_bv	98.9	529	6	0	1	529	1	529	0.0e+00	1098.2
SRR10507659|k141_58387_90	nagB|nagB_74529_bv	99.6	263	1	0	1	263	1	263	1.3e-151	537.7
SRR10507659|k141_58426_1	kpsM|kpsM_209_bv	48.5	239	112	3	5	236	8	242	2.0e-55	218.0
SRR10507659|k141_58466_1	nanK|nanK_16441_bv	46.0	174	94	0	3	176	8	181	1.7e-38	161.4
SRR10507659|k141_24688_5	siaM|siaM_2672_bv	100.0	427	0	0	1	427	1	427	8.7e-227	788.1
SRR10507659|k141_91753_15	siaP|siaP_503766_bv	79.0	262	51	2	5	262	1	262	3.1e-110	400.6
SRR10507659|k141_91753_17	siaQ|siaQ_989_uniprot	96.0	173	7	0	1	173	1	173	2.0e-89	330.5
SRR10507659|k141_91753_18	siaM|siaM_10144_bv	100.0	446	0	0	1	446	1	446	2.4e-235	816.6
SRR10507659|k141_91845_5	nanK|nanK_7216_bv	40.8	321	173	8	3	320	1	307	2.8e-52	208.0
SRR10507659|k141_58650_16	nanU|nanU_250234_bv	55.7	537	229	6	26	556	1	534	5.0e-166	586.6
SRR10507659|k141_91895_6	nanA|nanA_46920_refseq	47.0	100	53	0	5	104	1	100	3.3e-18	93.2
SRR10507659|k141_124204_8	neuB|neuB_4129_bv	56.9	350	147	2	1	350	49	394	2.0e-112	407.9
SRR10507659|k141_58674_6	nagB|nagB_191421_bv	100.0	270	0	0	1	270	2	271	3.0e-156	553.1
SRR10507659|k141_91932_2	nanA|nanA_8672_uniprot	50.5	95	47	0	4	98	10	104	4.5e-22	105.9
SRR10507659|k141_24865_4	siaQ|siaQ_138879_bv	100.0	175	0	0	23	197	1	175	3.2e-91	336.7
SRR10507659|k141_24865_5	siaM|siaM_19640_bv	100.0	435	0	0	1	435	1	435	2.2e-230	800.0
SRR10507659|k141_24865_6	siaP|siaP_602282_bv	60.7	308	120	1	43	350	25	331	1.2e-104	382.1
SRR10507659|k141_58831_2	nanQ|nanQ_4490_uniprot	100.0	154	0	0	1	154	1	154	1.7e-87	323.9
SRR10507659|k141_58831_4	siaM|siaM_21997_bv	100.0	429	0	0	1	429	1	429	1.7e-230	800.4
SRR10507659|k141_58868_1	nanA|nanA_27766_bv	79.7	123	25	0	1	123	1	123	9.6e-54	211.5
SRR10507659|k141_92169_2	nanU|nanU_236219_bv	99.8	506	1	0	1	506	26	531	5.3e-300	1031.6
SRR10507659|k141_24964_1	nagB|nagB_27251_bv	100.0	264	0	0	1	264	1	264	2.2e-151	537.0
SRR10507659|k141_25063_1	satB|HQY31891.1	40.8	314	170	4	1	308	1	304	1.1e-53	212.6
SRR10507659|k141_25078_2	nanU|nanU_179674_bv	42.1	516	254	16	2	494	107	600	1.8e-95	352.1
SRR10507659|k141_92227_47	satD|WP_373777344.1	40.0	240	128	8	11	244	32	261	3.3e-32	141.0
SRR10507659|k141_92227_88	ompF|ompF_5343_bv	65.3	398	111	5	1	395	1	374	5.7e-140	499.6
SRR10507659|k141_92254_15	siaQ|siaQ_349124_bv	95.3	190	9	0	1	190	1	190	1.3e-92	341.3
SRR10507659|k141_92254_16	siaM|siaM_8747_bv	100.0	429	0	0	1	429	1	429	3.9e-227	789.3
SRR10507659|k141_25138_15	SIAE|SIAE_25372_refseq	100.0	326	0	0	1	326	1	326	2.8e-201	703.0
SRR10507659|k141_25138_16	nanM|nanM_594_bv	100.0	368	0	0	1	368	1	368	7.0e-217	755.0
SRR10507659|k141_25138_17	nanC|nanC_1560_bv	100.0	238	0	0	1	238	4	241	2.2e-142	506.9
SRR10507659|k141_124630_31	nanQ|nanQ_2739_bv	100.0	154	0	0	1	154	1	154	4.6e-85	315.8
SRR10507659|k141_124630_32	nanK|nanK_14231_bv	100.0	291	0	0	1	291	15	305	5.8e-158	558.9
SRR10507659|k141_124630_33	nanE|nanE_8421_bv	100.0	229	0	0	1	229	33	261	8.8e-125	448.4
SRR10507659|k141_124630_34	nanT|nanT_2413_bv	100.0	496	0	0	1	496	11	506	3.4e-283	975.7
SRR10507659|k141_124630_35	nanA|nanA_5472_bv	100.0	297	0	0	1	297	1	297	5.4e-167	589.0
SRR10507659|k141_124630_36	nanR|nanR_50_bv	93.5	263	17	0	1	263	1	263	5.3e-126	452.6
SRR10507659|k141_124647_1	siaM|siaM_582688_bv	98.1	315	6	0	1	315	3	317	1.2e-156	554.7
SRR10507659|k141_25202_5	nanU|nanU_399565_bv	58.4	558	230	2	13	569	11	567	4.1e-192	673.3
SRR10507659|k141_59290_1	nagA|nagA_13906_refseq	99.7	388	1	0	1	388	1	388	1.9e-225	783.5
SRR10507659|k141_92435_47	nagB|nagB_137833_bv	83.8	240	39	0	1	240	1	240	2.6e-111	403.7
SRR10507659|k141_124782_3	satD|WP_284875207.1	46.5	260	131	3	1	254	1	258	2.8e-60	234.6
SRR10507659|k141_124790_1	kpsT|kpsT_10521_bv	50.0	242	120	1	1	241	3	244	4.1e-64	246.9
SRR10507659|k141_59314_3	SIAE|SIAE_830_bv	100.0	473	0	0	1	473	1	473	2.3e-289	996.1
SRR10507659|k141_92530_1	nagA|nagA_2162_bv	100.0	379	0	0	1	379	1	379	4.7e-224	778.9
SRR10507659|k141_59342_45	nanU|nanU_53938_bv	100.0	516	0	0	1	516	1	516	0.0e+00	1075.8
SRR10507659|k141_25354_1	nanA|nanA_37846_refseq	53.0	100	47	0	1	100	26	125	2.3e-22	107.1
SRR10507659|k141_124865_15	siaP|siaP_745430_bv	45.7	300	162	1	44	342	31	330	1.1e-75	285.8
SRR10507659|k141_124865_16	siaM|siaM_59280_bv	100.0	436	0	0	1	436	1	436	2.3e-235	816.6
SRR10507659|k141_59398_3	satB|OPL08662.1	51.2	254	124	0	3	256	54	307	1.1e-73	278.9
SRR10507659|k141_59491_1	siaM|siaM_487827_bv	99.7	357	1	0	1	357	78	434	2.8e-186	653.3
SRR10507659|k141_92593_9	nanQ|nanQ_7779_uniprot	99.3	146	1	0	1	146	1	146	3.0e-78	293.1
SRR10507659|k141_125033_1	siaQ|siaQ_46191_bv	100.0	138	0	0	1	138	31	168	3.2e-69	263.1
SRR10507659|k141_125033_2	siaT|siaT_73314_uniprot	100.0	428	0	0	1	428	1	428	4.6e-228	792.3
SRR10507659|k141_125078_2	satB|MBM3693078.1	41.0	251	139	3	2	244	65	314	2.5e-45	184.5
SRR10507659|k141_125119_2	satB|MFN4189717.1	41.4	336	164	3	1	336	1	303	3.8e-68	260.8
SRR10507659|k141_125123_3	nanU|nanU_123241_bv	83.6	501	82	0	11	511	1	501	3.8e-253	875.9
SRR10507659|k141_59823_2	siaP|siaP_520866_bv	47.5	101	50	1	1	101	13	110	8.5e-22	105.1
SRR10507659|k141_125240_5	satD|WP_144831408.1	42.2	232	123	4	9	229	4	235	1.9e-43	178.3
SRR10507659|k141_92963_2	nanK|nanK_7216_bv	42.2	325	161	7	7	328	4	304	1.9e-56	221.9
SRR10507659|k141_60069_3	nanK|nanK_429_bv	40.4	292	153	10	32	307	5	291	4.2e-40	167.5
SRR10507659|k141_25963_12	nanK|nanK_28066_bv	40.2	301	167	4	4	304	5	292	3.4e-55	217.6
SRR10507659|k141_93010_35	ompF|ompF_4074_bv	65.7	361	113	4	1	351	1	360	4.4e-136	486.5
SRR10507659|k141_26025_8	nanU|nanU_566500_bv	88.1	480	57	0	32	511	1	480	1.9e-252	873.6
SRR10507659|k141_125470_4	nanU|nanU_444742_bv	98.8	493	6	0	1	493	1	493	6.0e-288	991.5
SRR10507659|k141_125494_1	siaP|siaP_425936_bv	75.4	175	43	0	1	175	43	217	5.2e-69	262.7
SRR10507659|k141_60263_5	kpsM|kpsM_209_bv	48.1	270	135	1	5	269	8	277	2.0e-72	274.6
SRR10507659|k141_60282_2	nanQ|nanQ_1105_uniprot	100.0	154	0	0	1	154	1	154	4.4e-88	325.9
SRR10507659|k141_93183_2	nanH|nanH_22409_bv	96.9	454	14	0	93	546	1	454	4.6e-265	915.6
SRR10507659|k141_93183_4	nanM|nanM_1494_uniprot	99.1	338	3	0	1	338	18	355	2.4e-203	709.9
SRR10507659|k141_93225_8	SIAE|SIAE_63972_bv	49.6	659	151	3	4	662	7	484	5.2e-178	626.7
SRR10507659|k141_93225_13	nanU|nanU_91253_bv	61.7	590	219	6	1	586	1	587	9.2e-211	735.3
SRR10507659|k141_93225_17	nanU|nanU_556657_bv	48.1	624	277	14	1	617	1	584	1.6e-152	542.0
SRR10507659|k141_125665_1	kpsD|kpsD_3476_bv	57.3	213	78	4	4	205	1	211	3.6e-53	210.3
SRR10507659|k141_60435_6	satD|WP_294441299.1	43.7	261	139	3	3	256	14	273	4.0e-59	230.7
SRR10507659|k141_60435_8	satB|WP_263079827.1	50.5	309	151	1	1	309	1	307	9.9e-82	305.8
SRR10507659|k141_125677_1	nanR|nanR_5013_bv	40.7	113	67	0	1	113	4	116	2.5e-13	77.4
SRR10507659|k141_93333_25	nanR|nanR_6426_uniprot	49.1	218	111	0	11	228	69	286	3.2e-50	200.7
SRR10507659|k141_126063_4	neuA|neuA_12749_uniprot	100.0	228	0	0	1	228	1	228	8.1e-131	468.4
SRR10507659|k141_26677_2	neuA|neuA_11023_uniprot	43.6	211	117	2	6	215	3	212	3.2e-41	171.0
SRR10507659|k141_93419_166	nanU|nanU_293373_bv	67.5	486	157	1	28	513	1	485	6.4e-192	672.5
SRR10507659|k141_126165_1	nanU|nanU_7653_bv	100.0	416	0	0	1	416	1	416	3.9e-248	859.0
SRR10507659|k141_26860_2	siaQ|siaQ_76954_bv	100.0	202	0	0	1	202	1	202	6.4e-111	402.1
SRR10507659|k141_26891_16	siaT|siaT_43839_uniprot	100.0	351	0	0	1	351	110	460	5.9e-189	662.1
SRR10507659|k141_126260_6	neuD|neuD_1094_uniprot	98.6	208	3	0	1	208	1	208	4.7e-77	289.7
SRR10507659|k141_126263_12	nanU|nanU_263213_bv	62.0	513	191	3	5	513	1	513	4.0e-186	653.3
SRR10507659|k141_26957_1	satD|WP_152817754.1	42.9	198	109	2	7	204	72	265	1.0e-39	165.6
SRR10507659|k141_60774_9	nanU|nanU_619410_bv	100.0	491	0	0	1	491	2	492	2.3e-287	989.6
SRR10507659|k141_93547_2	siaP|siaP_237435_bv	94.9	254	13	0	85	338	1	254	6.2e-143	509.2
SRR10507659|k141_93547_3	siaQ|siaQ_1167_uniprot	100.0	160	0	0	1	160	1	160	1.9e-89	330.5
SRR10507659|k141_93547_4	siaM|siaM_83108_bv	100.0	423	0	0	1	423	1	423	3.7e-222	772.7
SRR10507659|k141_93663_2	satD|WP_216921354.1	42.9	259	131	3	1	242	1	259	7.0e-56	219.5
SRR10507659|k141_60954_38	nanU|nanU_700_bv	100.0	529	0	0	1	529	1	529	0.0e+00	1101.7
SRR10507659|k141_60954_130	SIAE|SIAE_19013_uniprot	98.9	357	4	0	4	360	1	357	1.6e-208	727.6
SRR10507659|k141_60957_2	nanU|nanU_401450_bv	43.9	485	265	6	1	483	1	480	2.4e-108	394.8
SRR10507659|k141_93729_7	nanU|nanU_92361_bv	61.7	582	210	4	1	572	8	586	1.9e-205	717.6
SRR10507659|k141_61035_18	nanU|nanU_124334_bv	56.7	550	223	7	23	562	9	553	2.0e-175	617.8
SRR10507659|k141_93802_1	siaM|siaM_166643_bv	96.4	251	9	0	1	251	85	335	2.0e-122	440.7
SRR10507659|k141_93824_2	nanU|nanU_40348_bv	48.2	485	244	6	1	483	1	480	6.6e-122	439.9
SRR10507659|k141_61072_6	kpsD|kpsD_12100_bv	54.8	834	362	5	1	822	2	832	6.7e-260	899.0
SRR10507659|k141_126707_40	nanU|nanU_18478_bv	96.7	541	18	0	1	541	1	541	5.5e-311	1068.1
SRR10507659|k141_93831_119	nanU|nanU_464377_bv	99.6	487	2	0	15	501	1	487	1.2e-288	993.8
SRR10507659|k141_61187_66	satB|MFN4189717.1	44.7	304	167	1	1	304	1	303	2.9e-75	284.3
SRR10507659|k141_27612_2	neuB|neuB_34374_bv	99.2	353	3	0	1	353	1	353	6.6e-204	711.8
SRR10507659|k141_27624_1	ompC|ompC_385_bv	100.0	99	0	0	1	99	1	99	3.1e-50	199.5
SRR10507659|k141_61256_1	nagB|nagB_52924_bv	100.0	268	0	0	1	268	1	268	1.8e-153	543.9
SRR10507659|k141_27660_1	SIAE|SIAE_9151_bv	100.0	369	0	0	1	369	125	493	9.8e-219	761.1
SRR10507659|k141_93916_3	nanK|nanK_7216_bv	43.5	324	158	7	7	328	4	304	2.5e-59	231.5
SRR10507659|k141_61288_1	siaQ|siaQ_484243_bv	78.9	123	26	0	1	123	1	123	7.6e-51	201.8
SRR10507659|k141_93941_1	nanA|nanA_9368_uniprot	44.6	121	67	0	4	124	18	138	5.9e-25	115.9
SRR10507659|k141_126986_7	nanU|nanU_587387_bv	98.2	506	9	0	1	506	1	506	2.5e-297	1022.7
SRR10507659|k141_61530_1	siaP|siaP_265731_bv	100.0	100	0	0	1	100	9	108	3.7e-51	202.6
SRR10507659|k141_127144_1	nanU|nanU_61232_bv	93.5	509	33	0	1	509	1	509	1.2e-286	987.3
SRR10507659|k141_61588_4	satD|OFT86130.1	40.5	227	132	2	19	242	33	259	1.4e-38	162.2
SRR10507659|k141_94203_5	nanK|nanK_30968_bv	81.1	95	6	1	1	83	33	127	1.4e-32	140.6
SRR10507659|k141_127266_3	nanK|nanK_24160_bv	41.3	310	170	4	6	315	5	302	4.7e-60	233.8
SRR10507659|k141_94223_28	nanH|nanH_15173_bv	85.2	393	58	0	146	538	1	393	1.4e-202	708.0
SRR10507659|k141_94223_30	SIAE|SIAE_73114_bv	99.9	750	1	0	1	750	1	750	0.0e+00	1565.8
SRR10507659|k141_94223_69	nanU|nanU_357702_bv	99.6	508	2	0	1	508	4	511	5.7e-302	1038.1
SRR10507659|k141_94291_1	nanU|nanU_277065_bv	98.9	362	4	0	10	371	1	362	4.4e-211	735.7
SRR10507659|k141_127347_2	nanU|nanU_305779_bv	60.5	598	231	3	1	598	1	593	1.4e-214	748.0
SRR10507659|k141_94300_2	nanU|nanU_397408_bv	96.7	491	16	0	1	491	1	491	4.0e-276	952.2
SRR10507659|k141_28085_2	siaT|siaT_66880_uniprot	49.4	439	221	1	1	439	1	438	7.4e-112	406.4
SRR10507659|k141_61784_8	kpsD|kpsD_6685_bv	77.9	800	166	6	1	791	1	798	0.0e+00	1204.1
SRR10507659|k141_61805_1	nanK|nanK_28905_bv	99.7	302	1	0	1	302	1	302	9.0e-170	598.2
SRR10507659|k141_61806_1	nanK|nanK_3336_bv	97.1	104	3	0	1	104	1	104	2.9e-51	203.0
SRR10507659|k141_94430_1	ompF|ompF_3282_bv	64.5	166	56	1	1	163	1	166	4.6e-59	229.6
SRR10507659|k141_61832_1	nanK|nanK_390_bv	48.9	92	47	0	11	102	1	92	1.6e-20	100.9
SRR10507659|k141_28181_1	nanH|nanH_57852_bv	99.4	518	3	0	1	518	35	552	2.0e-310	1066.2
SRR10507659|k141_61859_4	nanR|nanR_1411_uniprot	41.4	485	279	2	1	482	1	483	1.2e-99	365.9
SRR10507659|k141_28222_8	siaM|siaM_333956_bv	100.0	431	0	0	1	431	1	431	4.3e-226	785.8
SRR10507659|k141_28240_9	nanU|nanU_340690_bv	99.8	496	1	0	8	503	1	496	1.2e-296	1020.4
SRR10507659|k141_28240_13	nanU|nanU_199489_bv	97.5	510	13	0	3	512	11	520	1.1e-292	1007.3
SRR10507659|k141_28244_1	satB|OPL08662.1	40.6	318	175	1	1	318	1	304	1.8e-59	231.9
SRR10507659|k141_94526_2	nanQ|nanQ_6908_uniprot	100.0	149	0	0	1	149	1	149	9.9e-85	314.7
SRR10507659|k141_94526_3	nanK|nanK_25298_bv	82.6	138	24	0	1	138	1	138	5.4e-61	235.7
SRR10507659|k141_61977_2	nanU|nanU_80752_bv	53.7	443	203	2	3	443	6	448	1.2e-141	505.4
SRR10507659|k141_28354_1	nagB|nagB_83101_bv	99.3	146	1	0	1	146	1	146	2.2e-81	303.5
SRR10507659|k141_94753_2	nanQ|nanQ_1108_uniprot	99.3	135	1	0	1	135	1	135	4.9e-75	282.3
SRR10507659|k141_94858_1	nanQ|nanQ_6905_uniprot	98.0	148	3	0	1	148	20	167	2.7e-82	306.6
SRR10507659|k141_28727_1	satD|WP_105551456.1	40.1	212	119	5	16	220	28	238	9.3e-31	136.0
SRR10507659|k141_95002_2	nanU|nanU_399850_bv	44.8	536	267	12	1	521	7	528	5.1e-112	407.1
SRR10507659|k141_95002_5	nanU|nanU_444296_bv	42.0	541	286	12	1	527	3	529	4.2e-98	360.9
SRR10507659|k141_127773_1	siaM|siaM_1247_bv	98.7	223	3	0	1	223	54	276	8.6e-109	395.2
SRR10507659|k141_62256_91	siaM|siaM_5808_bv	100.0	425	0	0	1	425	1	425	4.0e-224	779.2
SRR10507659|k141_62256_92	siaQ|siaQ_501631_bv	51.0	155	76	0	1	155	1	155	4.3e-39	163.3
SRR10507659|k141_62256_93	siaP|siaP_302285_bv	98.6	288	4	0	54	341	1	288	6.6e-161	568.9
SRR10507659|k141_62290_1	nanK|nanK_22396_bv	46.9	224	118	1	1	223	1	224	6.6e-53	209.5
SRR10507659|k141_62309_30	nagB|nagB_184185_bv	99.6	242	1	0	1	242	1	242	1.6e-137	490.7
SRR10507659|k141_62309_34	nanE|nanE_1618_bv	100.0	249	0	0	1	249	1	249	2.7e-143	510.0
SRR10507659|k141_62309_37	nanK|nanK_5561_bv	49.2	311	156	2	5	314	4	313	5.9e-79	296.6
SRR10507659|k141_127889_5	satB|WP_379235424.1	41.1	316	176	4	15	330	7	312	1.0e-57	226.1
SRR10507659|k141_28896_1	siaP|siaP_61096_bv	55.2	154	69	0	28	181	37	190	9.7e-45	182.2
SRR10507659|k141_95077_65	nanU|nanU_402827_bv	41.4	589	306	18	20	592	18	583	3.8e-111	404.4
SRR10507659|k141_95091_2	satB|WP_101552959.1	53.0	304	143	0	1	304	1	304	1.6e-89	331.6
SRR10507659|k141_28907_1	satD|WP_400927634.1	47.5	242	126	1	1	242	7	247	9.7e-58	225.7
SRR10507659|k141_128032_2	satB|WP_023055266.1	41.7	307	179	0	1	307	1	307	2.1e-63	245.0
SRR10507659|k141_95171_5	satD|WP_115412169.1	40.8	211	116	4	20	223	43	251	1.0e-29	132.5
SRR10507659|k141_128151_3	nagA|nagA_117666_bv	100.0	398	0	0	1	398	1	398	2.1e-230	800.0
SRR10507659|k141_128151_4	nagB|nagB_17793_bv	100.0	255	0	0	1	255	1	255	1.1e-144	514.6
SRR10507659|k141_62326_256	siaQ|siaQ_486063_bv	65.5	145	50	0	2	146	19	163	1.5e-48	194.5
SRR10507659|k141_62326_257	siaM|siaM_442202_bv	100.0	427	0	0	1	427	1	427	6.4e-222	771.9
SRR10507659|k141_128282_4	nanU|nanU_65393_bv	100.0	444	0	0	1	444	46	489	1.8e-267	923.3
SRR10507659|k141_29144_15	nanR|nanR_1411_uniprot	44.6	480	262	2	1	478	1	478	2.4e-108	394.8
SRR10507659|k141_128354_3	nanU|nanU_473537_bv	98.4	430	7	0	1	430	33	462	2.3e-259	896.3
SRR10507659|k141_95531_2	siaQ|siaQ_263825_bv	100.0	168	0	0	1	168	1	168	2.8e-88	326.6
SRR10507659|k141_95531_3	siaP|siaP_455335_bv	92.5	146	11	0	1	146	12	157	3.1e-75	283.1
SRR10507659|k141_128474_2	satD|WP_332488897.1	42.8	257	145	2	19	275	5	259	1.7e-52	208.8
SRR10507659|k141_29359_14	nanR|nanR_1411_uniprot	43.3	480	267	3	1	477	1	478	1.1e-110	402.5
SRR10507659|k141_29359_19	siaM|siaM_21195_bv	100.0	424	0	0	1	424	1	424	9.9e-223	774.6
SRR10507659|k141_29359_26	nanR|nanR_6572_uniprot	100.0	216	0	0	1	216	1	216	1.4e-116	421.0
SRR10507659|k141_62753_1	siaP|siaP_335816_bv	99.2	118	1	0	26	143	1	118	2.3e-59	230.3
SRR10507659|k141_62753_2	siaM|siaM_785_bv	100.0	350	0	0	1	350	1	350	6.7e-193	675.2
SRR10507659|k141_128660_2	neuA|neuA_10402_uniprot	99.0	196	2	0	1	196	28	223	1.1e-115	417.9
SRR10507659|k141_128720_2	satB|MDR1520311.1	45.5	314	170	1	1	314	1	313	3.7e-73	277.3
SRR10507659|k141_29570_2	satB|HMA59673.1	42.2	315	179	2	3	317	2	313	9.2e-64	246.1
SRR10507659|k141_95770_1	nanU|nanU_433961_bv	56.9	550	215	9	5	533	35	583	2.2e-179	630.9
SRR10507659|k141_95777_2	satD|SIA31091.1	42.8	229	123	3	1	222	1	228	1.7e-40	168.3
SRR10507659|k141_95952_1	siaP|siaP_651749_bv	58.0	138	58	0	1	138	2	139	3.7e-46	186.4
SRR10507659|k141_29754_1	nanU|nanU_1846_bv	99.5	443	2	0	5	447	1	443	1.9e-261	903.3
SRR10507659|k141_29771_33	nanQ|nanQ_281_bv	97.4	155	4	0	1	155	1	155	4.3e-83	309.3
SRR10507659|k141_29771_34	siaQ|siaQ_196187_bv	41.7	144	82	2	3	145	10	152	2.1e-21	104.4
SRR10507659|k141_29771_35	siaT|siaT_19174_uniprot	90.4	425	41	0	1	425	1	425	1.6e-204	714.1
SRR10507659|k141_29771_36	siaP|siaP_523080_bv	52.5	316	146	3	14	328	17	329	1.4e-88	328.6
SRR10507659|k141_128851_4	kpsM|kpsM_932_bv	51.1	268	120	4	20	287	2	258	1.6e-62	241.9
SRR10507659|k141_128851_5	kpsT|kpsT_10521_bv	48.8	244	124	1	5	247	2	245	3.2e-64	247.3
SRR10507659|k141_29800_15	nanU|nanU_339340_bv	40.5	578	298	16	18	577	18	567	2.6e-101	371.7
SRR10507659|k141_29848_2	nanK|nanK_8162_bv	45.9	159	85	1	4	161	20	178	1.0e-33	145.6
SRR10507659|k141_29878_20	neuD|neuD_6006_uniprot	100.0	200	0	0	1	200	1	200	6.0e-61	236.1
SRR10507659|k141_129065_7	nanU|nanU_408517_bv	99.4	516	3	0	1	516	10	525	2.3e-304	1046.2
SRR10507659|k141_129108_2	siaQ|siaQ_49802_bv	55.1	178	80	0	2	179	3	180	5.1e-51	203.0
SRR10507659|k141_129108_3	siaP|siaP_546097_bv	99.1	114	1	0	1	114	37	150	9.3e-59	228.0
SRR10507659|k141_129144_1	nagA|nagA_11924_bv	100.0	331	0	0	1	331	37	367	1.9e-192	673.7
SRR10507659|k141_129159_1	siaM|siaM_257782_bv	100.0	82	0	0	1	82	34	115	8.5e-38	157.9
SRR10507659|k141_96358_1	siaM|siaM_5455_bv	100.0	398	0	0	1	398	25	422	1.4e-218	760.8
SRR10507659|k141_63104_67	nanU|nanU_94083_bv	46.8	666	280	14	1	658	1	600	1.1e-164	582.4
SRR10507659|k141_63104_69	nanU|nanU_485165_bv	43.0	556	304	8	3	550	2	552	2.7e-127	458.0
SRR10507659|k141_63150_2	siaT|siaT_73311_uniprot	99.3	453	3	0	1	453	1	453	1.5e-245	850.5
SRR10507659|k141_30114_2	satD|WP_132691222.1	40.1	227	126	7	17	235	38	262	7.0e-32	139.8
SRR10507659|k141_129366_2	neuA|neuA_11267_uniprot	100.0	191	0	0	1	191	36	226	2.9e-105	383.3
SRR10507659|k141_129402_1	nanK|nanK_6697_bv	49.6	246	119	3	9	254	6	246	2.8e-55	217.6
SRR10507659|k141_129402_2	nanE|nanE_9791_bv	100.0	227	0	0	1	227	1	227	7.9e-126	451.8
SRR10507659|k141_129402_3	nanA|nanA_2360_bv	100.0	306	0	0	1	306	1	306	1.9e-175	617.1
SRR10507659|k141_96648_2	satD|WP_255793737.1	45.3	258	132	2	8	259	13	267	4.8e-60	233.8
SRR10507659|k141_30277_2	nanU|nanU_24278_bv	63.4	497	180	1	1	495	1	497	6.6e-186	652.5
SRR10507659|k141_96713_2	siaM|siaM_6793_bv	100.0	333	0	0	1	333	1	333	5.8e-154	545.8
SRR10507659|k141_96803_2	nagB|nagB_173245_bv	49.2	236	120	0	1	236	1	236	4.2e-61	236.9
SRR10507659|k141_30437_1	kpsT|kpsT_10521_bv	52.7	184	86	1	1	183	55	238	3.0e-52	207.2
SRR10507659|k141_30451_2	ompF|ompF_896_bv	100.0	359	0	0	1	359	1	359	8.1e-210	731.5
SRR10507659|k141_63233_5	nagA|nagA_38947_bv	100.0	368	0	0	1	368	1	368	2.9e-215	749.6
SRR10507659|k141_96827_2	siaM|siaM_202743_bv	100.0	355	0	0	1	355	1	355	5.0e-188	659.1
SRR10507659|k141_96856_2	ompF|ompF_5343_bv	72.2	378	97	5	1	374	1	374	7.5e-150	532.3
SRR10507659|k141_129734_11	nanU|nanU_138305_bv	78.1	535	117	0	1	535	1	535	9.4e-255	881.3
SRR10507659|k141_63362_2	satD|WP_067938903.1	43.9	262	145	2	12	273	10	269	6.9e-56	219.9
SRR10507659|k141_129819_1	nanU|nanU_295025_bv	99.8	508	1	0	22	529	1	508	6.0e-302	1038.1
SRR10507659|k141_30715_5	siaP|siaP_449607_bv	63.5	307	111	1	65	371	33	338	5.2e-111	403.3
SRR10507659|k141_63449_2	satD|WP_227924124.1	44.6	267	142	2	1	262	1	266	1.1e-58	229.2
SRR10507659|k141_63471_1	nanQ|nanQ_5745_uniprot	63.2	155	57	0	1	155	1	155	2.2e-55	217.2
SRR10507659|k141_129854_51	nanU|nanU_266727_bv	99.8	506	1	0	1	506	11	516	1.7e-301	1036.6
SRR10507659|k141_129854_71	nanU|nanU_223553_bv	40.9	536	296	7	6	536	9	528	3.7e-105	384.4
SRR10507659|k141_129886_5	nanU|nanU_318479_bv	71.4	511	138	3	16	518	7	517	2.6e-226	786.9
SRR10507659|k141_63668_4	satB|WP_379235424.1	41.3	312	183	0	1	312	1	312	1.4e-67	258.8
SRR10507659|k141_63726_4	nanU|nanU_34999_bv	94.9	492	25	0	1	492	1	492	1.3e-279	963.8
SRR10507659|k141_63726_17	nanU|nanU_481207_bv	74.7	572	144	1	1	571	1	572	6.7e-267	921.8
SRR10507659|k141_63726_21	SIAE|SIAE_129_bv	100.0	479	0	0	1	479	1	479	8.9e-289	994.2
SRR10507659|k141_129980_65	nanU|nanU_110100_bv	51.9	547	251	8	1	539	1	543	1.4e-152	542.0
SRR10507659|k141_97205_1	nagA|nagA_10739_bv	100.0	272	0	0	1	272	1	272	4.9e-159	562.4
SRR10507659|k141_97205_5	nanM|nanM_3259_bv	44.9	345	175	5	30	374	19	348	1.1e-71	272.7
SRR10507659|k141_97205_8	SIAE|SIAE_24057_bv	100.0	689	0	0	1	689	1	689	0.0e+00	1451.8
SRR10507659|k141_97205_12	nanU|nanU_444739_bv	99.8	474	1	0	31	504	1	474	1.4e-284	980.3
SRR10507659|k141_97205_88	nanU|nanU_256145_bv	98.9	542	6	0	1	542	4	545	0.0e+00	1130.2
SRR10507659|k141_97205_91	nanU|nanU_42577_bv	77.3	537	120	2	1	537	2	536	4.6e-249	862.4
SRR10507659|k141_97206_1	nanU|nanU_37394_bv	99.8	466	1	0	1	466	1	466	3.7e-279	962.2
SRR10507659|k141_63764_5	kpsM|kpsM_245_uniprot	47.4	270	127	5	5	272	15	271	5.6e-54	213.4
SRR10507659|k141_63764_6	kpsT|kpsT_10521_bv	48.1	239	123	1	3	240	2	240	2.0e-61	238.0
SRR10507659|k141_31021_3	nanA|nanA_2279_bv	100.0	305	0	0	1	305	1	305	7.4e-180	631.7
SRR10507659|k141_31021_4	nanE|nanE_28416_bv	100.0	227	0	0	1	227	3	229	9.9e-129	461.5
SRR10507659|k141_31021_5	nanK|nanK_20513_bv	71.9	224	63	0	64	287	1	224	8.3e-91	335.9
SRR10507659|k141_31056_4	nanT|nanT_12471_bv	47.5	394	199	4	6	396	14	402	7.3e-90	333.2
SRR10507659|k141_31072_1	nanK|nanK_7205_bv	66.8	235	78	0	1	235	16	250	3.1e-85	317.0
SRR10507659|k141_97244_7	nanU|nanU_390449_bv	99.2	494	4	0	50	543	19	512	3.7e-299	1028.9
SRR10507659|k141_97244_24	nanU|nanU_435058_bv	40.1	593	292	19	1	573	1	550	3.8e-100	367.9
SRR10507659|k141_63842_12	siaM|siaM_21885_bv	77.1	424	97	0	1	424	1	424	9.4e-173	608.6
SRR10507659|k141_63842_61	siaM|siaM_136596_bv	100.0	427	0	0	1	427	1	427	2.9e-230	799.7
SRR10507659|k141_97306_1	nanH|nanH_52804_bv	75.7	136	33	0	1	136	2	137	2.3e-56	220.3
SRR10507659|k141_97385_1	neuA|neuA_10379_uniprot	100.0	206	0	0	1	206	50	255	6.5e-119	428.7
SRR10507659|k141_63944_2	nanQ|nanQ_3361_uniprot	98.6	148	2	0	1	148	1	148	2.1e-79	297.0
SRR10507659|k141_97440_7	nanU|nanU_459495_bv	42.3	548	286	10	1	543	1	523	9.6e-114	412.9
SRR10507659|k141_97450_1	nagA|nagA_79562_bv	100.0	388	0	0	1	388	24	411	2.8e-224	779.6
SRR10507659|k141_97450_2	nagA|nagA_2326_bv	100.0	390	0	0	1	390	1	390	3.2e-228	792.7
SRR10507659|k141_31553_1	siaQ|siaQ_7828_bv	100.0	165	0	0	1	165	1	165	3.6e-88	326.2
SRR10507659|k141_64231_1	nagB|nagB_189429_bv	99.5	210	1	0	1	210	33	242	1.6e-120	434.1
SRR10507659|k141_97698_3	kpsD|kpsD_7172_bv	91.8	668	14	1	135	802	1	627	0.0e+00	1182.5
SRR10507659|k141_97724_2	satD|MDO5604064.1	44.2	265	147	1	1	265	1	264	8.3e-55	216.5
SRR10507659|k141_97808_1	nanK|nanK_20513_bv	63.1	198	72	1	1	198	29	225	4.4e-64	246.5
SRR10507659|k141_31725_2	satD|GAB3707257.1	43.9	205	108	6	20	219	28	230	1.8e-34	148.3
SRR10507659|k141_31800_1	siaQ|siaQ_29814_bv	98.2	170	3	0	3	172	1	170	1.8e-85	317.4
SRR10507659|k141_31800_2	siaM|siaM_546513_bv	100.0	430	0	0	1	430	1	430	2.5e-221	770.0
SRR10507659|k141_64536_2	nanH|nanH_20964_bv	88.5	399	46	0	145	543	1	399	1.3e-203	711.4
SRR10507659|k141_64612_1	satD|WP_278821704.1	40.6	234	135	3	18	247	32	265	2.3e-36	154.8
SRR10507659|k141_64623_1	nanU|nanU_316695_bv	100.0	304	0	0	1	304	1	304	2.0e-177	623.6
SRR10507659|k141_130726_3	nanU|nanU_303156_bv	64.5	422	147	3	16	434	1	422	2.0e-154	547.7
SRR10507659|k141_98173_1	nanK|nanK_30968_bv	50.0	98	37	1	1	86	26	123	7.4e-19	95.1
SRR10507659|k141_32076_2	kpsM|kpsM_33_bv	45.6	270	143	4	6	273	5	272	1.8e-55	218.4
SRR10507659|k141_64787_3	nanU|nanU_303156_bv	99.8	422	1	0	24	445	1	422	2.2e-241	836.6
SRR10507659|k141_32101_1	nanR|nanR_1299_uniprot	40.8	218	124	2	10	226	10	223	3.0e-40	167.5
SRR10507659|k141_98241_3	satB|WP_101552959.1	52.6	293	139	0	1	293	11	303	3.0e-80	300.8
SRR10507659|k141_130909_7	nanU|nanU_590222_bv	53.5	566	250	8	1	557	1	562	5.3e-168	593.2
SRR10507659|k141_131016_15	nagA|nagA_128853_bv	100.0	379	0	0	1	379	2	380	3.6e-224	779.2
SRR10507659|k141_131016_19	nagB|nagB_5034_bv	100.0	242	0	0	1	242	1	242	1.7e-139	497.3
SRR10507659|k141_98466_1	nanA|nanA_14117_refseq	44.4	108	60	0	2	109	5	112	1.4e-22	107.8
SRR10507659|k141_131060_24	SIAE|SIAE_85672_bv	57.5	647	206	2	1	642	1	583	6.1e-216	752.7
SRR10507659|k141_64961_1	siaM|siaM_6651_bv	100.0	303	0	0	1	303	1	303	2.6e-137	490.3
SRR10507659|k141_64961_2	siaQ|siaQ_46001_bv	100.0	160	0	0	1	160	1	160	3.2e-89	329.7
SRR10507659|k141_64961_3	siaP|siaP_472287_bv	98.2	336	5	1	9	344	11	345	1.3e-191	671.0
SRR10507659|k141_32317_15	nanU|nanU_230315_bv	99.8	510	1	0	4	513	18	527	7.1e-308	1057.7
SRR10507659|k141_65103_1	nanU|nanU_629976_bv	59.1	563	225	3	3	562	2	562	6.5e-198	692.6
SRR10507659|k141_32415_2	siaM|siaM_492048_bv	98.7	154	2	0	1	154	33	186	1.0e-68	261.5
SRR10507659|k141_65141_2	satB|HMA59673.1	42.9	315	177	2	3	317	2	313	7.5e-66	253.1
SRR10507659|k141_131101_9	nanU|nanU_461825_bv	41.1	613	309	10	19	629	3	565	5.2e-119	430.6
SRR10507659|k141_65155_8	nanU|nanU_460596_bv	43.8	491	268	6	2	485	1	490	3.2e-108	394.4
SRR10507659|k141_131181_2	siaQ|siaQ_562825_bv	100.0	149	0	0	1	149	10	158	7.3e-80	298.5
SRR10507659|k141_131213_2	nagB|nagB_5504_bv	100.0	263	0	0	1	263	1	263	7.4e-152	538.5
SRR10507659|k141_65239_1	siaM|siaM_733_bv	99.3	432	3	0	1	432	114	545	5.0e-230	798.9
SRR10507659|k141_98898_2	nanR|nanR_525_uniprot	99.2	237	2	0	1	237	1	237	3.1e-125	449.9
SRR10507659|k141_32613_2	nanE|nanE_31455_bv	100.0	163	0	0	1	163	3	165	2.1e-88	327.0
SRR10507659|k141_32646_6	siaP|siaP_686519_bv	67.3	312	102	0	43	354	20	331	8.0e-125	449.1
SRR10507659|k141_32646_14	siaM|siaM_38540_bv	99.8	437	1	0	1	437	1	437	4.7e-212	739.2
SRR10507659|k141_32646_15	siaQ|siaQ_662_uniprot	56.3	158	69	0	3	160	5	162	5.9e-43	176.0
SRR10507659|k141_131415_2	nanU|nanU_590222_bv	48.8	578	275	10	1	573	1	562	3.6e-151	537.3
SRR10507659|k141_99067_1	nanU|nanU_79795_bv	60.9	491	186	4	2	491	3	488	1.1e-164	582.0
SRR10507659|k141_65386_2	nanE|nanE_242_bv	100.0	234	0	0	1	234	1	234	1.6e-129	464.2
SRR10507659|k141_65389_2	nanE|nanE_1040_bv	100.0	234	0	0	1	234	1	234	6.6e-128	458.8
SRR10507659|k141_99082_5	kpsM|kpsM_246_uniprot	48.5	260	129	1	18	277	4	258	1.4e-63	245.4
SRR10507659|k141_99082_6	kpsT|kpsT_13997_bv	47.0	236	122	2	13	248	8	240	2.2e-55	218.0
SRR10507659|k141_65403_11	satD|WP_263128115.1	42.5	266	152	1	1	266	1	265	5.3e-54	213.8
SRR10507659|k141_32866_2	nanE|nanE_554_bv	100.0	228	0	0	1	228	1	228	8.7e-125	448.4
SRR10507659|k141_131662_46	satB|WP_101552959.1	43.9	305	170	1	1	305	1	304	5.3e-72	273.5
SRR10507659|k141_131662_49	satD|WP_294441299.1	43.7	268	142	3	3	262	14	280	1.2e-58	229.2
SRR10507659|k141_65663_5	SIAE|SIAE_32759_refseq	99.6	265	1	0	1	265	1	265	1.5e-152	540.8
SRR10507659|k141_65678_2	neuA|neuA_27992_uniprot	100.0	221	0	0	1	221	1	221	4.9e-133	475.7
SRR10507659|k141_33102_4	nanQ|nanQ_3103_uniprot	48.8	84	33	3	25	102	17	96	1.0e-08	61.6
SRR10507659|k141_99369_1	siaQ|siaQ_1405_bv	100.0	210	0	0	1	210	1	210	4.1e-113	409.5
SRR10507659|k141_99369_2	siaM|siaM_521652_bv	95.3	383	18	0	28	410	28	410	5.5e-178	625.9
SRR10507659|k141_33114_2	nanU|nanU_553723_bv	99.0	519	5	0	1	519	1	519	2.5e-305	1049.3
SRR10507659|k141_33146_1	kpsM|kpsM_639_bv	94.6	242	13	0	1	242	1	242	4.0e-128	459.5
SRR10507659|k141_33159_5	nanU|nanU_437265_bv	99.6	498	2	0	16	513	1	498	1.1e-292	1007.3
SRR10507659|k141_99486_2	nanR|nanR_1299_uniprot	50.2	225	111	1	1	225	1	224	9.1e-58	225.7
SRR10507659|k141_131748_1	siaQ|siaQ_334357_bv	48.6	148	76	0	1	148	6	153	3.4e-29	130.2
SRR10507659|k141_131845_9	nanU|nanU_221486_bv	99.8	528	1	0	8	535	1	528	2.1e-310	1066.2
SRR10507659|k141_66074_1	siaP|siaP_78138_bv	57.3	131	55	1	34	164	1	130	1.3e-34	148.3
SRR10507659|k141_66074_2	siaQ|siaQ_521029_bv	54.1	170	77	1	15	183	5	174	4.9e-41	169.9
SRR10507659|k141_66074_3	siaM|siaM_42674_bv	100.0	410	0	0	1	410	1	410	4.0e-213	742.7
SRR10507659|k141_66086_22	nanU|nanU_232899_bv	65.6	465	157	2	1	465	1	462	2.4e-182	640.6
SRR10507659|k141_132426_2	nanU|nanU_123241_bv	95.2	478	23	0	11	488	1	478	1.0e-268	927.5
SRR10507659|k141_132490_107	nanU|nanU_104928_bv	99.8	428	1	0	105	532	1	428	2.3e-253	876.7
SRR10507659|k141_132506_13	nanU|nanU_211631_bv	58.0	543	212	8	1	539	1	531	2.5e-178	627.5
SRR10507659|k141_132506_17	SIAE|SIAE_2277_refseq	100.0	266	0	0	1	266	1	266	1.6e-154	547.4
SRR10507659|k141_132596_54	nanU|nanU_330600_bv	56.2	463	182	5	23	480	11	457	5.1e-143	510.0
SRR10507660|k141_31870_1	siaM|siaM_13002_bv	100.0	315	0	0	1	315	1	315	1.6e-169	597.4
SRR10507660|k141_31870_2	siaQ|siaQ_460282_bv	45.8	190	97	1	1	184	1	190	1.2e-42	175.3
SRR10507660|k141_31901_37	satD|WP_141820517.1	40.5	222	128	3	25	242	44	265	1.7e-33	145.2
SRR10507660|k141_16084_6	siaM|siaM_486661_bv	99.5	424	2	0	1	424	1	424	2.3e-219	763.5
SRR10507660|k141_16084_7	siaQ|siaQ_393318_bv	74.7	158	40	0	1	158	1	158	2.8e-61	236.9
SRR10507660|k141_16084_8	siaP|siaP_761140_bv	40.4	319	181	4	8	326	14	323	5.5e-59	230.3
SRR10507660|k141_32057_1	satD|WP_271417843.1	47.0	230	117	2	1	230	45	269	2.0e-52	208.4
SRR10507660|k141_32057_2	nanA|nanA_11995_bv	59.6	292	118	0	1	292	6	297	1.4e-101	371.7
SRR10507660|k141_16119_1	nanA|nanA_11995_bv	61.8	246	94	0	1	246	52	297	6.2e-87	322.8
SRR10507660|k141_48021_41	nanU|nanU_313707_bv	54.3	540	243	3	14	552	9	545	2.9e-166	587.4
SRR10507660|k141_48021_97	nanU|nanU_156911_bv	65.0	509	169	3	4	503	1	509	4.3e-193	676.4
SRR10507660|k141_32159_19	nanU|nanU_114568_bv	49.6	613	298	7	10	615	30	638	8.8e-172	605.9
SRR10507660|k141_48069_4	nanU|nanU_98900_bv	71.8	553	154	2	1	551	4	556	1.0e-240	834.7
SRR10507660|k141_367_2	nanQ|nanQ_7303_uniprot	100.0	162	0	0	1	162	1	162	1.3e-95	350.9
SRR10507660|k141_377_8	SIAE|SIAE_7121_bv	100.0	522	0	0	1	522	1	522	0.0e+00	1075.8
SRR10507660|k141_388_1	nanU|nanU_119814_bv	59.7	397	160	0	3	399	85	481	1.9e-127	458.0
SRR10507660|k141_396_7	nanK|nanK_4445_bv	53.6	293	136	0	1	293	1	293	8.3e-91	335.9
SRR10507660|k141_16416_1	nanK|nanK_10735_bv	100.0	231	0	0	1	231	8	238	4.7e-126	452.6
SRR10507660|k141_16451_1	siaM|siaM_21029_bv	100.0	346	0	0	1	346	1	346	1.6e-178	627.5
SRR10507660|k141_16451_2	siaQ|siaQ_813_uniprot	100.0	169	0	0	1	169	1	169	1.8e-90	334.0
SRR10507660|k141_16451_3	siaP|siaP_212582_bv	64.7	249	88	0	1	249	97	345	4.3e-93	343.2
SRR10507660|k141_550_2	siaQ|siaQ_989_uniprot	77.2	171	39	0	1	171	1	171	4.2e-71	269.6
SRR10507660|k141_550_3	siaP|siaP_673339_bv	72.8	136	37	0	51	186	5	140	5.1e-54	213.0
SRR10507660|k141_48342_2	siaQ|siaQ_149436_bv	63.6	165	60	0	1	165	1	165	1.4e-55	218.0
SRR10507660|k141_48342_3	siaP|siaP_481753_bv	54.7	64	29	0	1	64	26	89	8.6e-17	87.8
SRR10507660|k141_32291_156	siaP|siaP_241475_bv	40.4	314	182	4	35	347	22	331	5.9e-56	220.3
SRR10507660|k141_32291_157	siaQ|siaQ_55477_bv	100.0	169	0	0	1	169	1	169	1.2e-89	331.3
SRR10507660|k141_32291_158	siaM|siaM_158160_bv	100.0	387	0	0	42	428	42	428	1.5e-207	724.2
SRR10507660|k141_32291_198	siaM|siaM_2682_bv	100.0	432	0	0	1	432	1	432	3.8e-222	772.7
SRR10507660|k141_32300_2	siaM|siaM_34563_bv	100.0	429	0	0	1	429	1	429	6.9e-208	725.3
SRR10507660|k141_32300_3	siaQ|siaQ_427091_bv	100.0	169	0	0	19	187	1	169	5.7e-90	332.4
SRR10507660|k141_32300_4	siaP|siaP_225938_bv	44.2	308	172	0	33	340	24	331	6.2e-66	253.4
SRR10507660|k141_32306_11	neuD|neuD_7528_uniprot	100.0	222	0	0	1	222	1	222	1.5e-73	278.1
SRR10507660|k141_48361_9	nanU|nanU_114568_bv	51.3	618	286	11	8	618	28	637	6.6e-175	616.3
SRR10507660|k141_595_1	nanU|nanU_403585_bv	81.3	571	95	3	4	572	1	561	6.3e-281	968.4
SRR10507660|k141_595_28	SIAE|SIAE_1290_bv	100.0	692	0	0	1	692	1	692	0.0e+00	1442.9
SRR10507660|k141_595_30	nanH|nanH_20964_bv	88.0	399	48	0	145	543	1	399	3.8e-203	709.9
SRR10507660|k141_48438_7	nanU|nanU_410087_bv	98.7	466	6	0	39	504	1	466	3.2e-273	942.6
SRR10507660|k141_32467_17	neuD|neuD_4195_uniprot	57.8	204	85	1	30	233	1	203	1.3e-54	215.3
SRR10507660|k141_597_188	nanU|nanU_88387_bv	55.0	502	225	1	1	501	2	503	2.2e-160	567.8
SRR10507660|k141_32478_12	nanQ|nanQ_851_bv	100.0	154	0	0	1	154	21	174	2.9e-87	323.2
SRR10507660|k141_32483_2	nanU|nanU_318479_bv	50.3	378	168	8	10	378	1	367	1.7e-96	355.1
SRR10507660|k141_16865_1	kpsE|kpsE_4188_bv	99.5	194	1	0	1	194	1	194	6.1e-103	375.6
SRR10507660|k141_16865_2	kpsT|kpsT_7728_bv	100.0	218	0	0	1	218	1	218	1.0e-122	441.4
SRR10507660|k141_32507_13	nanK|nanK_7216_bv	41.0	310	170	5	12	318	4	303	1.4e-56	222.2
SRR10507660|k141_48507_11	nanU|nanU_430876_bv	71.6	468	131	1	1	468	1	466	4.9e-194	679.5
SRR10507660|k141_32508_72	SIAE|SIAE_19013_uniprot	98.9	357	4	0	4	360	1	357	1.6e-208	727.6
SRR10507660|k141_48588_6	kpsM|kpsM_847_bv	98.9	270	3	0	1	270	33	302	3.9e-140	499.6
SRR10507660|k141_32572_6	nanU|nanU_223553_bv	40.9	536	296	7	6	536	9	528	6.2e-105	383.6
SRR10507660|k141_48627_1	nanK|nanK_2781_bv	52.8	214	97	3	2	212	47	259	3.8e-61	236.9
SRR10507660|k141_32580_2	siaM|siaM_75041_bv	100.0	432	0	0	1	432	1	432	8.0e-212	738.4
SRR10507660|k141_32580_3	siaQ|siaQ_323675_bv	53.3	169	76	2	15	182	5	171	1.2e-42	175.3
SRR10507660|k141_32580_4	siaP|siaP_78138_bv	54.3	92	42	0	1	92	39	130	2.0e-19	97.1
SRR10507660|k141_847_8	satD|WP_278012708.1	41.0	212	109	6	20	220	28	234	1.1e-28	129.0
SRR10507660|k141_16971_113	nanU|nanU_264951_bv	56.7	443	189	2	5	446	4	444	3.8e-140	500.4
SRR10507660|k141_48658_43	nanU|nanU_305779_bv	60.5	598	231	3	1	598	1	593	1.4e-214	748.0
SRR10507660|k141_16983_56	neuD|neuD_10055_uniprot	100.0	215	0	0	1	215	1	215	1.0e-74	282.0
SRR10507660|k141_17002_22	SIAE|SIAE_3029_bv	100.0	489	0	0	1	489	1	489	3.5e-296	1018.8
SRR10507660|k141_32672_2	nanT|nanT_1111_uniprot	68.1	379	121	0	1	379	47	425	4.2e-148	526.6
SRR10507660|k141_48664_132	nanU|nanU_151621_bv	79.0	543	114	0	1	543	1	543	4.4e-260	899.0
SRR10507660|k141_48664_134	SIAE|SIAE_19383_bv	100.0	687	0	0	1	687	1	687	0.0e+00	1453.0
SRR10507660|k141_17081_4	nanU|nanU_597971_bv	99.8	443	1	0	1	443	14	456	2.6e-258	892.9
SRR10507660|k141_32754_2	satD|WP_102240344.1	43.3	261	140	3	2	257	6	263	5.0e-54	213.8
SRR10507660|k141_48673_14	nanU|nanU_133699_bv	59.2	458	177	6	11	462	1	454	1.0e-148	528.9
SRR10507660|k141_48673_18	nanU|nanU_572409_bv	42.5	510	275	7	31	540	100	591	3.3e-106	387.9
SRR10507660|k141_48770_1	satD|WP_431494076.1	41.2	211	116	4	19	222	27	236	3.5e-30	134.0
SRR10507660|k141_954_313	siaM|siaM_95253_bv	100.0	425	0	0	1	425	1	425	2.7e-220	766.5
SRR10507660|k141_17203_9	nanU|nanU_230419_bv	95.7	465	20	0	7	471	1	465	1.3e-260	900.6
SRR10507660|k141_32880_4	satD|WP_230102398.1	45.3	254	134	4	1	252	5	255	9.1e-49	196.1
SRR10507660|k141_17284_14	nanU|nanU_10752_bv	99.3	553	4	0	1	553	1	553	0.0e+00	1129.4
SRR10507660|k141_32950_1	nanE|nanE_31455_bv	96.9	161	5	0	1	161	55	215	4.7e-85	315.8
SRR10507660|k141_17315_4	neuB|neuB_25951_bv	100.0	352	0	0	1	352	1	352	1.8e-206	720.3
SRR10507660|k141_32975_39	siaM|siaM_37451_bv	100.0	427	0	0	1	427	1	427	1.3e-227	790.8
SRR10507660|k141_17340_21	nanA|nanA_5138_bv	100.0	305	0	0	1	305	1	305	1.0e-176	621.3
SRR10507660|k141_17340_22	nanE|nanE_1933_uniprot	100.0	237	0	0	9	245	1	237	2.7e-132	473.4
SRR10507660|k141_17340_23	nanQ|nanQ_806_bv	100.0	149	0	0	1	149	1	149	3.7e-84	312.8
SRR10507660|k141_17340_24	nanK|nanK_13707_bv	53.1	288	135	0	1	288	1	288	3.8e-80	300.4
SRR10507660|k141_17468_14	nagA|nagA_6588_bv	100.0	379	0	0	1	379	1	379	5.5e-225	781.9
SRR10507660|k141_17468_15	nagB|nagB_34104_bv	100.0	241	0	0	1	241	1	241	5.8e-135	482.3
SRR10507660|k141_17499_9	satD|WP_294441299.1	43.3	261	140	3	3	256	14	273	8.9e-59	229.6
SRR10507660|k141_17499_11	satB|WP_263079827.1	50.5	309	151	1	1	309	1	307	9.9e-82	305.8
SRR10507660|k141_48858_47	nanU|nanU_168364_bv	41.9	570	278	15	1	553	3	536	2.0e-111	405.2
SRR10507660|k141_48858_56	nanU|nanU_459495_bv	45.4	540	274	9	1	536	1	523	6.4e-126	453.4
SRR10507660|k141_48858_190	SIAE|SIAE_11657_bv	100.0	469	0	0	1	469	2	470	1.3e-287	990.3
SRR10507660|k141_48858_416	nagB|nagB_5474_bv	100.0	263	0	0	1	263	1	263	1.5e-152	540.8
SRR10507660|k141_1157_7	nanR|nanR_1411_uniprot	44.8	480	261	2	1	478	1	478	9.8e-110	399.4
SRR10507660|k141_48859_14	nanU|nanU_574169_bv	95.5	529	24	0	1	529	1	529	1.7e-304	1046.6
SRR10507660|k141_48859_21	nanU|nanU_80752_bv	54.4	480	217	2	3	480	6	485	4.5e-155	550.1
SRR10507660|k141_48859_76	nanU|nanU_44722_bv	99.4	516	3	0	15	530	1	516	3.9e-301	1035.4
SRR10507660|k141_17572_2	nagA|nagA_81729_bv	100.0	391	0	0	1	391	1	391	7.0e-223	775.0
SRR10507660|k141_17572_10	nagB|nagB_18584_bv	100.0	258	0	0	1	258	1	258	3.2e-147	523.1
SRR10507660|k141_48916_29	satB|EOS39101.1	41.7	300	172	1	1	297	12	311	2.6e-60	234.6
SRR10507660|k141_48916_32	satD|MBF1225435.1	46.9	262	134	2	8	269	13	269	2.9e-60	234.6
SRR10507660|k141_17589_24	nanU|nanU_96286_bv	41.5	564	275	14	18	568	19	540	3.2e-112	407.9
SRR10507660|k141_1214_73	nanU|nanU_254119_bv	99.0	509	5	0	1	509	8	516	5.7e-302	1038.1
SRR10507660|k141_1214_92	nagB|nagB_2054_bv	100.0	261	0	0	1	261	1	261	2.1e-151	537.0
SRR10507660|k141_1214_93	nagA|nagA_2682_bv	100.0	395	0	0	1	395	1	395	1.2e-225	784.3
SRR10507660|k141_1214_102	SIAE|SIAE_422_bv	100.0	474	0	0	1	474	1	474	1.6e-285	983.4
SRR10507660|k141_1214_108	nanU|nanU_173864_bv	61.7	561	204	6	5	560	6	560	8.8e-203	708.8
SRR10507660|k141_33354_70	nanQ|nanQ_2529_uniprot	96.6	148	5	0	1	148	1	148	2.0e-77	290.4
SRR10507660|k141_33354_163	nagA|nagA_1676_bv	100.0	390	0	0	1	390	1	390	1.6e-227	790.4
SRR10507660|k141_33354_164	nagA|nagA_4504_bv	100.0	388	0	0	1	388	1	388	6.3e-224	778.5
SRR10507660|k141_1343_1	satD|MFR3272525.1	41.4	169	96	1	4	169	38	206	2.9e-32	140.6
SRR10507660|k141_33430_23	nagB|nagB_14371_bv	100.0	243	0	0	1	243	1	243	1.5e-138	494.2
SRR10507660|k141_17681_5	nanK|nanK_28066_bv	42.9	308	162	4	6	313	4	297	2.3e-59	231.5
SRR10507660|k141_17709_4	nanK|nanK_6697_bv	48.8	289	143	3	9	297	6	289	4.7e-65	250.4
SRR10507660|k141_17709_5	nanE|nanE_9791_bv	100.0	227	0	0	1	227	1	227	7.9e-126	451.8
SRR10507660|k141_17709_6	nanA|nanA_2360_bv	100.0	306	0	0	1	306	1	306	1.9e-175	617.1
SRR10507660|k141_17718_2	nanK|nanK_22396_bv	45.3	265	145	0	2	266	4	268	4.0e-60	233.8
SRR10507660|k141_17776_7	nanU|nanU_597971_bv	70.8	455	133	0	1	455	1	455	7.9e-194	678.7
SRR10507660|k141_17776_13	nanU|nanU_153088_bv	100.0	490	0	0	1	490	1	490	1.7e-295	1016.5
SRR10507660|k141_1350_28	satD|WP_339984707.1	45.1	226	118	3	23	243	33	257	4.5e-45	183.7
SRR10507660|k141_1350_129	ompC|ompC_6122_bv	100.0	372	0	0	1	372	1	372	6.0e-216	751.9
SRR10507660|k141_49206_12	siaM|siaM_11737_bv	100.0	428	0	0	1	428	1	428	2.1e-220	766.9
SRR10507660|k141_49206_14	siaP|siaP_363964_bv	75.0	312	78	0	52	363	23	334	2.1e-136	487.6
SRR10507660|k141_49224_1	siaP|siaP_135700_bv	40.5	126	74	1	1	126	15	139	1.1e-20	101.7
SRR10507660|k141_49225_8	satD|HLR28547.1	47.2	233	122	1	28	260	33	264	5.2e-54	213.8
SRR10507660|k141_49225_9	satB|MEZ4522357.1	41.7	319	179	2	1	319	1	312	4.6e-63	243.8
SRR10507660|k141_17855_5	nanK|nanK_7216_bv	43.1	327	161	6	4	328	1	304	3.4e-61	237.7
SRR10507660|k141_33488_127	satB|HYI23826.1	40.2	316	180	2	1	308	1	315	1.3e-54	215.7
SRR10507660|k141_33488_130	satD|WP_207616619.1	40.3	216	129	0	14	229	32	247	5.8e-40	166.8
SRR10507660|k141_33488_172	satD|WP_223944689.1	46.5	269	142	2	1	268	1	268	2.8e-63	244.6
SRR10507660|k141_33488_175	satB|MFN4189717.1	41.4	336	164	3	1	336	1	303	3.8e-68	260.8
SRR10507660|k141_17880_1	satD|WP_162320857.1	41.6	219	121	3	1	219	52	263	6.8e-37	156.4
SRR10507660|k141_17880_2	satD|WP_179700122.1	47.2	254	118	3	6	244	7	259	1.9e-56	221.5
SRR10507660|k141_17975_9	satB|MFN4189717.1	44.7	304	167	1	1	304	1	303	2.9e-75	284.3
SRR10507660|k141_1436_37	nanU|nanU_232899_bv	48.2	475	224	8	3	468	2	463	6.0e-120	433.3
SRR10507660|k141_17983_68	nanU|nanU_354010_bv	92.2	510	39	1	1	509	5	514	1.5e-281	970.3
SRR10507660|k141_17983_109	nanU|nanU_590222_bv	53.3	570	233	9	1	545	1	562	5.1e-163	576.6
SRR10507660|k141_49543_4	satD|WP_115412169.1	40.3	211	117	4	20	223	43	251	3.9e-29	130.6
SRR10507660|k141_1445_92	nanU|nanU_340690_bv	99.8	496	1	0	8	503	1	496	1.2e-296	1020.4
SRR10507660|k141_1445_96	nanU|nanU_199489_bv	97.8	510	11	0	3	512	11	520	2.9e-293	1009.2
SRR10507660|k141_1445_144	nanU|nanU_123241_bv	80.8	501	96	0	11	511	1	501	3.2e-244	846.3
SRR10507660|k141_1445_203	nanU|nanU_339340_bv	40.5	578	298	16	18	577	18	567	3.4e-101	371.3
SRR10507660|k141_1445_238	nanU|nanU_235265_bv	45.3	459	234	5	3	447	4	459	4.0e-105	384.0
SRR10507660|k141_18138_10	neuD|neuD_6013_uniprot	100.0	224	0	0	1	224	1	224	4.4e-105	382.9
SRR10507660|k141_33728_8	siaP|siaP_133032_bv	46.5	303	161	1	41	342	26	328	1.1e-70	269.2
SRR10507660|k141_33728_9	siaQ|siaQ_26143_bv	100.0	162	0	0	1	162	1	162	1.0e-82	308.1
SRR10507660|k141_33728_10	siaM|siaM_6439_bv	99.8	422	1	0	1	422	1	422	1.2e-217	757.7
SRR10507660|k141_1453_21	siaP|siaP_30056_bv	92.2	334	26	0	1	334	1	334	4.2e-176	619.4
SRR10507660|k141_1453_22	siaM|siaM_40898_bv	100.0	435	0	0	1	435	1	435	7.0e-224	778.5
SRR10507660|k141_1453_23	siaQ|siaQ_39005_bv	100.0	158	0	0	1	158	1	158	6.3e-82	305.4
SRR10507660|k141_1460_1	SIAE|SIAE_31755_bv	98.6	222	3	0	1	222	25	246	8.2e-128	458.4
SRR10507660|k141_18163_1	SIAE|SIAE_12512_bv	100.0	435	0	0	1	435	1	435	5.8e-263	908.3
SRR10507660|k141_33747_3	nanU|nanU_563802_bv	98.9	525	6	0	1	525	1	525	0.0e+00	1102.0
SRR10507660|k141_33748_1	nanQ|nanQ_17_uniprot	100.0	150	0	0	1	150	1	150	9.0e-86	318.2
SRR10507660|k141_33748_2	SIAE|SIAE_26355_refseq	100.0	246	0	0	1	246	1	246	9.6e-146	518.1
SRR10507660|k141_49755_5	satD|MBV7432944.1	40.4	228	132	3	18	241	32	259	4.3e-37	157.1
SRR10507660|k141_49765_1	siaM|siaM_557795_bv	100.0	156	0	0	1	156	29	184	1.9e-78	293.9
SRR10507660|k141_18236_12	siaP|siaP_237435_bv	99.6	255	1	0	85	339	1	255	2.0e-149	530.8
SRR10507660|k141_18236_13	siaQ|siaQ_957_uniprot	100.0	160	0	0	1	160	1	160	6.4e-90	332.0
SRR10507660|k141_18236_14	siaM|siaM_42530_bv	100.0	423	0	0	1	423	1	423	1.6e-220	767.3
SRR10507660|k141_18236_43	satD|WP_191808624.1	46.9	262	138	1	3	264	5	265	2.1e-66	255.0
SRR10507660|k141_18236_44	satB|WP_371146800.1	41.0	315	183	2	1	314	1	313	9.7e-58	226.1
SRR10507660|k141_18236_62	satD|WP_136640697.1	48.9	262	131	1	18	276	2	263	4.3e-64	247.3
SRR10507660|k141_18236_81	nanA|nanA_5494_bv	99.3	307	2	0	1	307	1	307	1.6e-174	614.0
SRR10507660|k141_18236_82	nanQ|nanQ_442_bv	100.0	154	0	0	1	154	1	154	4.9e-87	322.4
SRR10507660|k141_18236_83	nanE|nanE_1616_bv	100.0	234	0	0	1	234	1	234	8.1e-134	478.4
SRR10507660|k141_18236_92	siaQ|siaQ_269984_bv	43.3	141	80	0	11	151	15	155	1.8e-20	101.3
SRR10507660|k141_18236_93	siaM|siaM_6755_bv	100.0	424	0	0	1	424	1	424	1.4e-213	744.2
SRR10507660|k141_18236_117	kpsM|kpsM_209_bv	50.9	269	126	2	7	270	10	277	1.5e-70	268.5
SRR10507660|k141_49797_5	nanU|nanU_276194_bv	47.6	506	247	6	3	497	4	502	9.4e-132	472.6
SRR10507660|k141_49800_11	siaM|siaM_21885_bv	77.1	424	97	0	1	424	1	424	9.4e-173	608.6
SRR10507660|k141_18294_2	nanA|nanA_8957_bv	74.2	291	75	0	1	291	1	291	3.0e-130	466.8
SRR10507660|k141_49866_3	siaM|siaM_131015_bv	100.0	437	0	0	1	437	1	437	1.0e-238	827.8
SRR10507660|k141_1629_7	satD|WP_136640697.1	45.4	260	141	1	2	261	3	261	5.2e-62	240.4
SRR10507660|k141_33845_26	nanU|nanU_94083_bv	43.1	613	298	14	22	617	22	600	1.1e-132	476.1
SRR10507660|k141_33845_28	nanU|nanU_210329_bv	58.5	561	223	7	5	563	2	554	3.6e-188	660.2
SRR10507660|k141_49986_2	siaQ|siaQ_557415_bv	98.8	161	2	0	1	161	1	161	1.9e-81	303.9
SRR10507660|k141_50055_1	siaM|siaM_487827_bv	96.4	390	11	1	1	390	46	432	9.0e-197	688.3
SRR10507660|k141_18560_11	nanQ|nanQ_841_uniprot	100.0	148	0	0	1	148	1	148	9.2e-83	308.1
SRR10507660|k141_50078_1	nanE|nanE_1496_bv	100.0	193	0	0	1	193	31	223	5.5e-104	379.0
SRR10507660|k141_50078_2	nanA|nanA_22153_bv	100.0	293	0	0	1	293	10	302	9.4e-164	578.2
SRR10507660|k141_33855_103	siaM|siaM_31489_bv	100.0	425	0	0	1	425	1	425	1.8e-224	780.4
SRR10507660|k141_33855_104	siaQ|siaQ_487633_bv	47.4	154	80	1	3	156	2	154	1.5e-30	134.8
SRR10507660|k141_33855_105	siaP|siaP_749558_bv	73.9	307	80	0	45	351	52	358	8.7e-132	472.2
SRR10507660|k141_33855_193	nagB|nagB_68661_bv	100.0	249	0	0	1	249	1	249	1.2e-140	501.1
SRR10507660|k141_50082_15	nanU|nanU_259305_bv	56.1	547	231	5	13	559	6	543	8.3e-177	622.5
SRR10507660|k141_33881_1	neuA|neuA_11269_bv	96.6	116	4	0	1	116	1	116	5.2e-59	229.2
SRR10507660|k141_1779_1	siaQ|siaQ_1158_bv	100.0	233	0	0	1	233	1	233	2.1e-126	453.8
SRR10507660|k141_50102_22	nanH|nanH_4924_bv	51.3	357	163	7	23	374	47	397	5.8e-89	330.1
SRR10507660|k141_18639_5	nanU|nanU_157462_bv	100.0	519	0	0	1	519	1	519	1.1e-308	1060.4
SRR10507660|k141_18639_30	nanU|nanU_398453_bv	42.3	501	275	8	9	504	10	501	6.4e-112	406.8
SRR10507660|k141_1833_2	kpsM|kpsM_162_bv	100.0	258	0	0	1	258	1	258	1.2e-135	484.6
SRR10507660|k141_18684_23	nagA|nagA_6474_bv	98.8	336	4	0	1	336	1	336	2.2e-193	676.8
SRR10507660|k141_50133_2	satD|WP_091608417.1	45.4	260	140	2	3	262	7	264	7.3e-59	229.6
SRR10507660|k141_33962_53	nagB|nagB_1558_bv	100.0	243	0	0	1	243	1	243	1.2e-135	484.6
SRR10507660|k141_18715_2	nanQ|nanQ_6941_uniprot	98.6	148	2	0	1	148	1	148	1.4e-78	294.3
SRR10507660|k141_33973_7	nanU|nanU_96286_bv	41.1	545	291	13	2	522	3	541	4.6e-113	410.6
SRR10507660|k141_50241_1	kpsT|kpsT_13997_bv	48.2	226	108	4	5	229	8	225	1.6e-54	214.9
SRR10507660|k141_50241_2	kpsM|kpsM_968_bv	48.3	236	119	3	1	235	28	261	1.1e-48	195.7
SRR10507660|k141_1983_9	satD|QLB21668.1	40.7	246	143	2	4	247	19	263	2.8e-42	174.5
SRR10507660|k141_18802_9	nagA|nagA_10867_uniprot	100.0	379	0	0	1	379	7	385	2.9e-226	786.2
SRR10507660|k141_1988_34	nanU|nanU_433961_bv	57.0	563	219	10	5	545	35	596	2.0e-183	644.4
SRR10507660|k141_18843_4	nanU|nanU_97494_bv	40.5	556	294	17	3	545	22	553	1.7e-102	375.6
SRR10507660|k141_50421_1	siaP|siaP_643409_bv	46.2	130	70	0	35	164	1	130	8.2e-32	139.0
SRR10507660|k141_50421_2	siaQ|siaQ_366544_bv	50.6	154	76	0	1	154	1	154	8.4e-32	139.0
SRR10507660|k141_50421_3	siaM|siaM_10571_bv	100.0	428	0	0	1	428	1	428	4.3e-218	759.2
SRR10507660|k141_34067_132	siaM|siaM_37761_bv	100.0	422	0	0	1	422	1	422	2.7e-220	766.5
SRR10507660|k141_34067_133	siaQ|siaQ_181624_bv	100.0	161	0	0	1	161	1	161	8.2e-85	315.1
SRR10507660|k141_34067_134	siaP|siaP_133032_bv	45.7	302	164	0	48	349	32	333	7.1e-73	276.6
SRR10507660|k141_2024_16	neuD|neuD_7525_uniprot	100.0	194	0	0	1	194	1	194	2.2e-44	181.0
SRR10507660|k141_34130_19	siaQ|siaQ_484843_bv	93.4	183	12	0	1	183	1	183	3.2e-85	316.6
SRR10507660|k141_34130_20	siaM|siaM_18443_bv	100.0	438	0	0	1	438	1	438	7.8e-231	801.6
SRR10507660|k141_2049_75	nanK|nanK_8349_bv	43.0	323	165	5	1	305	1	322	3.2e-69	264.2
SRR10507660|k141_18905_11	nanH|nanH_4924_bv	51.3	357	163	8	9	360	47	397	2.5e-89	331.3
SRR10507660|k141_18905_34	kpsM|kpsM_209_bv	43.8	272	150	1	73	341	6	277	7.3e-59	229.9
SRR10507660|k141_34140_5	satD|WP_207616619.1	44.8	268	148	0	1	268	1	268	1.8e-62	241.9
SRR10507660|k141_34140_8	satB|MFN4189717.1	40.8	336	166	3	1	336	1	303	5.0e-68	260.4
SRR10507660|k141_50552_6	nanU|nanU_223470_bv	62.4	564	184	8	43	606	20	555	5.6e-203	709.5
SRR10507660|k141_18918_12	siaP|siaP_523080_bv	53.2	316	144	3	14	328	17	329	2.6e-90	334.3
SRR10507660|k141_18918_13	siaT|siaT_19174_uniprot	90.6	425	40	0	1	425	1	425	5.4e-205	715.7
SRR10507660|k141_18918_14	siaQ|siaQ_196187_bv	41.7	144	82	2	3	145	10	152	2.1e-21	104.4
SRR10507660|k141_18918_15	nanQ|nanQ_6632_uniprot	100.0	155	0	0	1	155	1	155	3.2e-86	319.7
SRR10507660|k141_34168_1	satB|MFN4189717.1	49.7	290	145	1	1	290	1	289	1.5e-68	261.9
SRR10507660|k141_50602_5	nagB|nagB_3271_bv	83.7	233	38	0	1	233	1	233	6.7e-115	415.6
SRR10507660|k141_50602_6	nanK|nanK_550_uniprot	100.0	313	0	0	1	313	1	313	2.4e-181	636.7
SRR10507660|k141_34202_34	nanU|nanU_192445_bv	61.7	538	203	2	1	537	1	536	1.9e-207	724.2
SRR10507660|k141_2136_1	nanA|nanA_13836_bv	94.8	192	10	0	1	192	1	192	3.5e-103	376.3
SRR10507660|k141_2150_2	siaM|siaM_18784_bv	100.0	424	0	0	1	424	1	424	8.6e-227	788.1
SRR10507660|k141_2150_3	siaQ|siaQ_120781_bv	92.7	192	14	0	1	192	1	192	6.4e-92	339.0
SRR10507660|k141_34266_1	siaP|siaP_143409_bv	80.6	93	17	1	26	118	1	92	3.9e-39	162.9
SRR10507660|k141_19034_28	nanU|nanU_288776_bv	40.0	577	310	12	4	573	5	552	2.3e-113	411.8
SRR10507660|k141_50701_18	nanU|nanU_1180_bv	100.0	521	0	0	1	521	1	521	6.4e-312	1071.2
SRR10507660|k141_50717_19	satB|WP_263079827.1	55.0	307	138	0	1	307	1	307	4.7e-89	330.1
SRR10507660|k141_50717_22	satD|KFC16516.1	48.3	234	119	2	19	252	40	271	3.9e-59	230.7
SRR10507660|k141_50739_8	satD|WP_062009075.1	41.4	222	130	0	11	232	23	244	5.8e-43	176.8
SRR10507660|k141_50739_11	satB|HYI23826.1	41.5	316	176	2	1	308	1	315	4.6e-60	233.8
SRR10507660|k141_34276_11	nanQ|nanQ_902_bv	100.0	149	0	0	1	149	1	149	6.0e-82	305.4
SRR10507660|k141_19070_4	neuA|neuA_11023_uniprot	67.4	215	70	0	5	219	3	217	4.4e-84	313.2
SRR10507660|k141_19070_156	nagA|nagA_13707_bv	99.7	388	1	0	1	388	1	388	1.2e-222	774.2
SRR10507660|k141_19070_157	nagA|nagA_1332_bv	100.0	390	0	0	1	390	1	390	7.2e-228	791.6
SRR10507660|k141_50757_3	nanK|nanK_40_bv	63.2	242	87	2	1	241	1	241	6.9e-80	299.3
SRR10507660|k141_50759_27	siaM|siaM_5787_bv	100.0	430	0	0	1	430	1	430	7.2e-213	741.9
SRR10507660|k141_50759_28	siaQ|siaQ_282843_bv	48.9	176	88	1	2	175	1	176	5.3e-45	183.0
SRR10507660|k141_50759_29	siaP|siaP_142457_bv	97.8	268	6	0	106	373	1	268	4.9e-149	529.6
SRR10507660|k141_2265_12	SIAE|SIAE_323_bv	100.0	473	0	0	1	473	1	473	2.6e-288	992.6
SRR10507660|k141_19163_36	nanU|nanU_79795_bv	60.7	535	203	5	2	535	3	531	1.8e-181	637.9
SRR10507660|k141_50856_13	satD|WP_227924124.1	45.9	257	138	1	5	261	11	266	1.8e-62	241.9
SRR10507660|k141_50856_14	satB|HUX88249.1	43.8	313	173	2	1	312	1	311	5.0e-62	240.4
SRR10507660|k141_34425_63	nanQ|nanQ_1914_uniprot	100.0	150	0	0	1	150	1	150	3.5e-82	306.2
SRR10507660|k141_50884_1	satB|HUX88249.1	41.2	262	151	2	1	261	1	260	1.2e-42	175.6
SRR10507660|k141_2289_8	nanU|nanU_77815_bv	66.1	508	162	5	1	502	2	505	1.5e-190	667.9
SRR10507660|k141_34491_48	satB|HQY31891.1	40.9	323	175	4	1	317	1	313	7.5e-58	226.5
SRR10507660|k141_34491_51	satD|NKY23514.1	44.6	258	142	1	6	263	20	276	3.2e-56	221.1
SRR10507660|k141_34509_2	nanQ|nanQ_4506_uniprot	98.7	153	2	0	1	153	1	153	2.4e-86	320.1
SRR10507660|k141_51046_34	nanQ|nanQ_1451_bv	100.0	151	0	0	1	151	1	151	1.9e-83	310.5
SRR10507660|k141_19283_135	nanU|nanU_7021_bv	100.0	495	0	0	1	495	1	495	6.2e-293	1008.1
SRR10507660|k141_2449_8	nagA|nagA_23164_bv	100.0	375	0	0	1	375	1	375	5.5e-217	755.4
SRR10507660|k141_34529_5	kpsM|kpsM_956_bv	58.2	256	107	0	7	262	8	263	1.0e-76	288.9
SRR10507660|k141_34529_6	kpsT|kpsT_10521_bv	45.8	240	129	1	8	246	3	242	3.8e-57	223.8
SRR10507660|k141_19348_2	nagA|nagA_4091_bv	100.0	410	0	0	1	410	1	410	5.7e-244	845.1
SRR10507660|k141_51129_9	siaM|siaM_30461_bv	100.0	390	0	0	1	390	1	390	4.1e-191	669.5
SRR10507660|k141_19392_18	siaT|siaT_43946_uniprot	100.0	427	0	0	1	427	1	427	8.8e-187	655.2
SRR10507660|k141_2524_1	siaQ|siaQ_25443_bv	100.0	127	0	0	1	127	41	167	9.7e-65	248.1
SRR10507660|k141_2524_2	siaM|siaM_16046_bv	100.0	435	0	0	1	435	1	435	2.1e-228	793.5
SRR10507660|k141_51137_16	nanU|nanU_124334_bv	56.7	550	223	7	23	562	9	553	2.0e-175	617.8
SRR10507660|k141_19472_2	satB|HCO70011.1	40.9	308	182	0	6	313	6	313	4.2e-61	237.3
SRR10507660|k141_51162_51	nanU|nanU_574553_bv	52.5	514	218	15	20	523	16	513	1.2e-137	492.3
SRR10507660|k141_2547_12	nagB|nagB_77352_bv	99.6	250	1	0	1	250	1	250	7.3e-141	501.9
SRR10507660|k141_2547_16	nagA|nagA_16260_bv	100.0	401	0	0	1	401	1	401	1.1e-228	794.3
SRR10507660|k141_2547_88	nagB|nagB_2026_bv	100.0	245	0	0	1	245	1	245	5.9e-135	482.3
SRR10507660|k141_19560_21	siaM|siaM_2109_bv	100.0	433	0	0	1	433	1	433	6.3e-225	781.9
SRR10507660|k141_19560_22	siaQ|siaQ_16147_bv	100.0	167	0	0	1	167	1	167	5.7e-81	302.4
SRR10507660|k141_2611_1	siaM|siaM_175902_bv	99.6	266	1	0	1	266	74	339	2.5e-139	496.9
SRR10507660|k141_19628_4	satD|WP_443367469.1	40.4	208	119	3	18	220	41	248	1.8e-29	131.7
SRR10507660|k141_34573_386	nanK|nanK_17845_bv	47.4	272	140	3	1	270	1	271	1.3e-66	255.4
SRR10507660|k141_19649_7	nanK|nanK_40_bv	53.0	313	146	1	3	315	2	313	5.3e-88	326.6
SRR10507660|k141_19649_14	siaQ|siaQ_238479_bv	46.9	147	76	1	1	145	1	147	4.5e-33	143.3
SRR10507660|k141_19649_15	siaT|siaT_55831_uniprot	100.0	430	0	0	1	430	1	430	1.1e-232	807.7
SRR10507660|k141_19651_7	siaT|siaT_47535_uniprot	49.8	424	207	3	4	421	3	426	9.5e-101	369.4
SRR10507660|k141_2715_2	satD|WP_227924124.1	43.4	258	140	1	3	254	11	268	9.8e-58	226.1
SRR10507660|k141_2715_3	satD|WP_119423496.1	40.9	274	148	4	4	270	13	279	9.3e-51	203.0
SRR10507660|k141_2715_5	satB|MDR1520311.1	47.6	317	163	2	1	315	1	316	2.3e-75	284.6
SRR10507660|k141_34627_11	nanU|nanU_319905_bv	46.8	532	268	8	1	527	1	522	5.7e-127	456.8
SRR10507660|k141_34627_41	nanU|nanU_220822_bv	45.1	608	282	19	5	606	1	562	7.7e-128	459.9
SRR10507660|k141_19657_75	nanU|nanU_28295_bv	69.9	535	161	0	25	559	1	535	1.6e-228	794.3
SRR10507660|k141_2737_88	satD|WP_373777344.1	40.9	225	125	7	23	240	39	262	2.3e-35	151.4
SRR10507660|k141_51519_2	siaQ|siaQ_366544_bv	100.0	168	0	0	1	168	1	168	2.8e-88	326.6
SRR10507660|k141_51524_1	kpsD|kpsD_1302_bv	54.0	605	276	2	3	606	2	605	4.9e-191	669.8
SRR10507660|k141_51541_1	SIAE|SIAE_5013_refseq	87.9	91	11	0	1	91	8	98	1.5e-41	170.6
SRR10507660|k141_2769_12	nanQ|nanQ_827_uniprot	100.0	152	0	0	1	152	1	152	1.7e-84	313.9
SRR10507660|k141_34772_5	siaT|siaT_47535_uniprot	51.4	430	195	5	4	423	3	428	1.1e-101	372.5
SRR10507660|k141_51581_22	SIAE|SIAE_2932_bv	100.0	474	0	0	1	474	1	474	8.6e-292	1004.2
SRR10507660|k141_2809_50	satD|WP_242721802.1	43.0	258	136	4	6	256	19	272	1.1e-50	202.6
SRR10507660|k141_34814_11	nanU|nanU_71096_bv	44.5	609	310	11	2	597	12	605	8.6e-140	499.6
SRR10507660|k141_51649_26	satB|MFN4189717.1	47.4	304	159	1	1	304	1	303	1.1e-77	292.4
SRR10507660|k141_51649_29	satD|WP_066299715.1	47.7	256	133	1	5	260	11	265	8.0e-63	243.0
SRR10507660|k141_2812_41	nanU|nanU_346838_bv	87.4	525	65	1	1	524	1	525	5.0e-285	981.9
SRR10507660|k141_2812_44	nanU|nanU_10567_bv	100.0	518	0	0	1	518	1	518	0.0e+00	1091.6
SRR10507660|k141_2812_115	nanK|nanK_7216_bv	40.0	320	177	6	8	325	4	310	9.5e-56	219.5
SRR10507660|k141_2812_133	nanU|nanU_236219_bv	100.0	506	0	0	1	506	26	531	4.1e-300	1031.9
SRR10507660|k141_2812_135	nagB|nagB_153266_bv	100.0	270	0	0	1	270	4	273	5.1e-156	552.4
SRR10507660|k141_19899_43	nanU|nanU_573757_bv	63.5	496	175	3	16	505	10	505	8.5e-189	662.1
SRR10507660|k141_2840_9	nanQ|nanQ_2967_uniprot	100.0	147	0	0	1	147	1	147	1.0e-78	294.7
SRR10507660|k141_20071_10	nanU|nanU_160383_bv	45.5	488	258	4	2	485	3	486	1.8e-111	405.2
SRR10507660|k141_51743_2	satD|MBW4095910.1	44.4	270	138	4	3	272	6	263	7.1e-59	229.9
SRR10507660|k141_2854_110	kpsT|kpsT_10521_bv	46.0	237	127	1	5	240	2	238	3.0e-62	240.7
SRR10507660|k141_2854_111	kpsM|kpsM_197_bv	100.0	260	0	0	1	260	1	260	9.0e-134	478.4
SRR10507660|k141_2854_256	nagA|nagA_161891_bv	81.8	380	65	1	32	411	1	376	3.4e-180	633.3
SRR10507660|k141_34943_2	nanQ|nanQ_6906_uniprot	99.4	171	1	0	1	171	1	171	1.5e-97	357.5
SRR10507660|k141_51747_20	ompF|ompF_1313_bv	100.0	82	0	0	1	82	1	82	2.4e-40	166.4
SRR10507660|k141_51747_21	ompF|ompF_42_bv	100.0	237	0	0	1	237	1	237	4.3e-135	482.6
SRR10507660|k141_34969_15	satD|WP_108832684.1	45.7	269	135	3	2	269	12	270	8.7e-60	233.0
SRR10507660|k141_34969_22	nanQ|nanQ_4393_uniprot	100.0	150	0	0	1	150	17	166	9.3e-83	308.1
SRR10507660|k141_2894_1	nanU|nanU_349474_bv	99.2	528	4	0	8	535	1	528	0.0e+00	1075.1
SRR10507660|k141_2907_2	nanK|nanK_17982_bv	79.9	234	47	0	1	234	1	234	2.5e-108	394.0
SRR10507660|k141_20169_20	siaT|siaT_61236_uniprot	65.9	449	152	1	5	453	4	451	8.8e-161	568.9
SRR10507660|k141_35029_2	satD|WP_388021985.1	41.0	210	116	5	20	222	28	236	3.9e-29	130.6
SRR10507660|k141_20205_4	SIAE|SIAE_9715_bv	100.0	473	0	0	1	473	1	473	6.8e-289	994.6
SRR10507660|k141_20207_1	nanU|nanU_586567_bv	42.4	542	269	16	4	523	6	526	3.1e-109	397.9
SRR10507660|k141_20234_4	satB|MGC9321065.1	40.9	308	182	0	5	312	5	312	1.1e-66	255.8
SRR10507660|k141_20243_8	satB|WP_101552959.1	43.9	305	171	0	1	305	1	305	3.7e-70	267.3
SRR10507660|k141_20243_11	satD|WP_124933466.1	49.4	263	123	3	2	260	11	267	4.2e-64	247.3
SRR10507660|k141_35048_82	ompF|ompF_4074_bv	64.3	361	117	5	1	350	1	360	4.3e-131	469.9
SRR10507660|k141_51920_16	siaP|siaP_240855_bv	64.2	330	118	0	7	336	5	334	1.3e-119	431.8
SRR10507660|k141_35050_38	SIAE|SIAE_8155_uniprot	100.0	289	0	0	8	296	1	289	3.7e-168	592.8
SRR10507660|k141_51922_69	nanU|nanU_24278_bv	45.9	518	245	16	3	506	1	497	9.0e-114	412.9
SRR10507660|k141_35160_11	neuD|neuD_2677_uniprot	100.0	214	0	0	1	214	1	214	2.8e-88	327.0
SRR10507660|k141_3054_50	nanU|nanU_303156_bv	64.1	421	147	4	24	441	1	420	1.9e-152	541.2
SRR10507660|k141_3054_136	nanU|nanU_216814_bv	45.6	570	264	16	9	555	17	563	9.2e-120	433.0
SRR10507660|k141_20389_38	nanU|nanU_438710_bv	58.0	562	221	7	4	550	1	562	2.2e-185	651.0
SRR10507660|k141_20389_98	nanU|nanU_71096_bv	45.7	602	300	13	8	596	18	605	2.6e-136	488.0
SRR10507660|k141_52046_26	nanQ|nanQ_1280_uniprot	100.0	150	0	0	1	150	1	150	2.9e-84	313.2
SRR10507660|k141_52046_32	neuB|neuB_19920_bv	47.4	342	167	2	7	335	19	360	8.1e-87	322.8
SRR10507660|k141_35213_3	siaM|siaM_10743_bv	99.8	433	1	0	1	433	1	433	2.0e-226	786.9
SRR10507660|k141_35213_6	nanR|nanR_1645_uniprot	100.0	247	0	0	1	247	1	247	3.0e-139	496.5
SRR10507660|k141_35213_11	nagA|nagA_1833_bv	100.0	379	0	0	1	379	1	379	9.7e-222	771.2
SRR10507660|k141_3084_60	satD|WP_179899760.1	48.2	257	125	3	4	254	13	267	1.2e-63	245.7
SRR10507660|k141_3084_63	satB|WP_209510972.1	59.7	308	123	1	1	308	1	307	3.1e-101	370.5
SRR10507660|k141_52102_29	nanU|nanU_118450_bv	42.3	594	290	16	1	584	1	551	3.5e-117	424.5
SRR10507660|k141_3231_2	satD|WP_259978670.1	43.6	250	140	1	7	256	11	259	4.1e-56	220.7
SRR10507660|k141_3231_5	satB|MGI6127559.1	40.4	314	176	4	1	304	2	314	5.3e-53	210.3
SRR10507660|k141_20539_55	nanK|nanK_7216_bv	43.0	309	164	4	12	317	4	303	3.3e-61	237.7
SRR10507660|k141_35349_3	siaQ|siaQ_294885_bv	100.0	166	0	0	1	166	1	166	1.1e-84	314.7
SRR10507660|k141_35360_16	satD|WP_069102428.1	45.1	266	141	4	4	269	9	269	1.1e-59	232.6
SRR10507660|k141_52182_6	nanE|nanE_10512_bv	100.0	236	0	0	1	236	1	236	2.5e-127	456.8
SRR10507660|k141_35395_2	siaM|siaM_406413_bv	100.0	310	0	0	1	310	114	423	2.3e-136	487.3
SRR10507660|k141_20558_4	nanU|nanU_295053_bv	98.2	543	10	0	1	543	1	543	0.0e+00	1119.4
SRR10507660|k141_20558_9	SIAE|SIAE_100471_bv	98.7	473	6	0	1	473	1	473	1.2e-288	993.8
SRR10507660|k141_20631_62	nanK|nanK_28066_bv	44.4	304	158	3	6	309	5	297	7.2e-61	236.5
SRR10507660|k141_35529_4	satB|MDZ7704265.1	42.6	312	179	0	1	312	1	312	1.1e-61	239.2
SRR10507660|k141_35529_7	satD|WP_412956920.1	44.6	260	142	2	2	261	3	260	1.0e-55	219.2
SRR10507660|k141_3478_5	siaP|siaP_30378_bv	44.5	339	179	3	1	338	1	331	3.0e-73	277.7
SRR10507660|k141_3478_6	siaQ|siaQ_34844_bv	85.4	171	25	0	1	171	1	171	1.3e-72	274.6
SRR10507660|k141_3478_7	siaM|siaM_32343_bv	100.0	434	0	0	1	434	1	434	4.5e-231	802.4
SRR10507660|k141_52450_7	satD|WP_003847251.1	42.2	230	129	1	25	250	35	264	1.7e-43	178.7
SRR10507660|k141_20817_27	SIAE|SIAE_29505_refseq	100.0	289	0	0	5	293	1	289	1.8e-167	590.5
SRR10507660|k141_3608_1	nanU|nanU_95457_bv	52.3	495	222	7	1	486	77	566	1.1e-137	492.3
SRR10507660|k141_35592_78	nanR|nanR_1411_uniprot	42.7	480	272	3	1	478	1	479	4.7e-104	380.6
SRR10507660|k141_20833_6	nanA|nanA_5008_bv	87.7	309	38	0	1	309	1	309	1.4e-154	547.7
SRR10507660|k141_20833_7	nanQ|nanQ_873_uniprot	100.0	149	0	0	1	149	1	149	1.2e-85	317.8
SRR10507660|k141_20833_8	nanE|nanE_2483_bv	100.0	231	0	0	1	231	1	231	2.5e-127	456.8
SRR10507660|k141_20833_9	nanK|nanK_20668_bv	100.0	211	0	0	85	295	1	211	3.3e-116	420.2
SRR10507660|k141_3736_5	satD|WP_136640697.1	45.2	259	140	2	2	259	4	261	5.1e-62	240.4
SRR10507660|k141_20896_6	nanK|nanK_22396_bv	42.6	312	178	1	2	312	3	314	5.5e-69	263.5
SRR10507660|k141_52570_6	siaQ|siaQ_127718_bv	100.0	167	0	0	1	167	1	167	6.7e-82	305.4
SRR10507660|k141_52570_7	siaM|siaM_18190_bv	100.0	433	0	0	1	433	1	433	2.5e-221	770.0
SRR10507660|k141_3793_32	neuC|neuC_8282_bv	100.0	377	0	0	1	377	1	377	2.0e-219	763.5
SRR10507660|k141_3793_35	neuB|neuB_775_bv	100.0	334	0	0	1	334	1	334	1.0e-190	667.9
SRR10507660|k141_3793_36	neuA|neuA_26556_bv	100.0	231	0	0	1	231	1	231	3.1e-130	466.5
SRR10507660|k141_20915_11	nanU|nanU_253382_bv	98.5	522	8	0	1	522	2	523	1.8e-303	1043.1
SRR10507660|k141_20915_14	nagB|nagB_173245_bv	49.6	236	119	0	1	236	1	236	6.5e-62	239.6
SRR10507660|k141_20915_51	siaM|siaM_2672_bv	100.0	427	0	0	1	427	1	427	8.7e-227	788.1
SRR10507660|k141_35824_3	siaM|siaM_319766_bv	95.0	100	5	0	1	100	1	100	3.4e-44	179.5
SRR10507660|k141_35863_5	nanQ|nanQ_295_bv	100.0	151	0	0	1	151	1	151	1.1e-83	311.2
SRR10507660|k141_3819_23	nanU|nanU_517875_bv	50.2	548	261	8	3	541	11	555	3.3e-146	520.8
SRR10507660|k141_3819_90	nanU|nanU_73051_bv	92.0	485	39	0	12	496	3	487	1.2e-272	940.6
SRR10507660|k141_52654_5	nagA|nagA_612_bv	100.0	385	0	0	1	385	1	385	6.4e-229	795.0
SRR10507660|k141_52654_23	satD|WP_271417843.1	46.3	257	116	4	24	280	35	269	4.3e-59	230.7
SRR10507660|k141_3849_9	neuD|neuD_3565_refseq	85.9	213	30	0	1	213	1	213	1.5e-78	294.7
SRR10507660|k141_52684_47	nanU|nanU_484026_bv	44.3	512	260	13	12	516	8	501	1.6e-116	422.2
SRR10507660|k141_35911_18	nagA|nagA_95214_bv	100.0	379	0	0	1	379	3	381	1.5e-225	783.9
SRR10507660|k141_35911_21	siaM|siaM_75029_bv	100.0	434	0	0	1	434	1	434	2.7e-223	776.5
SRR10507660|k141_35911_22	siaQ|siaQ_30509_bv	100.0	176	0	0	1	176	1	176	8.3e-91	335.1
SRR10507660|k141_35911_23	siaP|siaP_129413_bv	73.3	262	70	0	78	339	16	277	1.1e-115	418.7
SRR10507660|k141_35911_84	nanK|nanK_9083_bv	40.9	286	155	6	6	291	5	276	7.3e-47	189.9
SRR10507660|k141_35911_132	SIAE|SIAE_5871_refseq	99.2	247	2	0	1	247	1	247	8.5e-142	505.0
SRR10507660|k141_35911_139	siaQ|siaQ_11850_bv	97.0	166	5	0	1	166	1	166	6.7e-82	305.4
SRR10507660|k141_35911_140	siaM|siaM_47036_bv	100.0	433	0	0	1	433	1	433	1.3e-225	784.3
SRR10507660|k141_35946_10	nanU|nanU_317722_bv	69.1	501	154	1	6	506	7	506	2.0e-206	720.7
SRR10507660|k141_35977_19	nanH|nanH_37027_bv	98.4	322	5	0	48	369	15	336	2.7e-192	673.3
SRR10507660|k141_35977_20	nanU|nanU_394475_bv	99.8	475	1	0	11	485	1	475	3.2e-278	959.1
SRR10507660|k141_35977_22	SIAE|SIAE_547_bv	100.0	474	0	0	1	474	1	474	4.3e-283	975.3
SRR10507660|k141_35977_24	nanH|nanH_20530_bv	94.0	546	33	0	1	546	1	546	9.8e-308	1057.4
SRR10507660|k141_35977_26	nanM|nanM_443_uniprot	100.0	340	0	0	1	340	1	340	2.7e-207	723.0
SRR10507660|k141_52697_31	nanQ|nanQ_1105_uniprot	100.0	154	0	0	1	154	1	154	4.4e-88	325.9
SRR10507660|k141_52697_34	nanQ|nanQ_4054_bv	100.0	150	0	0	1	150	1	150	1.2e-82	307.8
SRR10507660|k141_52723_6	nanU|nanU_339340_bv	42.4	589	287	19	7	572	8	567	7.5e-109	396.7
SRR10507660|k141_52743_9	nanR|nanR_1411_uniprot	43.8	479	266	2	1	477	1	478	6.6e-114	413.3
SRR10507660|k141_36028_81	nanU|nanU_353922_bv	63.0	519	187	4	8	524	19	534	5.5e-191	669.5
SRR10507660|k141_36028_122	nanU|nanU_24278_bv	43.4	514	270	8	4	515	3	497	1.7e-115	418.7
SRR10507660|k141_4005_24	SIAE|SIAE_67366_bv	47.2	634	176	3	12	645	10	484	4.4e-166	587.0
SRR10507660|k141_52817_22	satD|WP_136453715.1	46.6	264	136	2	1	262	1	261	1.2e-63	245.7
SRR10507660|k141_52817_26	satB|HUX88249.1	42.1	318	177	3	4	319	2	314	3.0e-62	241.1
SRR10507660|k141_21293_22	nagB|nagB_199830_bv	100.0	240	0	0	1	240	1	240	3.6e-137	489.6
SRR10507660|k141_21342_2	nanK|nanK_5729_bv	44.0	175	87	2	6	169	3	177	9.9e-36	152.1
SRR10507660|k141_36104_1	SIAE|SIAE_60728_bv	90.4	125	12	0	1	125	54	178	3.7e-61	236.1
SRR10507660|k141_4049_16	nanU|nanU_656288_bv	55.2	556	238	5	3	549	5	558	8.7e-171	602.4
SRR10507660|k141_4049_18	nanU|nanU_1200_bv	43.3	614	276	17	21	598	23	600	7.1e-126	453.4
SRR10507660|k141_4049_30	nanU|nanU_216044_bv	60.1	536	213	1	1	536	1	535	3.3e-191	670.2
SRR10507660|k141_4049_42	nanU|nanU_401273_bv	56.4	587	231	10	16	599	3	567	3.6e-178	627.1
SRR10507660|k141_21411_32	nanU|nanU_114568_bv	43.2	622	333	11	2	610	24	638	2.0e-144	515.0
SRR10507660|k141_52828_38	SIAE|SIAE_12166_uniprot	100.0	470	0	0	1	470	64	533	2.7e-290	999.2
SRR10507660|k141_52828_41	nanA|nanA_5930_refseq	100.0	301	0	0	1	301	1	301	3.6e-171	602.8
SRR10507660|k141_52828_150	kpsT|kpsT_10521_bv	48.1	239	123	1	3	240	2	240	2.0e-61	238.0
SRR10507660|k141_52828_151	kpsM|kpsM_245_uniprot	47.0	270	128	5	5	272	15	271	9.6e-54	212.6
SRR10507660|k141_52828_166	neuA|neuA_10379_uniprot	100.0	255	0	0	1	255	1	255	7.4e-149	528.5
SRR10507660|k141_52828_170	neuC|neuC_2017_refseq	100.0	399	0	0	1	399	1	399	5.5e-215	748.8
SRR10507660|k141_52828_171	neuB|neuB_64173_bv	100.0	331	0	0	1	331	1	331	1.6e-180	634.0
SRR10507660|k141_4076_21	nanU|nanU_261372_bv	61.6	529	194	3	17	538	2	528	2.6e-196	687.2
SRR10507660|k141_52838_19	neuA|neuA_10743_uniprot	86.0	228	32	0	1	228	1	228	5.5e-111	402.5
SRR10507660|k141_52838_45	nanK|nanK_22396_bv	44.3	314	175	0	6	319	3	316	7.5e-74	279.6
SRR10507660|k141_52838_46	nanE|nanE_1405_bv	100.0	246	0	0	1	246	1	246	1.5e-143	510.8
SRR10507660|k141_52838_87	nanU|nanU_45837_bv	73.6	550	145	0	1	550	1	550	8.2e-246	851.7
SRR10507660|k141_21519_1	kpsM|kpsM_261_bv	100.0	243	0	0	1	243	1	243	8.1e-137	488.4
SRR10507660|k141_36161_27	nanE|nanE_13583_bv	100.0	228	0	0	1	228	1	228	1.2e-126	454.5
SRR10507660|k141_36161_59	satB|HMA59673.1	42.2	315	179	2	1	314	1	313	7.2e-61	236.5
SRR10507660|k141_36161_60	satD|WP_227924124.1	48.1	260	134	1	23	282	8	266	5.0e-66	253.8
SRR10507660|k141_4130_37	nanU|nanU_553723_bv	99.2	519	4	0	1	519	1	519	1.0e-306	1053.9
SRR10507660|k141_4130_145	nanU|nanU_139829_bv	98.3	522	9	0	7	528	8	529	1.9e-303	1043.1
SRR10507660|k141_53002_3	kpsD|kpsD_13620_bv	98.8	243	3	0	1	243	5	247	6.6e-131	468.8
SRR10507660|k141_53005_5	kpsM|kpsM_209_bv	51.1	268	128	1	77	341	10	277	2.4e-70	268.1
SRR10507660|k141_53028_1	kpsD|kpsD_6620_bv	60.4	467	184	1	1	467	66	531	2.7e-165	583.9
SRR10507660|k141_53052_2	siaT|siaT_44013_uniprot	99.6	450	2	0	1	450	1	450	3.0e-246	852.8
SRR10507660|k141_21578_58	SIAE|SIAE_84968_bv	92.0	477	38	0	1	477	5	481	1.6e-269	930.2
SRR10507660|k141_21656_5	neuA|neuA_16147_bv	77.0	226	52	0	10	235	1	226	3.6e-97	356.7
SRR10507660|k141_21656_6	neuB|neuB_16049_bv	100.0	342	0	0	1	342	1	342	2.8e-199	696.4
SRR10507660|k141_21656_7	neuC|neuC_17588_bv	100.0	376	0	0	1	376	5	380	2.6e-219	763.1
SRR10507660|k141_53160_26	satD|WP_380818105.1	44.1	263	131	2	1	248	3	264	2.0e-53	211.5
SRR10507660|k141_53160_29	satB|WP_292596291.1	42.7	309	177	0	17	325	4	312	1.0e-70	269.2
SRR10507660|k141_4190_12	neuD|neuD_6179_uniprot	48.4	215	111	0	4	218	2	216	5.7e-33	143.3
SRR10507660|k141_53263_35	nanQ|nanQ_634_uniprot	100.0	149	0	0	1	149	1	149	3.2e-83	309.7
SRR10507660|k141_36331_6	nanU|nanU_45386_bv	65.7	461	158	0	1	461	1	461	2.0e-176	620.9
SRR10507660|k141_36331_106	nanU|nanU_631919_bv	99.8	513	1	0	1	513	4	516	0.0e+00	1090.1
SRR10507660|k141_21701_88	satB|MCL2228095.1	53.4	307	143	0	1	307	1	307	1.2e-87	325.5
SRR10507660|k141_21701_91	satD|WP_210229862.1	44.6	258	132	3	4	253	16	270	1.4e-56	222.2
SRR10507660|k141_21701_160	nanK|nanK_40_bv	41.9	322	168	8	1	312	1	313	1.7e-65	251.9
SRR10507660|k141_36342_2	kpsT|kpsT_10521_bv	49.2	244	123	1	5	247	2	245	6.4e-65	249.6
SRR10507660|k141_4290_7	siaQ|siaQ_62112_bv	100.0	165	0	0	1	165	1	165	1.5e-86	320.9
SRR10507660|k141_53426_2	siaP|siaP_762788_bv	70.2	215	64	0	4	218	30	244	8.2e-86	319.3
SRR10507660|k141_4408_26	SIAE|SIAE_3306_bv	100.0	477	0	0	1	477	1	477	1.6e-285	983.4
SRR10507660|k141_4408_46	SIAE|SIAE_85672_bv	83.3	648	45	1	1	648	1	585	0.0e+00	1084.3
SRR10507660|k141_4408_54	SIAE|SIAE_26525_refseq	100.0	479	0	0	1	479	1	479	4.4e-288	991.9
SRR10507660|k141_21825_5	nanK|nanK_7216_bv	40.0	310	174	3	8	314	4	304	9.9e-58	226.1
SRR10507660|k141_21834_4	satB|WP_101552959.1	43.8	308	168	3	1	306	1	305	2.7e-68	261.2
SRR10507660|k141_21834_7	satD|WP_204878079.1	45.9	259	134	1	1	253	13	271	4.9e-57	223.8
SRR10507660|k141_21858_1	nagA|nagA_1103_bv	100.0	367	0	0	1	367	13	379	1.3e-218	760.8
SRR10507660|k141_36510_2	kpsM|kpsM_161_bv	100.0	253	0	0	1	253	9	261	7.4e-133	475.3
SRR10507660|k141_36510_3	kpsT|kpsT_13613_bv	45.5	235	128	0	6	240	7	241	2.1e-60	234.6
SRR10507660|k141_4519_5	SIAE|SIAE_1648_refseq	100.0	521	0	0	1	521	1	521	0.0e+00	1105.9
SRR10507660|k141_4519_6	nanH|nanH_41230_bv	47.0	566	267	13	12	562	5	552	7.1e-144	513.1
SRR10507660|k141_53515_40	nanU|nanU_536296_bv	98.9	529	6	0	1	529	1	529	0.0e+00	1098.2
SRR10507660|k141_53515_48	nagB|nagB_74529_bv	99.6	263	1	0	1	263	1	263	1.3e-151	537.7
SRR10507660|k141_53655_10	nanU|nanU_140524_bv	49.4	522	234	10	13	515	5	515	3.2e-127	457.6
SRR10507660|k141_53670_1	siaM|siaM_298233_bv	99.5	211	1	0	1	211	3	213	9.6e-102	371.7
SRR10507660|k141_53682_14	nanH|nanH_29594_bv	77.9	362	80	0	35	396	32	393	4.8e-171	602.8
SRR10507660|k141_4754_38	nanK|nanK_17982_bv	99.6	234	1	0	1	234	1	234	5.1e-133	476.1
SRR10507660|k141_4754_39	nanQ|nanQ_7137_uniprot	100.0	151	0	0	1	151	1	151	1.3e-87	324.3
SRR10507660|k141_4754_41	nanA|nanA_30477_bv	99.7	305	1	0	1	305	1	305	3.0e-173	609.8
SRR10507660|k141_4754_42	nanE|nanE_554_bv	100.0	228	0	0	1	228	1	228	8.7e-125	448.4
SRR10507660|k141_22002_132	nanU|nanU_399565_bv	63.9	563	196	4	8	563	5	567	1.6e-207	724.5
SRR10507660|k141_22002_149	nanU|nanU_635054_bv	51.6	492	229	6	17	506	18	502	1.3e-144	515.4
SRR10507660|k141_22016_8	nanH|nanH_23335_bv	64.9	168	58	1	14	181	1	167	2.5e-58	227.6
SRR10507660|k141_4791_4	nanU|nanU_68107_bv	99.8	534	1	0	5	538	18	551	0.0e+00	1099.0
SRR10507660|k141_4791_41	nanQ|nanQ_32_uniprot	100.0	146	0	0	1	146	1	146	3.9e-78	292.7
SRR10507660|k141_22114_2	satD|CEA06890.1	49.6	262	129	3	3	263	6	265	8.2e-60	233.0
SRR10507660|k141_36679_9	nanU|nanU_24278_bv	48.8	514	243	10	1	511	1	497	1.0e-133	479.2
SRR10507660|k141_36679_47	nanU|nanU_261372_bv	65.0	528	178	2	17	538	2	528	4.9e-203	709.5
SRR10507660|k141_22140_2	siaP|siaP_598204_bv	45.1	304	165	1	59	362	70	371	4.3e-73	277.3
SRR10507660|k141_22140_3	siaQ|siaQ_37453_bv	100.0	170	0	0	1	170	1	170	8.3e-88	325.1
SRR10507660|k141_22140_4	siaM|siaM_10879_bv	100.0	425	0	0	1	425	1	425	1.0e-227	791.2
SRR10507660|k141_4793_50	nanU|nanU_363656_bv	56.2	625	224	12	1	621	1	579	1.2e-187	658.7
SRR10507660|k141_4793_124	kpsD|kpsD_12088_bv	49.6	821	367	9	1	796	1	799	7.8e-224	779.2
SRR10507660|k141_36701_6	nagA|nagA_153915_bv	100.0	388	0	0	1	388	3	390	1.1e-223	777.7
SRR10507660|k141_36701_7	nagA|nagA_9350_bv	100.0	389	0	0	1	389	1	389	3.9e-226	785.8
SRR10507660|k141_36735_3	siaM|siaM_34205_bv	100.0	442	0	0	1	442	1	442	2.9e-233	809.7
SRR10507660|k141_53858_16	nanK|nanK_40_bv	52.4	313	147	2	3	314	2	313	3.2e-85	317.4
SRR10507660|k141_22148_130	satD|WP_069102428.1	45.3	258	138	2	4	259	13	269	1.3e-60	235.7
SRR10507660|k141_53863_35	SIAE|SIAE_45363_bv	61.3	571	183	3	1	571	1	533	1.9e-205	717.6
SRR10507660|k141_53887_12	nagB|nagB_8888_bv	100.0	243	0	0	1	243	1	243	1.1e-138	494.6
SRR10507660|k141_53891_16	nanK|nanK_28066_bv	43.3	312	162	4	3	314	1	297	1.9e-61	238.4
SRR10507660|k141_22279_21	nanU|nanU_554903_bv	53.7	534	232	6	12	534	14	543	1.3e-166	588.6
SRR10507660|k141_4920_65	nanU|nanU_216044_bv	60.5	539	207	5	1	537	1	535	8.2e-190	665.6
SRR10507660|k141_53977_32	satD|HJC70536.1	40.2	209	115	7	20	221	7	212	4.2e-26	120.6
SRR10507660|k141_5025_1	siaP|siaP_287809_bv	44.2	308	167	3	49	354	5	309	3.7e-61	237.7
SRR10507660|k141_37078_2	SIAE|SIAE_10916_bv	100.0	691	0	0	1	691	1	691	0.0e+00	1458.4
SRR10507660|k141_22382_3	nanR|nanR_6423_uniprot	48.6	214	110	0	9	222	4	217	1.3e-51	205.3
SRR10507660|k141_5057_2	siaQ|siaQ_109590_bv	40.4	161	96	0	1	161	1	161	3.9e-26	120.2
SRR10507660|k141_54126_12	nanQ|nanQ_4759_bv	100.0	157	0	0	1	157	1	157	1.2e-88	327.8
SRR10507660|k141_22439_2	siaM|siaM_425178_bv	99.8	423	1	0	1	423	1	423	6.2e-209	728.8
SRR10507660|k141_54150_40	siaQ|siaQ_545706_bv	79.4	160	33	0	33	192	1	160	9.9e-69	261.9
SRR10507660|k141_54150_41	siaM|siaM_4007_bv	100.0	430	0	0	1	430	1	430	2.3e-235	816.6
SRR10507660|k141_22519_12	siaM|siaM_259020_bv	93.9	462	1	1	1	435	1	462	1.8e-219	763.8
SRR10507660|k141_22519_13	siaQ|siaQ_39004_bv	100.0	167	0	0	1	167	1	167	1.0e-85	318.2
SRR10507660|k141_22519_14	siaP|siaP_99094_bv	99.6	253	1	0	97	349	1	253	6.0e-141	502.7
SRR10507660|k141_22546_1	nanK|nanK_15402_bv	46.5	142	75	1	1	141	24	165	9.4e-32	138.7
SRR10507660|k141_37145_41	nanU|nanU_404061_bv	40.2	465	252	10	19	475	10	456	1.1e-76	289.7
SRR10507660|k141_37145_62	nanU|nanU_592457_bv	50.8	524	233	12	1	510	1	513	2.6e-132	474.6
SRR10507660|k141_37158_4	kpsD|kpsD_12100_bv	54.7	834	363	5	1	822	2	832	6.7e-260	899.0
SRR10507660|k141_54396_1	nagB|nagB_10120_bv	100.0	171	0	0	1	171	17	187	7.0e-95	348.6
SRR10507660|k141_5254_23	nanU|nanU_413036_bv	67.2	564	184	1	1	563	2	565	2.9e-238	826.6
SRR10507660|k141_5254_30	nanK|nanK_24160_bv	41.3	310	170	4	6	315	5	302	4.7e-60	233.8
SRR10507660|k141_54451_1	siaM|siaM_19128_bv	96.4	309	4	1	1	302	37	345	1.4e-143	511.1
SRR10507660|k141_37231_1	nanR|nanR_1299_uniprot	45.5	224	122	0	1	224	1	224	1.0e-48	195.7
SRR10507660|k141_37231_10	siaQ|siaQ_411681_bv	62.6	155	58	0	1	155	11	165	4.5e-48	193.0
SRR10507660|k141_22770_2	nanK|nanK_40_bv	47.3	256	130	4	62	314	63	316	3.2e-61	237.7
SRR10507660|k141_22812_2	SIAE|SIAE_27458_refseq	100.0	276	0	0	1	276	29	304	1.6e-160	567.4
SRR10507660|k141_37318_11	nanQ|nanQ_663_uniprot	100.0	148	0	0	1	148	1	148	2.7e-82	306.6
SRR10507660|k141_37318_16	nanU|nanU_330353_bv	93.7	521	33	0	1	521	1	521	1.9e-295	1016.5
SRR10507660|k141_37318_25	nanU|nanU_403585_bv	88.4	533	61	1	12	543	29	561	4.0e-285	982.2
SRR10507660|k141_37344_2	nagA|nagA_3982_bv	99.7	357	1	0	1	357	32	388	1.0e-204	714.5
SRR10507660|k141_5326_94	nagA|nagA_16014_bv	100.0	398	0	0	1	398	1	398	1.4e-234	813.9
SRR10507660|k141_5326_95	nagB|nagB_90072_bv	100.0	256	0	0	1	256	1	256	2.6e-146	520.0
SRR10507660|k141_54532_22	nanU|nanU_700_bv	100.0	529	0	0	1	529	1	529	0.0e+00	1101.7
SRR10507660|k141_5358_4	nanA|nanA_20162_bv	70.3	303	90	0	1	303	1	303	1.3e-128	461.5
SRR10507660|k141_22822_65	nanU|nanU_230315_bv	100.0	510	0	0	4	513	18	527	8.3e-309	1060.8
SRR10507660|k141_22822_88	nanU|nanU_256107_bv	40.8	576	296	19	6	564	1	548	5.2e-102	374.0
SRR10507660|k141_22822_139	nanU|nanU_497957_bv	75.9	486	116	1	11	496	2	486	1.1e-220	768.1
SRR10507660|k141_22822_147	nanU|nanU_317574_bv	100.0	511	0	0	1	511	6	516	1.1e-308	1060.4
SRR10507660|k141_37450_80	nanU|nanU_34670_bv	99.7	351	1	0	1	351	131	481	3.7e-207	722.6
SRR10507660|k141_54615_9	nanU|nanU_601173_bv	99.1	562	5	0	1	562	12	573	0.0e+00	1150.2
SRR10507660|k141_54615_31	nanK|nanK_7216_bv	41.7	309	168	4	12	317	4	303	4.0e-59	230.7
SRR10507660|k141_22934_27	siaQ|siaQ_76954_bv	100.0	202	0	0	1	202	1	202	6.4e-111	402.1
SRR10507660|k141_22934_28	siaM|siaM_5114_bv	100.0	428	0	0	1	428	1	428	1.4e-221	770.8
SRR10507660|k141_5418_8	satD|HJC70536.1	40.1	207	116	6	21	221	7	211	6.7e-24	113.2
SRR10507660|k141_37633_12	satD|WP_332488897.1	46.6	262	126	2	1	249	1	261	4.7e-57	223.8
SRR10507660|k141_37633_15	satB|MFN4189717.1	42.5	280	131	2	1	280	56	305	1.9e-52	208.4
SRR10507660|k141_5526_1	siaM|siaM_410577_bv	100.0	273	0	0	1	273	1	273	5.5e-134	479.2
SRR10507660|k141_5526_2	siaQ|siaQ_10866_bv	99.4	158	1	0	1	158	11	168	7.2e-86	318.5
SRR10507660|k141_54742_4	nanU|nanU_348730_bv	62.0	571	204	5	11	572	1	567	6.6e-206	719.2
SRR10507660|k141_22983_92	satB|WP_062515624.1	44.2	303	156	3	16	310	15	312	6.3e-65	250.0
SRR10507660|k141_22983_96	satD|WP_157242448.1	42.2	251	140	1	27	272	9	259	2.3e-49	198.4
SRR10507660|k141_5601_17	kpsT|kpsT_13997_bv	54.2	192	88	0	1	192	49	240	1.5e-56	221.5
SRR10507660|k141_37768_11	siaM|siaM_25544_bv	83.5	425	70	0	1	425	1	425	3.1e-184	646.7
SRR10507660|k141_37768_27	nanR|nanR_1299_uniprot	46.7	225	119	1	1	225	1	224	5.7e-52	206.5
SRR10507660|k141_23048_11	neuC|neuC_12214_bv	100.0	380	0	0	1	380	1	380	1.4e-220	767.3
SRR10507660|k141_23048_12	neuA|neuA_11267_uniprot	100.0	226	0	0	1	226	1	226	3.0e-125	449.9
SRR10507660|k141_37816_6	nanK|nanK_28066_bv	43.5	308	160	4	6	313	4	297	1.2e-60	235.7
SRR10507660|k141_54889_1	siaM|siaM_5909_bv	100.0	433	0	0	1	433	1	433	5.3e-224	778.9
SRR10507660|k141_54889_2	siaQ|siaQ_3735_bv	100.0	166	0	0	1	166	1	166	1.5e-81	304.3
SRR10507660|k141_54889_24	siaM|siaM_21997_bv	100.0	429	0	0	1	429	1	429	1.7e-230	800.4
SRR10507660|k141_54889_26	nanQ|nanQ_5285_uniprot	100.0	154	0	0	1	154	1	154	1.7e-87	323.9
SRR10507660|k141_54889_36	siaQ|siaQ_480775_bv	52.5	160	76	0	4	163	1	160	5.2e-34	146.4
SRR10507660|k141_54889_37	siaM|siaM_9035_bv	100.0	424	0	0	1	424	1	424	3.8e-214	746.1
SRR10507660|k141_23111_41	nanU|nanU_378182_bv	45.8	548	272	10	16	548	3	540	5.5e-125	450.3
SRR10507660|k141_23111_47	nanU|nanU_134655_bv	100.0	501	0	0	1	501	1	501	8.2e-301	1034.2
SRR10507660|k141_23119_7	satD|WP_242721802.1	40.5	227	129	5	18	239	46	271	9.4e-37	156.0
SRR10507660|k141_55043_4	siaP|siaP_768515_bv	81.5	341	63	0	1	341	1	341	1.6e-159	564.3
SRR10507660|k141_55043_5	siaQ|siaQ_1188_uniprot	43.2	139	79	0	13	151	14	152	1.7e-24	114.8
SRR10507660|k141_55043_6	siaM|siaM_22651_bv	100.0	423	0	0	1	423	1	423	3.1e-216	753.1
SRR10507660|k141_23179_11	kpsM|kpsM_209_bv	52.2	270	125	1	5	270	8	277	7.8e-72	272.7
SRR10507660|k141_5666_89	neuD|neuD_1094_uniprot	100.0	208	0	0	1	208	1	208	8.6e-79	295.4
SRR10507660|k141_37914_7	siaQ|siaQ_592382_bv	100.0	171	0	0	1	171	1	171	5.2e-90	332.4
SRR10507660|k141_37914_8	siaM|siaM_53006_bv	100.0	425	0	0	1	425	1	425	2.2e-222	773.5
SRR10507660|k141_5751_7	nanQ|nanQ_662_uniprot	100.0	159	0	0	1	159	1	159	9.5e-94	344.7
SRR10507660|k141_5764_1	siaP|siaP_263256_bv	58.6	191	77	1	1	189	1	191	2.6e-60	234.2
SRR10507660|k141_5764_3	nanR|nanR_1299_uniprot	45.6	228	123	1	1	228	1	227	1.5e-47	191.8
SRR10507660|k141_55128_2	satB|WP_263079827.1	43.4	311	171	1	1	311	1	306	1.3e-59	232.3
SRR10507660|k141_55128_3	satD|WP_255793737.1	49.8	255	125	1	21	272	13	267	2.4e-65	251.5
SRR10507660|k141_37995_1	kpsT|kpsT_9718_bv	48.5	235	119	1	5	237	7	241	5.1e-55	216.9
SRR10507660|k141_37995_2	kpsM|kpsM_62_bv	59.5	259	105	0	3	261	7	265	5.2e-81	303.1
SRR10507660|k141_23307_18	satD|WP_297186591.1	40.2	229	130	2	19	241	30	257	4.5e-39	163.7
SRR10507660|k141_5788_4	nanU|nanU_122390_bv	60.1	484	173	6	16	486	4	480	3.3e-158	560.5
SRR10507660|k141_55135_5	siaM|siaM_102413_bv	100.0	426	0	0	1	426	1	426	4.3e-218	759.2
SRR10507660|k141_55135_6	siaQ|siaQ_55477_bv	53.5	155	72	0	4	158	2	156	1.5e-38	161.4
SRR10507660|k141_55135_7	siaP|siaP_366207_bv	44.1	281	155	1	69	349	48	326	4.7e-61	237.3
SRR10507660|k141_23310_1	siaM|siaM_5454_bv	100.0	576	0	0	1	576	1	576	0.0e+00	1095.9
SRR10507660|k141_38025_1	siaM|siaM_437827_bv	98.6	218	3	0	1	218	1	218	4.9e-109	396.0
SRR10507660|k141_23315_9	neuD|neuD_1256_uniprot	100.0	215	0	0	1	215	1	215	5.4e-68	259.6
SRR10507660|k141_55210_2	nanH|nanH_46955_bv	69.6	481	140	3	1	475	1	481	7.2e-190	665.6
SRR10507660|k141_5820_26	nanU|nanU_291680_bv	42.6	493	266	8	1	490	10	488	1.2e-115	419.1
SRR10507660|k141_5820_67	nanU|nanU_563729_bv	97.8	505	11	0	2	506	1	505	6.5e-298	1024.6
SRR10507660|k141_23328_11	satB|WP_263079827.1	55.4	307	136	1	1	307	1	306	2.1e-89	331.3
SRR10507660|k141_23328_14	satD|KFC16516.1	49.0	243	119	3	16	258	34	271	9.9e-58	226.1
SRR10507660|k141_23328_23	satD|WP_149083920.1	41.4	210	108	7	17	216	30	234	3.7e-27	124.0
SRR10507660|k141_5855_34	nanU|nanU_194521_bv	99.8	517	1	0	1	517	1	517	3.6e-312	1072.0
SRR10507660|k141_23409_1	satD|WP_210229862.1	50.2	221	110	0	1	221	50	270	8.9e-60	232.6
SRR10507660|k141_55350_2	satB|WP_263079827.1	49.8	309	154	1	1	309	1	308	3.7e-81	303.9
SRR10507660|k141_38087_52	nanU|nanU_509203_bv	99.8	475	1	0	23	497	3	477	6.0e-288	991.5
SRR10507660|k141_38087_140	SIAE|SIAE_85672_bv	50.7	649	249	4	5	648	1	583	2.2e-189	664.5
SRR10507660|k141_55438_1	siaP|siaP_405387_bv	61.3	181	69	1	50	229	1	181	4.4e-60	233.4
SRR10507660|k141_38134_2	siaQ|siaQ_989_uniprot	72.1	172	48	0	1	172	1	172	2.6e-65	250.4
SRR10507660|k141_6006_34	nagB|nagB_7780_bv	100.0	237	0	0	1	237	1	237	1.3e-134	481.1
SRR10507660|k141_6006_45	nanK|nanK_40_bv	59.4	313	125	2	3	314	2	313	4.6e-100	366.7
SRR10507660|k141_23517_117	ompF|ompF_5343_bv	71.1	387	96	6	1	384	1	374	5.9e-150	532.7
SRR10507660|k141_6060_1	siaM|siaM_1085_bv	100.0	331	0	0	1	331	113	443	2.4e-176	620.2
SRR10507660|k141_38202_1	neuB|neuB_928_bv	99.7	295	1	0	1	295	1	295	3.6e-164	579.7
SRR10507660|k141_38202_2	neuD|neuD_1104_uniprot	100.0	206	0	0	1	206	1	206	1.6e-53	211.5
SRR10507660|k141_6064_10	siaT|siaT_43978_uniprot	99.3	412	3	0	33	444	39	450	1.2e-215	751.1
SRR10507660|k141_6073_98	nanU|nanU_86622_bv	57.0	525	211	7	1	520	1	515	6.7e-165	582.8
SRR10507660|k141_6082_1	neuD|neuD_9645_uniprot	100.0	214	0	0	1	214	1	214	2.1e-51	204.5
SRR10507660|k141_23629_21	cpsK|cpsK_23_bv	85.7	356	51	0	1	356	1	356	7.8e-189	661.8
SRR10507660|k141_23629_25	neuA|neuA_35393_bv	71.8	177	50	0	57	233	1	177	3.4e-71	270.4
SRR10507660|k141_23629_27	neuB|neuB_4129_bv	57.9	349	144	2	1	349	49	394	2.0e-112	407.9
SRR10507660|k141_38360_109	nanU|nanU_628088_bv	91.5	484	41	0	26	509	1	484	4.2e-268	925.6
SRR10507660|k141_55574_13	nanU|nanU_632136_bv	51.4	535	246	6	9	541	12	534	1.7e-158	561.6
SRR10507660|k141_55574_54	nanU|nanU_449473_bv	99.8	501	1	0	1	501	4	504	1.1e-300	1033.9
SRR10507660|k141_55575_2	siaT|siaT_66880_uniprot	62.9	442	164	0	1	442	1	442	2.9e-148	527.3
SRR10507660|k141_23760_3	siaM|siaM_89065_bv	100.0	434	0	0	1	434	1	434	1.2e-215	751.1
SRR10507660|k141_23760_4	siaQ|siaQ_216400_bv	70.4	159	47	0	1	159	1	159	1.2e-56	221.5
SRR10507660|k141_23760_5	siaP|siaP_387218_bv	50.0	278	139	0	56	333	2	279	2.5e-75	284.6
SRR10507660|k141_38445_15	nanQ|nanQ_3310_uniprot	100.0	149	0	0	1	149	1	149	3.2e-83	309.7
SRR10507660|k141_38502_49	nanQ|nanQ_137_bv	100.0	154	0	0	1	154	1	154	1.3e-87	324.3
SRR10507660|k141_55586_199	satD|WP_144591788.1	40.1	207	115	4	17	216	31	235	1.6e-27	125.2
SRR10507660|k141_55586_264	nanK|nanK_299_bv	41.9	241	119	6	74	298	70	305	2.8e-38	161.4
SRR10507660|k141_55586_268	nanU|nanU_345231_bv	51.8	550	251	9	2	547	3	542	1.6e-156	555.1
SRR10507660|k141_55605_27	satB|WP_053206816.1	40.8	316	182	3	1	314	1	313	4.1e-56	220.7
SRR10507660|k141_23850_57	nanU|nanU_580564_bv	99.8	483	1	0	10	492	12	494	6.2e-277	954.9
SRR10507660|k141_23850_63	nanE|nanE_2690_bv	100.0	234	0	0	1	234	1	234	1.2e-134	481.1
SRR10507660|k141_23850_76	nanU|nanU_302020_bv	40.7	573	300	17	19	583	4	544	1.8e-105	385.6
SRR10507660|k141_23850_91	nanU|nanU_514330_bv	99.4	469	2	1	7	475	1	468	1.0e-276	954.1
SRR10507660|k141_23850_109	nanU|nanU_338056_bv	92.6	554	41	0	14	567	1	554	0.0e+00	1094.0
SRR10507660|k141_23850_111	nanU|nanU_562513_bv	46.5	578	294	4	12	580	10	581	3.3e-136	487.6
SRR10507660|k141_38535_11	siaM|siaM_64182_bv	100.0	426	0	0	1	426	1	426	2.9e-214	746.5
SRR10507660|k141_38535_13	siaP|siaP_241302_bv	53.5	282	131	0	76	357	3	284	9.6e-86	319.3
SRR10507660|k141_38639_3	satD|MFT3889449.1	40.9	215	117	6	6	210	12	226	2.8e-29	131.0
SRR10507660|k141_23906_52	nanU|nanU_438710_bv	58.6	556	216	6	6	547	7	562	9.7e-186	652.1
SRR10507660|k141_23906_70	nanU|nanU_516586_bv	64.2	503	162	6	1	503	1	485	4.8e-184	646.4
SRR10507660|k141_6438_38	nanU|nanU_628889_bv	99.8	527	1	0	13	539	1	527	9.5e-313	1073.9
SRR10507660|k141_6438_55	nanU|nanU_477395_bv	99.8	577	1	0	12	588	1	577	0.0e+00	1213.0
SRR10507660|k141_38746_3	siaM|siaM_87354_bv	99.8	433	1	0	1	433	1	433	7.2e-221	768.5
SRR10507660|k141_38746_4	siaQ|siaQ_18191_bv	100.0	172	0	0	1	172	1	172	1.5e-89	330.9
SRR10507660|k141_38746_5	siaP|siaP_129413_bv	72.1	265	74	0	77	341	16	280	5.1e-113	409.8
SRR10507660|k141_55788_5	siaM|siaM_24379_bv	100.0	427	0	0	1	427	1	427	2.4e-221	770.0
SRR10507660|k141_55788_6	siaQ|siaQ_175057_bv	77.9	163	36	0	1	163	1	163	2.0e-67	257.3
SRR10507660|k141_24010_2	nanK|nanK_707_uniprot	55.3	349	154	1	51	397	3	351	7.6e-108	392.9
SRR10507660|k141_55886_14	SIAE|SIAE_14580_bv	100.0	480	0	0	1	480	1	480	3.3e-291	1002.3
SRR10507660|k141_55923_6	satD|WP_245637405.1	47.8	245	123	3	22	263	30	272	2.4e-59	231.5
SRR10507660|k141_55923_10	satB|MCL2228095.1	44.1	311	166	2	1	311	1	303	9.8e-66	252.7
SRR10507660|k141_38865_18	nanU|nanU_107972_bv	100.0	534	0	0	1	534	1	534	0.0e+00	1104.7
SRR10507660|k141_38865_21	SIAE|SIAE_5065_bv	100.0	468	0	0	1	468	1	468	1.2e-274	947.2
SRR10507660|k141_6627_186	nagA|nagA_56835_bv	100.0	381	0	0	1	381	1	381	3.8e-226	785.8
SRR10507660|k141_6647_2	nagB|nagB_23399_bv	100.0	241	0	0	1	241	1	241	2.0e-135	483.8
SRR10507660|k141_6647_3	nagA|nagA_24896_bv	100.0	379	0	0	1	379	1	379	1.6e-224	780.4
SRR10507660|k141_55964_6	nanU|nanU_412311_bv	99.6	543	2	0	4	546	3	545	0.0e+00	1125.5
SRR10507660|k141_38905_7	siaP|siaP_241648_bv	45.8	297	157	2	63	357	29	323	5.8e-70	266.9
SRR10507660|k141_38905_8	siaQ|siaQ_543916_bv	60.5	162	64	0	1	162	1	162	1.8e-47	191.0
SRR10507660|k141_6661_50	nanU|nanU_572409_bv	43.5	462	248	6	69	526	134	586	2.6e-100	368.2
SRR10507660|k141_6661_54	nanU|nanU_415572_bv	99.7	384	1	0	60	443	11	394	1.1e-223	778.1
SRR10507660|k141_6661_59	nanU|nanU_311719_bv	55.9	494	208	3	1	491	1	487	2.4e-156	554.3
SRR10507660|k141_56069_2	siaQ|siaQ_356237_bv	66.3	163	54	1	1	163	1	162	4.5e-54	213.0
SRR10507660|k141_38937_29	satD|WP_124933466.1	47.6	250	129	1	13	262	20	267	1.2e-58	229.2
SRR10507660|k141_38937_100	nagB|nagB_19879_bv	100.0	246	0	0	1	246	1	246	2.5e-141	503.4
SRR10507660|k141_38938_7	nanU|nanU_548226_bv	61.9	514	191	4	1	511	1	512	8.0e-195	682.2
SRR10507660|k141_24233_6	nanU|nanU_293373_bv	67.5	486	157	1	28	513	1	485	6.4e-192	672.5
SRR10507660|k141_39033_13	nanU|nanU_433760_bv	74.3	491	124	1	14	504	1	489	3.4e-222	773.1
SRR10507660|k141_24343_38	SIAE|SIAE_85672_bv	55.1	663	213	6	1	658	1	583	5.5e-204	713.0
SRR10507660|k141_24343_45	nanU|nanU_391590_bv	47.6	523	247	13	10	526	1	502	1.0e-123	446.0
SRR10507660|k141_24343_59	nanU|nanU_225845_bv	61.4	526	203	0	1	526	1	526	4.0e-197	689.9
SRR10507660|k141_39076_9	nanU|nanU_402827_bv	41.4	589	306	18	20	592	18	583	3.8e-111	404.4
SRR10507660|k141_24374_35	nanK|nanK_28066_bv	44.3	305	156	4	6	310	4	294	9.0e-64	246.1
SRR10507660|k141_6769_7	nanU|nanU_453965_bv	42.5	590	289	15	3	575	8	564	4.2e-115	417.5
SRR10507660|k141_6769_31	nanU|nanU_71571_bv	44.1	675	356	13	1	667	1	662	6.7e-157	556.6
SRR10507660|k141_39087_7	neuB|neuB_4129_bv	56.9	350	147	2	1	350	49	394	2.6e-112	407.5
SRR10507660|k141_56171_2	siaP|siaP_324613_bv	52.8	195	91	1	69	262	27	221	1.2e-50	202.2
SRR10507660|k141_24378_59	SIAE|SIAE_16573_refseq	99.3	287	2	0	1	287	1	287	2.0e-166	587.0
SRR10507660|k141_6809_47	nanR|nanR_9292_uniprot	43.9	228	116	4	9	228	19	242	8.2e-39	162.9
SRR10507660|k141_6809_61	nanC|nanC_214_bv	100.0	238	0	0	1	238	4	241	2.8e-142	506.5
SRR10507660|k141_6809_62	nanM|nanM_52_bv	100.0	368	0	0	1	368	1	368	9.2e-217	754.6
SRR10507660|k141_56207_6	nanU|nanU_415551_bv	81.7	436	80	0	11	446	1	436	2.5e-208	726.9
SRR10507660|k141_39207_1	siaM|siaM_5947_bv	100.0	345	0	0	1	345	78	422	1.4e-187	657.5
SRR10507660|k141_24411_33	satD|WP_069102428.1	44.8	232	125	2	30	259	39	269	5.5e-56	220.3
SRR10507660|k141_24411_48	satD|WP_081170876.1	44.2	258	139	4	4	260	24	277	1.0e-54	216.1
SRR10507660|k141_24411_52	satB|WP_263079827.1	43.2	331	158	2	2	332	3	303	1.1e-64	249.2
SRR10507660|k141_24411_61	satD|WP_421084386.1	48.4	256	131	1	7	262	35	289	3.9e-62	240.7
SRR10507660|k141_24411_64	satB|MCC6943710.1	46.8	314	166	1	1	314	1	313	3.9e-75	283.9
SRR10507660|k141_39264_2	SIAE|SIAE_82_bv	100.0	483	0	0	1	483	1	483	3.8e-295	1015.4
SRR10507660|k141_6831_52	nanU|nanU_155606_bv	64.3	544	192	2	4	545	13	556	6.8e-200	699.1
SRR10507660|k141_6831_54	nanU|nanU_263695_bv	65.6	538	181	3	12	549	8	541	4.4e-215	749.6
SRR10507660|k141_6831_64	nanU|nanU_114568_bv	43.0	646	325	13	3	636	25	639	4.6e-139	497.3
SRR10507660|k141_24470_29	neuA|neuA_114_kegg	100.0	227	0	0	1	227	1	227	1.1e-127	458.0
SRR10507660|k141_24470_30	neuB|neuB_25568_bv	100.0	349	0	0	1	349	1	349	1.1e-203	711.1
SRR10507660|k141_24470_32	neuD|neuD_4483_uniprot	100.0	213	0	0	1	213	1	213	1.8e-55	218.0
SRR10507660|k141_24479_1	SIAE|SIAE_124_refseq	98.1	161	3	0	1	161	53	213	3.6e-85	316.2
SRR10507660|k141_39392_1	siaP|siaP_99094_bv	91.1	235	21	0	1	235	13	247	9.6e-119	428.3
SRR10507660|k141_24488_10	neuA|neuA_17178_uniprot	100.0	240	0	0	1	240	1	240	3.0e-136	486.5
SRR10507660|k141_24488_12	neuC|neuC_6611_refseq	100.0	384	0	0	1	384	1	384	7.8e-219	761.5
SRR10507660|k141_24488_13	neuB|neuB_10959_refseq	100.0	335	0	0	1	335	1	335	3.9e-190	666.0
SRR10507660|k141_24488_14	neuD|neuD_3906_uniprot	100.0	213	0	0	1	213	1	213	2.9e-61	237.3
SRR10507660|k141_39434_1	nagA|nagA_15549_bv	100.0	390	0	0	1	390	1	390	4.1e-231	802.4
SRR10507660|k141_39434_7	nagB|nagB_17718_bv	100.0	253	0	0	1	253	1	253	5.8e-146	518.8
SRR10507660|k141_56454_6	nanU|nanU_415551_bv	59.4	436	174	2	1	436	4	436	2.2e-145	517.7
SRR10507660|k141_39485_2	siaQ|siaQ_83262_bv	95.4	153	7	0	1	153	1	153	4.4e-72	272.7
SRR10507660|k141_24522_23	kpsT|kpsT_9718_bv	47.0	200	106	0	45	244	45	244	2.4e-48	194.5
SRR10507660|k141_24522_24	kpsM|kpsM_848_bv	100.0	255	0	0	1	255	1	255	1.8e-139	497.3
SRR10507660|k141_24558_2	siaP|siaP_353133_bv	79.0	257	52	1	97	351	1	257	2.4e-113	411.0
SRR10507660|k141_39517_7	nanU|nanU_92424_bv	100.0	521	0	0	1	521	1	521	0.0e+00	1075.8
SRR10507660|k141_39517_8	nanH|nanH_15173_bv	99.7	394	1	0	147	540	1	394	4.9e-235	815.8
SRR10507660|k141_39517_10	SIAE|SIAE_31893_bv	100.0	691	0	0	1	691	1	691	0.0e+00	1442.2
SRR10507660|k141_39517_11	nanM|nanM_2289_bv	99.4	310	2	0	1	310	1	310	1.7e-184	647.5
SRR10507660|k141_39517_37	nanU|nanU_184248_bv	47.2	513	255	10	4	507	5	510	2.6e-121	438.0
SRR10507660|k141_39517_95	nanU|nanU_525511_bv	52.8	561	233	10	6	555	19	558	9.4e-165	582.4
SRR10507660|k141_56537_1	siaP|siaP_444913_bv	81.3	268	50	0	1	268	85	352	6.1e-125	449.1
SRR10507660|k141_56537_2	siaQ|siaQ_103079_bv	78.2	165	36	0	1	165	1	165	2.1e-75	283.9
SRR10507660|k141_39570_4	nagA|nagA_926_bv	100.0	382	0	0	1	382	1	382	1.4e-220	767.3
SRR10507660|k141_39570_5	nagB|nagB_80253_bv	84.2	297	16	1	1	266	1	297	3.8e-140	499.6
SRR10507660|k141_56582_1	siaP|siaP_29045_bv	52.3	107	51	0	1	107	22	128	2.1e-28	127.1
SRR10507660|k141_56606_1	siaM|siaM_45946_bv	100.0	354	0	0	1	354	73	426	1.0e-188	661.4
SRR10507660|k141_7076_28	neuA|neuA_20931_uniprot	100.0	228	0	0	1	228	1	228	1.0e-128	461.5
SRR10507660|k141_24702_3	neuB|neuB_19920_bv	46.5	359	182	1	1	349	1	359	3.9e-92	340.5
SRR10507660|k141_24709_4	neuB|neuB_19920_bv	48.7	341	165	1	5	335	19	359	5.6e-88	326.6
SRR10507660|k141_24726_4	satB|MBI5878579.1	43.3	312	174	1	1	309	1	312	4.3e-66	253.8
SRR10507660|k141_24726_5	satD|WP_290245837.1	45.5	191	103	1	10	199	9	199	8.0e-42	172.6
SRR10507660|k141_56661_1	siaM|siaM_4626_bv	100.0	369	0	0	1	369	1	369	2.5e-198	693.3
SRR10507660|k141_39594_119	siaP|siaP_644031_bv	62.9	237	88	0	99	335	1	237	3.9e-89	330.5
SRR10507660|k141_39594_122	siaM|siaM_50322_bv	100.0	434	0	0	1	434	1	434	1.1e-229	797.7
SRR10507660|k141_39594_123	siaQ|siaQ_989_uniprot	75.7	173	42	0	1	173	1	173	2.5e-71	270.4
SRR10507660|k141_24803_1	neuA|neuA_12749_uniprot	100.0	165	0	0	1	165	1	165	2.0e-91	337.0
SRR10507660|k141_24855_2	satB|WP_101552959.1	49.2	266	134	1	3	268	40	304	7.6e-67	256.1
SRR10507660|k141_24855_5	satD|MFC2646429.1	46.7	244	125	2	20	260	35	276	3.6e-60	234.2
SRR10507660|k141_7164_15	ompC|ompC_4305_bv	100.0	367	0	0	1	367	5	371	1.2e-213	744.2
SRR10507660|k141_24905_16	nanU|nanU_486073_bv	88.8	516	58	0	19	534	2	517	6.9e-274	944.9
SRR10507660|k141_24984_1	nanT|nanT_1111_uniprot	98.1	423	8	0	1	423	1	423	7.0e-229	795.0
SRR10507660|k141_56954_7	satD|WP_271417843.1	42.8	283	136	4	3	285	13	269	4.0e-60	234.2
SRR10507660|k141_56954_10	satB|OPL08187.1	41.9	313	171	3	1	303	1	312	1.2e-57	225.7
SRR10507660|k141_56954_13	siaM|siaM_9481_bv	100.0	431	0	0	1	431	1	431	7.7e-231	801.6
SRR10507660|k141_7253_87	satB|MDY5021696.1	44.3	316	164	2	1	308	1	312	1.6e-60	235.3
SRR10507660|k141_39772_41	siaT|siaT_55802_uniprot	100.0	429	0	0	1	429	1	429	2.8e-233	809.7
SRR10507660|k141_39772_46	siaP|siaP_108089_bv	45.7	245	132	1	95	338	1	245	1.3e-55	219.2
SRR10507660|k141_57085_2	nanU|nanU_332844_bv	54.2	530	216	8	1	528	10	514	1.6e-161	571.6
SRR10507660|k141_25076_15	kpsD|kpsD_4958_bv	57.6	801	330	7	10	804	1	797	1.4e-265	917.9
SRR10507660|k141_25144_2	siaQ|siaQ_184336_bv	94.1	169	10	0	1	169	1	169	1.1e-84	314.7
SRR10507660|k141_25144_3	siaM|siaM_47611_bv	100.0	433	0	0	1	433	1	433	4.9e-185	649.4
SRR10507660|k141_7330_1	nagA|nagA_12974_bv	100.0	391	0	0	1	391	1	391	9.4e-228	791.2
SRR10507660|k141_7330_2	nagB|nagB_83351_bv	94.7	246	13	0	1	246	1	246	4.8e-129	462.6
SRR10507660|k141_7330_4	siaM|siaM_59856_bv	100.0	428	0	0	1	428	1	428	4.6e-228	792.3
SRR10507660|k141_7330_6	siaP|siaP_449607_bv	63.2	307	112	1	65	371	33	338	1.5e-110	401.7
SRR10507660|k141_39944_14	nanK|nanK_3632_bv	41.4	280	163	1	87	365	16	295	3.7e-59	231.1
SRR10507660|k141_25159_50	nanR|nanR_3642_bv	40.1	222	122	5	1	218	3	217	1.8e-33	145.2
SRR10507660|k141_39952_5	siaM|siaM_45142_bv	100.0	432	0	0	1	432	1	432	6.1e-220	765.4
SRR10507660|k141_39952_6	siaQ|siaQ_809_uniprot	100.0	176	0	0	1	176	1	176	1.7e-96	354.0
SRR10507660|k141_39952_7	siaP|siaP_65744_bv	75.5	351	78	1	1	351	1	343	5.1e-148	526.2
SRR10507660|k141_39952_14	siaM|siaM_4698_bv	100.0	444	0	0	1	444	1	444	3.4e-234	812.8
SRR10507660|k141_39964_7	satD|WP_129315695.1	41.3	252	145	2	3	251	10	261	6.6e-47	189.9
SRR10507660|k141_39985_2	siaM|siaM_22171_bv	100.0	431	0	0	1	431	1	431	3.3e-226	786.2
SRR10507660|k141_57212_20	satD|WP_400504934.1	46.1	256	131	2	5	254	10	264	6.6e-62	240.0
SRR10507660|k141_57212_23	satB|WP_263079827.1	64.9	308	108	0	1	308	1	308	1.7e-107	391.3
SRR10507660|k141_57227_1	nanU|nanU_276468_bv	97.7	350	8	0	1	350	31	380	4.1e-198	692.6
SRR10507660|k141_40106_1	siaQ|siaQ_811_uniprot	55.6	117	51	1	1	117	30	145	2.0e-27	124.0
SRR10507660|k141_25293_13	neuD|neuD_6715_uniprot	67.3	217	71	0	2	218	3	219	1.0e-42	175.6
SRR10507660|k141_57305_2	satD|HLR28547.1	44.7	255	134	2	5	253	11	264	1.5e-58	228.8
SRR10507660|k141_7483_61	nanU|nanU_590222_bv	49.8	584	270	10	1	583	1	562	5.6e-160	566.6
SRR10507660|k141_7501_5	nanU|nanU_318479_bv	71.4	511	138	3	16	518	7	517	2.6e-226	786.9
SRR10507660|k141_40245_14	nanU|nanU_592890_bv	99.6	484	2	0	1	484	1	484	3.2e-286	985.7
SRR10507660|k141_7556_22	nanU|nanU_110100_bv	51.9	547	251	8	1	539	1	543	1.4e-152	542.0
SRR10507660|k141_40297_1	satB|MEM7021896.1	42.9	322	175	4	1	320	1	315	5.6e-61	236.9
SRR10507660|k141_7660_23	nanU|nanU_151621_bv	74.1	544	140	1	1	544	1	543	1.0e-248	861.3
SRR10507660|k141_7660_25	SIAE|SIAE_12539_bv	100.0	687	0	0	1	687	1	687	0.0e+00	1436.4
SRR10507660|k141_57525_108	satD|WP_009277834.1	40.4	213	120	6	21	227	31	242	1.8e-30	135.2
SRR10507660|k141_40348_1	cpsK|cpsK_23_bv	98.6	356	5	0	1	356	1	356	5.0e-212	738.8
SRR10507660|k141_57535_6	satD|WP_373777344.1	40.0	240	128	8	11	244	32	261	3.3e-32	141.0
SRR10507660|k141_57553_15	nagB|nagB_178655_bv	100.0	241	0	0	1	241	9	249	9.5e-138	491.5
SRR10507660|k141_25556_2	nagA|nagA_8517_bv	92.9	379	27	0	1	379	1	379	3.3e-209	729.6
SRR10507660|k141_7732_58	nanK|nanK_6215_bv	40.0	255	142	5	6	252	4	255	3.9e-43	177.6
SRR10507660|k141_7741_10	nanQ|nanQ_214_uniprot	99.3	149	1	0	1	149	1	149	2.3e-81	303.5
SRR10507660|k141_7741_70	satD|WP_105569089.1	41.1	241	136	4	9	243	19	259	9.3e-40	166.0
SRR10507660|k141_7741_82	satD|WP_271417843.1	43.4	267	124	3	18	284	30	269	1.2e-56	222.6
SRR10507660|k141_7741_85	satB|WP_209510972.1	40.3	305	179	2	1	303	1	304	2.3e-56	221.5
SRR10507660|k141_7762_1	siaQ|siaQ_462458_bv	72.3	119	33	0	1	119	1	119	1.1e-38	161.4
SRR10507660|k141_7793_25	nanU|nanU_464377_bv	99.2	487	4	0	15	501	1	487	6.1e-288	991.5
SRR10507660|k141_25585_44	nanK|nanK_40_bv	55.4	314	137	3	4	316	2	313	1.5e-93	345.1
SRR10507660|k141_25585_98	satD|WP_284859990.1	44.2	260	134	4	6	258	17	272	2.2e-54	214.9
SRR10507660|k141_25585_157	satD|HJC70536.1	40.0	235	126	7	18	247	9	233	1.8e-30	135.2
SRR10507660|k141_40609_19	ompF|ompF_3972_bv	100.0	359	0	0	1	359	2	360	8.1e-210	731.5
SRR10507660|k141_57618_155	neuA|neuA_13202_uniprot	85.1	215	32	0	1	215	1	215	2.6e-102	373.6
SRR10507660|k141_57618_279	nanR|nanR_6423_uniprot	50.5	214	106	0	9	222	4	217	7.9e-54	212.6
SRR10507660|k141_57618_351	nanK|nanK_7216_bv	43.5	324	158	7	7	328	4	304	2.5e-59	231.5
SRR10507660|k141_57632_8	satB|HUX88249.1	44.1	313	172	2	1	312	1	311	1.4e-61	238.8
SRR10507660|k141_57632_9	satD|WP_252575097.1	47.0	266	137	2	1	266	5	266	8.2e-63	243.0
SRR10507660|k141_25658_6	satD|HLT83775.1	46.4	233	124	1	25	257	32	263	5.1e-54	213.8
SRR10507660|k141_7914_41	nagB|nagB_4320_bv	100.0	269	0	0	1	269	1	269	2.5e-155	550.1
SRR10507660|k141_25676_2	nanU|nanU_339340_bv	44.9	457	215	12	1	444	135	567	5.0e-92	340.5
SRR10507660|k141_40705_6	SIAE|SIAE_23027_refseq	100.0	253	0	0	1	253	1	253	7.9e-151	535.0
SRR10507660|k141_25792_2	nanA|nanA_5035_uniprot	47.2	89	47	0	5	93	1	89	5.2e-15	82.4
SRR10507660|k141_57701_3	siaQ|siaQ_275838_bv	64.6	175	62	0	1	175	1	175	3.5e-60	233.4
SRR10507660|k141_25810_38	nanE|nanE_272_bv	100.0	234	0	0	1	234	1	234	1.6e-129	464.2
SRR10507660|k141_40711_37	satB|MCB1069314.1	41.5	318	174	2	1	310	1	314	1.3e-59	232.3
SRR10507660|k141_7970_168	nagB|nagB_46513_bv	100.0	241	0	0	1	241	1	241	4.0e-136	486.1
SRR10507660|k141_57832_2	siaQ|siaQ_106902_bv	100.0	150	0	0	1	150	9	158	1.4e-78	294.3
SRR10507660|k141_57832_3	siaM|siaM_6132_bv	100.0	420	0	0	1	420	1	420	1.0e-227	791.2
SRR10507660|k141_57841_5	nanK|nanK_16441_bv	40.4	208	123	1	2	209	8	214	1.4e-36	155.2
SRR10507660|k141_57872_2	nagB|nagB_2437_bv	100.0	270	0	0	1	270	1	270	3.0e-156	553.1
SRR10507660|k141_25876_42	nanU|nanU_303156_bv	64.5	422	147	3	16	434	1	422	2.0e-154	547.7
SRR10507660|k141_8130_2	satD|WP_216921354.1	46.8	263	132	3	1	258	1	260	4.5e-60	233.8
SRR10507660|k141_8147_2	satD|WP_080461529.1	51.3	236	111	2	23	258	46	277	2.6e-60	234.6
SRR10507660|k141_8162_1	nanU|nanU_115687_bv	41.2	488	241	13	33	509	86	538	1.2e-89	332.8
SRR10507660|k141_8163_1	nanU|nanU_257230_bv	96.8	373	12	0	1	373	1	373	1.9e-217	756.9
SRR10507660|k141_40881_2	nanQ|nanQ_1575_bv	100.0	150	0	0	1	150	1	150	1.2e-82	307.8
SRR10507660|k141_26064_1	nanE|nanE_597_bv	100.0	227	0	0	1	227	1	227	3.3e-124	446.4
SRR10507660|k141_26108_2	nanK|nanK_10126_bv	100.0	277	0	0	1	277	26	302	4.4e-155	549.3
SRR10507660|k141_40895_12	nanU|nanU_447203_bv	42.8	676	335	20	19	683	3	637	5.3e-133	477.2
SRR10507660|k141_40895_17	nagB|nagB_3155_bv	100.0	270	0	0	1	270	1	270	7.8e-157	555.1
SRR10507660|k141_40895_54	nanU|nanU_79405_bv	99.8	519	1	0	10	528	1	519	4.3e-308	1058.5
SRR10507660|k141_40895_69	SIAE|SIAE_27145_refseq	100.0	267	0	0	1	267	2	268	6.3e-159	562.0
SRR10507660|k141_26149_1	nanU|nanU_650163_bv	99.7	387	1	0	1	387	112	498	3.0e-226	786.2
SRR10507660|k141_40906_13	satD|GAB3535684.1	40.5	210	119	5	19	223	30	238	7.6e-31	136.3
SRR10507660|k141_8168_153	satD|WP_387145101.1	40.8	238	128	8	2	227	3	239	1.5e-29	132.1
SRR10507660|k141_8169_6	nanU|nanU_157414_bv	61.2	551	204	4	20	562	21	569	5.7e-202	706.1
SRR10507660|k141_26317_1	nanQ|nanQ_480_bv	99.3	144	1	0	1	144	2	145	2.8e-81	303.1
SRR10507660|k141_8217_1	siaQ|siaQ_42885_bv	100.0	133	0	0	1	133	1	133	4.5e-65	249.2
SRR10507660|k141_8217_2	siaP|siaP_252199_bv	59.8	127	48	2	1	126	12	136	6.5e-37	155.6
SRR10507660|k141_41051_1	satD|WP_136640697.1	40.7	263	153	2	1	262	1	261	3.3e-51	204.1
SRR10507660|k141_26393_2	siaM|siaM_54924_bv	100.0	428	0	0	1	428	1	428	9.5e-165	582.0
SRR10507660|k141_26393_3	siaQ|siaQ_76954_bv	41.2	182	107	0	1	182	1	182	3.8e-34	147.1
SRR10507660|k141_58208_34	nanU|nanU_277433_bv	99.1	528	5	0	54	581	1	528	0.0e+00	1095.1
SRR10507660|k141_41175_1	neuA|neuA_11269_bv	97.4	116	3	0	1	116	1	116	3.6e-60	233.0
SRR10507660|k141_8288_123	nanU|nanU_73415_bv	40.3	608	314	20	23	623	18	583	2.2e-106	388.7
SRR10507660|k141_58214_4	nagA|nagA_123810_bv	100.0	391	0	0	1	391	1	391	7.9e-227	788.1
SRR10507660|k141_58214_30	nanU|nanU_302044_bv	46.5	568	277	15	2	554	10	565	3.9e-126	454.1
SRR10507660|k141_26421_131	satD|WP_221652614.1	45.3	254	135	2	3	253	15	267	6.9e-57	223.0
SRR10507660|k141_26421_134	satB|MCB1069314.1	43.1	313	167	3	6	311	4	312	7.2e-61	236.5
SRR10507660|k141_26486_2	satB|MCD6321403.1	41.7	314	173	2	1	314	1	304	1.2e-63	245.7
SRR10507660|k141_8460_1	siaM|siaM_518002_bv	99.3	152	1	0	1	152	1	152	7.9e-74	278.5
SRR10507660|k141_58308_73	nanQ|nanQ_5465_uniprot	100.0	148	0	0	1	148	1	148	5.0e-81	302.4
SRR10507660|k141_58314_1	nanE|nanE_14386_bv	100.0	234	0	0	1	234	1	234	2.6e-132	473.4
SRR10507660|k141_26536_11	ompF|ompF_307_bv	73.2	392	84	6	1	377	1	386	2.1e-160	567.4
SRR10507660|k141_58386_1	siaM|siaM_40892_bv	100.0	308	0	0	1	308	1	308	4.3e-159	562.8
SRR10507660|k141_26550_33	satD|GAB3794624.1	44.1	238	118	3	3	226	5	241	3.7e-46	187.2
SRR10507660|k141_58397_9	nanU|nanU_28472_bv	55.4	574	246	3	1	572	1	566	1.7e-185	651.4
SRR10507660|k141_58408_53	nanU|nanU_330600_bv	56.2	463	182	5	23	480	11	457	2.3e-143	511.1
SRR10507660|k141_58446_22	nanU|nanU_28472_bv	60.8	576	216	4	1	576	1	566	2.3e-206	720.7
SRR10507660|k141_8692_2	siaM|siaM_7073_bv	99.7	351	1	0	1	351	79	429	1.6e-186	654.1
SRR10507660|k141_58465_1	SIAE|SIAE_29331_bv	100.0	216	0	0	1	216	84	299	7.5e-126	451.8
SRR10507660|k141_8717_5	satD|WP_255793737.1	45.3	258	132	2	8	259	13	267	5.7e-61	236.9
SRR10507660|k141_8717_8	satB|WP_263079827.1	61.3	313	116	1	1	313	1	308	4.8e-105	383.3
SRR10507660|k141_41388_320	nanR|nanR_1645_uniprot	52.1	236	113	0	5	240	9	244	1.5e-66	255.0
SRR10507660|k141_41388_323	siaM|siaM_27580_bv	100.0	432	0	0	1	432	1	432	1.6e-228	793.9
SRR10507660|k141_58569_4	nanU|nanU_597991_bv	64.7	595	207	3	13	605	1	594	1.0e-244	848.2
SRR10507660|k141_58569_19	nanU|nanU_534055_bv	43.4	603	317	12	10	595	1	596	3.4e-128	461.1
SRR10507660|k141_26779_11	nanK|nanK_7216_bv	40.1	309	173	4	12	317	4	303	8.5e-57	223.0
SRR10507660|k141_8928_6	satD|WP_227924124.1	48.0	256	132	1	5	260	12	266	4.1e-67	257.3
SRR10507660|k141_8956_3	SIAE|SIAE_17743_uniprot	59.1	242	98	1	10	251	1	241	1.6e-82	308.1
SRR10507660|k141_41492_2	nanK|nanK_382_bv	57.1	310	128	2	2	311	1	305	1.6e-100	368.2
SRR10507660|k141_9038_34	nagA|nagA_2770_bv	100.0	398	0	0	1	398	1	398	2.7e-230	799.7
SRR10507660|k141_9038_35	nagB|nagB_2062_bv	100.0	255	0	0	1	255	1	255	5.0e-145	515.8
SRR10507660|k141_41508_13	nanU|nanU_41354_bv	95.0	461	23	0	1	461	1	461	3.1e-263	909.4
SRR10507660|k141_27085_2	nanU|nanU_167691_bv	61.2	407	155	3	1	406	116	520	1.9e-146	521.2
SRR10507660|k141_27118_2	nanU|nanU_628049_bv	62.4	510	188	2	1	508	1	508	7.7e-190	665.6
SRR10507660|k141_9104_43	nanK|nanK_28066_bv	44.7	304	157	3	6	309	5	297	3.9e-59	230.7
SRR10507660|k141_41530_3	siaQ|siaQ_138879_bv	100.0	175	0	0	23	197	1	175	3.2e-91	336.7
SRR10507660|k141_41530_4	siaM|siaM_294478_bv	100.0	210	0	0	1	210	1	210	1.3e-103	377.9
SRR10507660|k141_27136_21	nagA|nagA_69839_bv	49.6	391	194	2	1	389	1	390	1.1e-109	399.1
SRR10507660|k141_27136_100	nanR|nanR_1411_uniprot	44.1	481	266	2	1	480	1	479	1.6e-120	435.3
SRR10507660|k141_58774_2	siaM|siaM_9008_bv	99.7	356	1	0	1	356	68	423	5.1e-188	659.1
SRR10507660|k141_9177_32	nagB|nagB_62438_bv	46.6	219	113	3	14	229	24	241	2.7e-49	197.6
SRR10507660|k141_9177_38	nagA|nagA_27275_refseq	99.7	377	1	0	1	377	1	377	2.8e-213	743.0
SRR10507660|k141_41541_11	nanR|nanR_6426_uniprot	49.1	218	111	0	11	228	69	286	7.1e-50	199.5
SRR10507660|k141_41541_89	satD|WP_417218302.1	41.6	226	128	4	18	239	38	263	1.8e-36	155.2
SRR10507660|k141_41541_194	nanT|nanT_12471_bv	47.3	387	200	3	6	391	14	397	8.1e-89	329.7
SRR10507660|k141_41541_225	nanR|nanR_9479_uniprot	100.0	238	0	0	1	238	1	238	1.0e-131	471.5
SRR10507660|k141_58806_1	nagB|nagB_176111_bv	100.0	244	0	0	1	244	1	244	1.9e-138	493.8
SRR10507660|k141_58807_2	siaQ|siaQ_989_uniprot	79.7	172	35	0	1	172	1	172	5.3e-74	279.3
SRR10507660|k141_58807_3	siaM|siaM_66231_bv	100.0	430	0	0	1	430	1	430	2.6e-223	776.5
SRR10507660|k141_58807_4	siaP|siaP_639380_bv	57.7	281	112	3	1	280	1	275	1.9e-83	311.6
SRR10507660|k141_41646_16	nanU|nanU_522014_bv	51.6	566	251	13	1	553	1	556	2.0e-151	538.1
SRR10507660|k141_27275_82	nanU|nanU_104928_bv	99.8	428	1	0	105	532	1	428	2.3e-253	876.7
SRR10507660|k141_58857_2	nanE|nanE_1473_bv	100.0	228	0	0	1	228	1	228	1.6e-123	444.1
SRR10507660|k141_58868_3	kpsT|kpsT_10521_bv	49.8	237	118	1	7	242	2	238	1.1e-61	238.8
SRR10507660|k141_58868_4	kpsM|kpsM_966_bv	56.7	252	109	0	11	262	11	262	6.6e-76	286.2
SRR10507660|k141_27319_14	nanK|nanK_575_uniprot	42.0	288	165	1	4	289	5	292	1.2e-65	252.3
SRR10507660|k141_41682_77	satB|WP_294084976.1	47.3	313	157	2	1	305	1	313	2.7e-73	277.7
SRR10507660|k141_58923_7	satD|WP_227924124.1	48.7	236	117	1	32	267	35	266	7.4e-56	219.9
SRR10507660|k141_58923_8	nanQ|nanQ_3302_uniprot	100.0	149	0	0	1	149	1	149	3.5e-82	306.2
SRR10507660|k141_58923_9	nanA|nanA_11885_bv	82.0	305	55	0	1	305	1	305	3.9e-144	513.1
SRR10507660|k141_41703_2	siaM|siaM_173348_bv	100.0	435	0	0	1	435	1	435	1.4e-224	780.8
SRR10507660|k141_41703_3	siaQ|siaQ_2795_bv	100.0	167	0	0	1	167	1	167	1.0e-85	318.2
SRR10507660|k141_41703_4	siaP|siaP_99094_bv	87.6	251	31	0	105	355	1	251	5.2e-124	446.4
SRR10507660|k141_9280_20	siaM|siaM_14009_bv	99.8	435	1	0	1	435	1	435	2.5e-221	770.0
SRR10507660|k141_9280_21	siaQ|siaQ_411681_bv	65.8	155	53	0	2	156	11	165	1.4e-52	208.0
SRR10507660|k141_9280_22	siaP|siaP_364512_bv	76.5	340	80	0	1	340	1	340	2.9e-148	526.9
SRR10507660|k141_9280_45	siaP|siaP_99094_bv	83.7	245	40	0	95	339	1	245	1.2e-114	415.2
SRR10507660|k141_9302_10	satD|WP_255793737.1	44.9	256	134	2	4	253	13	267	1.6e-58	228.8
SRR10507660|k141_9302_13	satB|MCL2228095.1	57.8	308	129	1	1	308	1	307	2.6e-91	337.8
SRR10507660|k141_9377_2	siaT|siaT_66880_uniprot	62.1	443	167	1	1	443	1	442	3.4e-141	503.8
SRR10507660|k141_9413_1	siaT|siaT_47535_uniprot	48.1	316	154	2	2	310	66	378	1.7e-70	268.5
SRR10507660|k141_9442_29	nanA|nanA_23184_bv	90.0	301	30	0	1	301	1	301	8.7e-157	555.1
SRR10507660|k141_9442_30	nagB|nagB_2328_bv	100.0	250	0	0	1	250	1	250	3.5e-143	509.6
SRR10507660|k141_9442_31	nagA|nagA_7160_bv	100.0	373	0	0	1	373	1	373	3.7e-213	742.7
SRR10507660|k141_9499_1	siaT|siaT_74574_uniprot	99.0	293	3	0	1	293	1	293	4.2e-156	552.7
SRR10507660|k141_9499_2	siaQ|siaQ_51175_bv	100.0	169	0	0	1	169	1	169	6.3e-88	325.5
SRR10507660|k141_27568_36	nanR|nanR_1411_uniprot	42.1	484	280	0	1	484	1	484	1.8e-103	378.6
SRR10507660|k141_27568_88	satD|WP_204878079.1	47.5	261	136	1	3	263	14	273	2.3e-62	241.5
SRR10507660|k141_41791_19	satB|MCD6321403.1	46.6	309	164	1	1	309	1	308	1.2e-76	288.9
SRR10507660|k141_41791_22	satD|WP_294441299.1	41.4	268	148	3	3	262	14	280	7.9e-55	216.5
SRR10507660|k141_9541_3	nanK|nanK_28066_bv	45.0	309	155	4	6	314	4	297	8.8e-67	256.1
SRR10507660|k141_27633_3	satD|HJC70536.1	40.2	224	126	6	21	238	12	233	4.7e-36	153.7
SRR10507660|k141_41872_5	kpsM|kpsM_999_bv	59.5	481	194	1	1	481	12	491	5.1e-151	536.6
SRR10507660|k141_41872_6	kpsT|kpsT_10521_bv	48.5	239	122	1	1	238	2	240	1.5e-63	245.0
SRR10507660|k141_27645_23	nanR|nanR_3642_bv	40.9	225	116	6	1	218	3	217	1.2e-32	142.5
SRR10507660|k141_58940_27	SIAE|SIAE_3817_bv	100.0	462	0	0	1	462	1	462	2.5e-280	966.1
SRR10507660|k141_58940_210	nanU|nanU_644597_bv	56.3	497	196	8	13	492	5	497	8.6e-154	545.8
SRR10507660|k141_58940_469	nanK|nanK_7216_bv	41.6	310	168	5	12	318	4	303	7.7e-58	226.5
SRR10507660|k141_58940_510	nanU|nanU_480321_bv	53.7	492	213	6	11	494	2	486	3.0e-146	520.8
SRR10507660|k141_58993_11	satB|WP_367356721.1	48.7	228	117	0	17	244	84	311	1.2e-55	218.8
SRR10507660|k141_9773_8	nanQ|nanQ_4124_uniprot	86.6	149	20	0	1	149	1	149	3.9e-73	276.2
SRR10507660|k141_9793_1	nagB|nagB_99264_bv	96.5	115	4	0	1	115	19	133	2.7e-61	236.5
SRR10507660|k141_42101_4	satD|WP_311409408.1	40.4	213	120	6	21	227	33	244	8.7e-30	132.9
SRR10507660|k141_59019_3	siaM|siaM_24306_bv	100.0	425	0	0	1	425	1	425	1.1e-221	771.2
SRR10507660|k141_59019_4	siaQ|siaQ_480775_bv	54.6	163	71	1	4	166	3	162	4.5e-37	156.8
SRR10507660|k141_42104_3	nanA|nanA_5625_bv	100.0	305	0	0	1	305	1	305	3.5e-177	622.9
SRR10507660|k141_42104_8	nanE|nanE_638_bv	100.0	235	0	0	1	235	1	235	1.6e-129	464.2
SRR10507660|k141_42104_9	nanQ|nanQ_874_uniprot	100.0	154	0	0	1	154	1	154	1.1e-89	331.3
SRR10507660|k141_42104_10	nanK|nanK_13309_bv	63.7	256	93	0	38	293	3	258	8.1e-91	335.9
SRR10507660|k141_27770_4	nagA|nagA_6983_bv	100.0	388	0	0	1	388	1	388	1.4e-223	777.3
SRR10507660|k141_27770_5	nagA|nagA_2492_bv	100.0	401	0	0	1	401	1	401	4.6e-230	798.9
SRR10507660|k141_27770_8	nanU|nanU_191178_bv	99.1	531	5	0	5	535	3	533	3.2e-311	1068.9
SRR10507660|k141_59052_1	siaQ|siaQ_284184_bv	100.0	121	0	0	1	121	1	121	1.6e-61	237.3
SRR10507660|k141_27802_1	siaM|siaM_143562_bv	98.2	330	6	0	1	330	1	330	2.6e-162	573.5
SRR10507660|k141_9797_67	satD|WP_366180156.1	47.1	263	132	5	3	263	17	274	2.1e-55	218.4
SRR10507660|k141_9797_70	satB|WP_044748530.1	42.0	312	181	0	1	312	1	312	1.9e-69	265.0
SRR10507660|k141_59134_2	nanU|nanU_444296_bv	42.0	541	286	12	1	527	3	529	4.2e-98	360.9
SRR10507660|k141_59134_5	nanU|nanU_399850_bv	44.8	536	267	12	1	521	7	528	5.1e-112	407.1
SRR10507660|k141_42185_3	nanU|nanU_619691_bv	100.0	464	0	0	75	538	7	470	8.0e-278	958.0
SRR10507660|k141_42198_4	satD|WP_210229862.1	42.4	264	138	3	2	255	13	272	3.0e-59	231.1
SRR10507660|k141_42198_7	satB|MDR1520311.1	45.5	314	170	1	40	353	1	313	1.4e-73	278.9
SRR10507660|k141_27848_131	satD|CEA06890.1	44.8	270	144	2	1	270	1	265	3.3e-59	231.1
SRR10507660|k141_42200_3	nanU|nanU_619586_bv	57.4	498	205	5	10	505	1	493	2.2e-160	567.8
SRR10507660|k141_59188_2	kpsM|kpsM_209_bv	48.1	270	137	2	5	271	8	277	3.4e-67	257.3
SRR10507660|k141_9918_26	nanU|nanU_521714_bv	98.9	459	5	0	101	559	1	459	1.5e-279	963.8
SRR10507660|k141_9918_80	nanU|nanU_69728_bv	99.2	516	4	0	1	516	1	516	5.1e-306	1051.6
SRR10507660|k141_9919_3	siaM|siaM_9479_bv	100.0	435	0	0	1	435	1	435	3.2e-200	699.9
SRR10507660|k141_9919_4	siaQ|siaQ_411681_bv	52.9	155	73	0	1	155	11	165	1.1e-41	171.8
SRR10507660|k141_9919_5	siaP|siaP_18193_bv	100.0	346	0	0	1	346	1	346	9.9e-189	661.4
SRR10507660|k141_9919_15	satD|WP_071213958.1	40.8	213	118	4	16	221	28	239	9.3e-31	136.0
SRR10507660|k141_42412_3	nagB|nagB_80253_bv	89.2	297	1	1	1	266	1	297	2.2e-148	526.9
SRR10507660|k141_42412_4	nagA|nagA_124467_bv	100.0	382	0	0	1	382	1	382	5.2e-223	775.4
SRR10507660|k141_27964_8	nanU|nanU_133031_bv	41.3	578	304	14	3	556	5	571	1.1e-104	382.9
SRR10507660|k141_27964_63	nanU|nanU_263213_bv	61.8	516	191	2	5	517	1	513	1.1e-188	661.8
SRR10507660|k141_42486_5	nanK|nanK_3632_bv	43.8	283	158	1	87	368	16	298	1.1e-63	246.1
SRR10507660|k141_42556_18	satD|WP_285297560.1	46.9	239	125	2	20	258	35	271	1.6e-55	218.8
SRR10507660|k141_42556_22	satB|MBO2532523.1	43.8	322	169	2	1	319	1	313	4.5e-71	270.4
SRR10507660|k141_10135_6	nagA|nagA_16993_bv	99.7	376	1	0	1	376	1	376	1.6e-216	753.8
SRR10507660|k141_42557_4	nanU|nanU_547060_bv	66.1	475	160	1	1	475	1	474	3.3e-182	640.2
SRR10507660|k141_28143_5	nanR|nanR_64_bv	93.5	263	17	0	1	263	1	263	1.7e-132	474.2
SRR10507660|k141_28143_6	nanA|nanA_10792_bv	100.0	48	0	0	1	48	1	48	2.3e-19	95.9
SRR10507660|k141_10180_9	nanU|nanU_422891_bv	99.4	489	3	0	14	502	21	509	1.9e-294	1013.1
SRR10507660|k141_28157_4	siaM|siaM_23665_bv	100.0	424	0	0	1	424	1	424	8.9e-224	778.1
SRR10507660|k141_28157_5	siaQ|siaQ_17272_bv	100.0	175	0	0	1	175	1	175	9.8e-92	338.2
SRR10507660|k141_28157_6	siaP|siaP_225938_bv	53.5	297	136	2	58	353	34	329	9.6e-86	319.3
SRR10507660|k141_10232_7	siaM|siaM_142869_bv	88.1	436	52	0	1	436	1	436	1.2e-207	724.5
SRR10507660|k141_42609_5	nanU|nanU_272740_bv	43.6	583	302	14	1	568	5	575	3.4e-117	424.5
SRR10507660|k141_28470_3	satD|WP_129315695.1	45.9	259	133	4	2	255	9	265	3.6e-60	234.2
SRR10507660|k141_59719_1	siaM|siaM_91115_bv	100.0	331	0	0	1	331	1	331	4.3e-165	582.8
SRR10507660|k141_59719_2	siaQ|siaQ_462458_bv	79.5	161	33	0	1	161	1	161	3.8e-66	253.1
SRR10507660|k141_42668_2	siaQ|siaQ_121894_bv	40.7	162	96	0	7	168	2	163	1.4e-31	138.3
SRR10507660|k141_42734_4	nanR|nanR_6571_uniprot	100.0	484	0	0	33	516	1	484	1.1e-287	990.7
SRR10507660|k141_10417_1	siaP|siaP_610700_bv	78.3	157	32	1	1	157	1	155	2.3e-68	260.4
SRR10507660|k141_10417_2	siaP|siaP_697509_bv	98.5	130	2	0	1	130	7	136	2.8e-67	256.5
SRR10507660|k141_42783_3	satD|WP_144831408.1	42.7	232	122	4	9	229	4	235	5.1e-44	180.3
SRR10507660|k141_28544_15	SIAE|SIAE_32819_refseq	100.0	480	0	0	1	480	1	480	5.8e-288	991.5
SRR10507660|k141_10419_15	nanQ|nanQ_6198_uniprot	100.0	149	0	0	1	149	1	149	1.3e-84	314.3
SRR10507660|k141_42814_37	nanQ|nanQ_2138_bv	100.0	154	0	0	1	154	1	154	3.5e-85	316.2
SRR10507660|k141_42814_38	nanK|nanK_24479_bv	100.0	291	0	0	1	291	16	306	3.8e-157	556.2
SRR10507660|k141_42814_39	nanE|nanE_8421_bv	100.0	229	0	0	1	229	33	261	8.8e-125	448.4
SRR10507660|k141_42814_40	nanT|nanT_4300_bv	100.0	496	0	0	1	496	11	506	1.2e-283	977.2
SRR10507660|k141_42814_41	nanA|nanA_387_bv	100.0	249	0	0	1	249	49	297	2.3e-139	496.9
SRR10507660|k141_42825_1	kpsD|kpsD_1302_bv	53.4	683	314	3	1	682	48	727	4.0e-210	733.4
SRR10507660|k141_28581_1	nagA|nagA_8373_bv	99.7	354	1	0	1	354	1	354	1.8e-209	730.3
SRR10507660|k141_59844_39	satD|WP_311358684.1	50.6	233	114	1	21	253	39	270	5.5e-61	236.9
SRR10507660|k141_59844_43	satB|MFN4189717.1	50.3	304	150	1	1	304	1	303	5.0e-75	283.5
SRR10507660|k141_28599_1	nanQ|nanQ_4390_uniprot	100.0	114	0	0	1	114	44	157	2.1e-63	243.4
SRR10507660|k141_28600_1	nanQ|nanQ_7444_uniprot	100.0	114	0	0	1	114	44	157	3.3e-64	246.1
SRR10507660|k141_59873_4	satB|WP_263079827.1	63.6	308	112	0	1	308	1	308	3.2e-109	397.1
SRR10507660|k141_42857_9	nanU|nanU_94083_bv	49.0	670	261	15	1	659	1	600	1.4e-167	592.0
SRR10507660|k141_42857_11	nanU|nanU_485165_bv	44.5	555	283	13	13	561	17	552	6.7e-126	453.4
SRR10507660|k141_10602_8	nanK|nanK_325_bv	79.9	314	63	0	1	314	1	314	7.0e-141	502.3
SRR10507660|k141_42889_2	SIAE|SIAE_16632_refseq	97.9	187	4	0	1	187	36	222	1.0e-110	401.4
SRR10507660|k141_28710_2	siaM|siaM_6133_bv	100.0	432	0	0	1	432	1	432	2.0e-231	803.5
SRR10507660|k141_28710_3	siaQ|siaQ_354078_bv	99.4	170	1	0	1	170	1	170	2.5e-92	340.1
SRR10507660|k141_60064_2	neuB|neuB_26588_bv	74.7	273	69	0	73	345	1	273	4.1e-118	426.8
SRR10507660|k141_60067_5	siaM|siaM_6131_bv	100.0	423	0	0	1	423	6	428	1.9e-221	770.4
SRR10507660|k141_60067_7	siaP|siaP_42431_bv	43.4	316	178	1	40	354	25	340	8.6e-71	269.6
SRR10507660|k141_28757_58	nanU|nanU_444742_bv	77.9	488	107	1	1	487	6	493	2.6e-227	790.0
SRR10507660|k141_42999_157	nanU|nanU_73235_bv	100.0	510	0	0	1	510	1	510	1.7e-306	1053.1
SRR10507660|k141_42999_198	nanU|nanU_444742_bv	76.5	485	113	1	4	487	9	493	9.6e-222	771.5
SRR10507660|k141_42999_222	nanU|nanU_28295_bv	99.8	535	1	0	25	559	1	535	0.0e+00	1105.1
SRR10507660|k141_60154_156	nanU|nanU_525574_bv	82.4	562	98	1	19	580	5	565	2.0e-287	989.9
SRR10507660|k141_28983_2	nanU|nanU_558656_bv	98.7	308	4	0	1	308	110	417	2.9e-179	629.8
SRR10507660|k141_60334_5	nanA|nanA_17716_bv	99.7	305	1	0	1	305	1	305	8.2e-179	628.2
SRR10507660|k141_60334_6	nanE|nanE_16311_bv	99.6	233	1	0	1	233	1	233	1.6e-129	464.2
SRR10507660|k141_60334_7	nanK|nanK_22104_bv	71.9	217	61	0	5	221	3	219	5.9e-89	329.7
SRR10507660|k141_43195_1	siaQ|siaQ_497130_bv	86.6	149	20	0	1	149	1	149	6.4e-60	232.3
SRR10507660|k141_60438_1	siaQ|siaQ_484243_bv	81.9	171	31	0	1	171	1	171	2.1e-78	293.9
SRR10507660|k141_60496_7	satB|WP_263079827.1	47.7	306	160	0	1	306	1	306	1.4e-77	292.0
SRR10507660|k141_60496_10	satD|WP_075373884.1	44.2	258	141	3	4	261	17	271	6.5e-57	223.4
SRR10507660|k141_29297_6	nanA|nanA_3241_bv	100.0	305	0	0	1	305	1	305	1.3e-176	620.9
SRR10507660|k141_60546_3	satD|WP_136640697.1	40.1	252	149	1	7	258	8	257	6.5e-47	189.9
SRR10507660|k141_60546_6	satB|HMA59673.1	40.4	314	175	3	6	311	3	312	1.0e-51	206.1
SRR10507660|k141_11300_1	siaM|siaM_38989_bv	99.8	417	1	0	1	417	1	417	6.9e-213	741.9
SRR10507660|k141_43287_43	kpsD|kpsD_1302_bv	53.1	802	368	6	3	802	2	797	1.1e-241	838.6
SRR10507660|k141_11319_1	nagB|nagB_207396_bv	97.9	142	3	0	1	142	1	142	1.4e-77	290.8
SRR10507660|k141_43349_26	nanU|nanU_91253_bv	70.2	598	164	6	4	598	1	587	1.2e-245	851.3
SRR10507660|k141_43349_30	nanU|nanU_556657_bv	50.5	604	272	11	21	617	1	584	1.6e-160	568.5
SRR10507660|k141_11417_1	siaM|siaM_554185_bv	99.6	224	1	0	1	224	79	302	2.4e-111	403.7
SRR10507660|k141_11421_2	siaQ|siaQ_49802_bv	55.1	178	80	0	2	179	3	180	5.1e-51	203.0
SRR10507660|k141_11421_3	siaM|siaM_153211_bv	100.0	435	0	0	1	435	1	435	5.0e-230	798.9
SRR10507660|k141_43370_1	satD|MDN5655901.1	41.1	192	107	5	4	190	71	261	1.0e-28	129.0
SRR10507660|k141_60686_111	satD|WP_049168700.1	42.0	262	148	2	4	264	21	279	9.1e-54	213.0
SRR10507660|k141_29324_4	nanQ|nanQ_3304_uniprot	100.0	150	0	0	1	150	1	150	8.7e-81	301.6
SRR10507660|k141_29324_7	nanA|nanA_51497_refseq	100.0	291	0	0	1	291	1	291	5.3e-167	589.0
SRR10507660|k141_29324_24	siaM|siaM_127456_bv	100.0	427	0	0	1	427	1	427	1.8e-208	727.2
SRR10507660|k141_29324_25	siaQ|siaQ_939_uniprot	72.2	158	44	0	21	178	31	188	8.1e-57	222.2
SRR10507660|k141_29324_50	satD|MBP8920704.1	44.5	263	144	2	12	273	6	267	4.1e-59	230.7
SRR10507660|k141_29324_210	kpsM|kpsM_209_bv	48.3	271	135	2	5	271	8	277	1.8e-68	261.5
SRR10507660|k141_29324_289	satD|WP_294441299.1	46.1	256	131	2	6	255	19	273	1.8e-59	231.9
SRR10507660|k141_29324_292	satB|WP_263079827.1	53.1	307	144	0	1	307	1	307	4.0e-88	327.0
SRR10507660|k141_43396_30	nanU|nanU_566500_bv	88.5	480	55	0	32	511	1	480	1.7e-253	877.1
SRR10507660|k141_43396_63	nanU|nanU_247095_bv	50.4	488	216	10	3	484	1	468	2.6e-126	454.5
SRR10507660|k141_60693_79	nanK|nanK_28066_bv	45.5	312	155	4	3	314	1	297	6.9e-64	246.5
SRR10507660|k141_60693_129	nanR|nanR_1299_uniprot	50.7	225	110	1	1	225	1	224	4.1e-58	226.9
SRR10507660|k141_60693_135	siaM|siaM_138840_bv	100.0	429	0	0	1	429	1	429	2.6e-223	776.5
SRR10507660|k141_60693_164	siaM|siaM_5105_bv	100.0	426	0	0	1	426	1	426	6.0e-228	792.0
SRR10507660|k141_60693_165	siaQ|siaQ_234611_bv	74.4	168	43	0	1	168	1	168	2.5e-63	243.8
SRR10507660|k141_60753_9	neuA|neuA_11023_uniprot	43.6	211	117	2	6	215	3	212	3.2e-41	171.0
SRR10507660|k141_29454_140	siaM|siaM_43703_bv	100.0	422	0	0	1	422	1	422	1.0e-219	764.6
SRR10507660|k141_29454_141	siaQ|siaQ_811_uniprot	40.4	141	84	0	20	160	1	141	3.5e-27	123.6
SRR10507660|k141_29454_144	siaM|siaM_35309_bv	100.0	422	0	0	1	422	1	422	2.0e-220	766.9
SRR10507660|k141_29454_145	siaQ|siaQ_811_uniprot	42.6	141	81	0	20	160	1	141	7.4e-25	115.9
SRR10507660|k141_29470_1	nagA|nagA_26258_refseq	99.5	210	1	0	1	210	51	260	6.2e-117	422.2
SRR10507660|k141_11617_9	nanK|nanK_7216_bv	40.8	309	171	4	12	317	4	303	4.5e-58	227.3
SRR10507660|k141_11626_1	nanK|nanK_27073_bv	43.6	220	116	5	2	221	40	251	7.8e-38	159.5
SRR10507660|k141_60900_1	siaT|siaT_74568_uniprot	98.7	223	3	0	1	223	75	297	1.8e-114	414.1
SRR10507660|k141_11644_12	satB|WP_101552959.1	52.6	293	139	0	1	293	11	303	3.0e-80	300.8
SRR10507660|k141_11644_15	satD|KFC16516.1	44.8	259	135	3	2	254	15	271	2.9e-62	241.1
SRR10507660|k141_43632_7	siaM|siaM_3412_bv	100.0	423	0	0	1	423	1	423	9.8e-223	774.6
SRR10507660|k141_43632_8	siaQ|siaQ_2365_bv	100.0	174	0	0	1	174	1	174	2.0e-89	330.5
SRR10507660|k141_43632_9	siaP|siaP_225938_bv	52.5	297	139	2	59	354	34	329	1.4e-84	315.5
SRR10507660|k141_60950_23	nanH|nanH_33391_bv	60.0	520	205	1	18	534	5	524	6.8e-184	646.0
SRR10507660|k141_60976_2	siaP|siaP_602282_bv	60.7	308	120	1	43	350	25	331	1.2e-104	382.1
SRR10507660|k141_11683_10	neuB|neuB_900_bv	100.0	346	0	0	1	346	1	346	5.1e-201	702.2
SRR10507660|k141_29651_1	nanR|nanR_1411_uniprot	49.4	480	238	4	1	477	1	478	3.1e-119	431.0
SRR10507660|k141_61079_1	siaP|siaP_640422_bv	78.6	131	28	0	17	147	1	131	9.6e-56	218.4
SRR10507660|k141_61079_2	siaQ|siaQ_407971_bv	82.9	158	27	0	1	158	1	158	8.4e-74	278.5
SRR10507660|k141_61100_4	siaP|siaP_291423_bv	89.8	245	25	0	97	341	1	245	3.4e-125	450.3
SRR10507660|k141_61100_5	siaQ|siaQ_152276_bv	100.0	163	0	0	1	163	1	163	2.0e-83	310.5
SRR10507660|k141_61100_6	siaM|siaM_114208_bv	100.0	433	0	0	1	433	1	433	6.8e-219	761.9
SRR10507660|k141_43853_1	siaM|siaM_13338_bv	99.7	348	1	0	1	348	1	348	2.8e-175	616.7
SRR10507660|k141_43853_3	siaP|siaP_364155_bv	65.8	316	106	1	44	359	16	329	1.8e-116	421.4
SRR10507660|k141_11812_26	nanU|nanU_649704_bv	64.7	529	178	6	12	534	13	538	1.9e-199	697.6
SRR10507660|k141_29716_42	siaQ|siaQ_226247_bv	43.1	153	83	2	1	151	1	151	4.2e-26	120.2
SRR10507660|k141_29716_43	siaM|siaM_59280_bv	100.0	436	0	0	1	436	1	436	2.3e-235	816.6
SRR10507660|k141_29716_44	siaP|siaP_745430_bv	41.8	340	185	2	4	342	3	330	7.4e-75	283.1
SRR10507660|k141_61215_5	ompF|ompF_4074_bv	65.1	361	115	4	1	351	1	360	4.9e-135	483.0
SRR10507660|k141_61219_2	nanA|nanA_27086_bv	99.7	307	1	0	1	307	22	328	6.6e-176	618.6
SRR10507660|k141_61241_4	kpsM|kpsM_200_bv	100.0	267	0	0	1	267	1	267	7.5e-144	511.9
SRR10507660|k141_61251_27	nanU|nanU_288776_bv	40.2	575	310	13	4	571	5	552	7.0e-115	416.8
SRR10507660|k141_43994_5	siaM|siaM_55834_bv	100.0	430	0	0	1	430	1	430	1.2e-228	794.3
SRR10507660|k141_43994_6	siaQ|siaQ_586250_bv	73.3	210	55	1	1	210	5	213	3.2e-89	330.1
SRR10507660|k141_61314_1	siaP|siaP_303385_bv	44.1	111	60	2	8	117	9	118	1.6e-21	104.4
SRR10507660|k141_61322_6	satB|WP_300822023.1	40.1	312	187	0	1	312	1	312	7.8e-63	243.0
SRR10507660|k141_61322_9	satD|MDU7946413.1	44.2	260	141	3	3	261	10	266	9.9e-56	219.2
SRR10507660|k141_44010_20	kpsM|kpsM_603_bv	100.0	260	0	0	1	260	1	260	1.9e-136	487.3
SRR10507660|k141_44010_21	kpsT|kpsT_10521_bv	45.9	233	124	2	9	240	7	238	4.4e-58	226.9
SRR10507660|k141_44010_22	neuD|neuD_2237_refseq	99.5	211	1	0	1	211	1	211	8.6e-119	428.3
SRR10507660|k141_11875_118	nanU|nanU_183841_bv	100.0	503	0	0	1	503	14	516	6.7e-295	1014.6
SRR10507660|k141_11875_142	nanU|nanU_216147_bv	72.2	479	131	2	1	478	1	478	3.1e-201	703.4
SRR10507660|k141_11875_150	nanU|nanU_151621_bv	69.7	545	159	2	1	541	1	543	2.4e-226	786.9
SRR10507660|k141_11875_163	siaM|siaM_130527_bv	100.0	432	0	0	1	432	2	433	1.5e-218	760.8
SRR10507660|k141_11875_164	siaQ|siaQ_567565_bv	99.4	156	1	0	1	156	1	156	1.0e-76	288.1
SRR10507660|k141_11884_1	siaM|siaM_32977_bv	100.0	321	0	0	1	321	111	431	8.1e-169	595.1
SRR10507660|k141_11884_2	siaP|siaP_281361_bv	56.9	306	132	0	44	349	26	331	5.3e-97	356.7
SRR10507660|k141_29832_15	satD|WP_400504934.1	44.2	260	140	3	5	264	10	264	4.5e-56	220.7
SRR10507660|k141_44066_1	siaM|siaM_2881_bv	99.7	342	1	0	1	342	1	342	4.6e-178	625.9
SRR10507660|k141_11950_37	nanU|nanU_453965_bv	41.1	593	309	10	1	583	2	564	3.9e-121	437.6
SRR10507660|k141_61560_7	nanQ|nanQ_55_uniprot	100.0	148	0	0	1	148	1	148	2.9e-81	303.1
SRR10507660|k141_12112_2	nagB|nagB_15643_bv	99.6	257	1	0	1	257	1	257	6.3e-148	525.4
SRR10507660|k141_30120_3	satD|WP_255793737.1	45.3	256	133	2	7	256	13	267	6.1e-63	243.4
SRR10507660|k141_30139_1	nagB|nagB_14303_bv	100.0	187	0	0	1	187	70	256	3.7e-105	382.9
SRR10507660|k141_61642_172	nagB|nagB_1759_bv	100.0	270	0	0	1	270	1	270	1.0e-156	554.7
SRR10507660|k141_30261_31	nagB|nagB_1215_bv	100.0	243	0	0	1	243	1	243	1.5e-138	494.2
SRR10507660|k141_30270_4	siaQ|siaQ_263825_bv	99.4	168	1	0	1	168	1	168	1.8e-87	323.9
SRR10507660|k141_30284_1	nagB|nagB_60926_bv	99.6	243	1	0	1	243	1	243	1.6e-137	490.7
SRR10507660|k141_12343_1	nanA|nanA_21225_bv	100.0	220	0	0	1	220	80	299	1.3e-125	451.1
SRR10507660|k141_12350_2	satB|WP_263079827.1	55.0	307	138	0	1	307	1	307	2.3e-88	327.8
SRR10507660|k141_44397_32	ompF|ompF_7800_bv	69.7	393	101	6	1	381	1	387	8.2e-152	538.9
SRR10507660|k141_61794_9	siaT|siaT_75287_uniprot	100.0	429	0	0	1	429	1	429	1.2e-228	794.3
SRR10507660|k141_61794_10	siaQ|siaQ_298229_bv	78.0	150	33	0	11	160	11	160	4.0e-63	243.0
SRR10507660|k141_61794_11	siaP|siaP_696401_bv	43.9	244	119	4	1	243	1	227	1.1e-51	206.1
SRR10507660|k141_30467_3	siaQ|siaQ_363339_bv	81.8	176	32	0	1	176	1	176	7.6e-76	285.4
SRR10507660|k141_30467_4	siaM|siaM_28702_bv	100.0	425	0	0	1	425	1	425	7.1e-221	768.5
SRR10507660|k141_44508_5	nanR|nanR_1411_uniprot	46.1	479	255	2	1	478	1	477	2.1e-112	408.3
SRR10507660|k141_61881_29	satD|WP_207616619.1	44.3	264	144	2	1	263	5	266	2.2e-60	235.0
SRR10507660|k141_61881_32	satB|OPL08662.1	40.9	318	174	1	1	318	1	304	6.2e-60	233.4
SRR10507660|k141_44725_5	satD|WP_227924124.1	45.7	269	139	4	1	265	1	266	5.4e-59	230.3
SRR10507660|k141_44752_2	nanH|nanH_61381_bv	66.0	418	129	5	28	442	19	426	3.0e-161	570.5
SRR10507660|k141_61919_20	kpsD|kpsD_13695_bv	63.6	800	285	3	1	800	28	821	9.0e-294	1011.5
SRR10507660|k141_44822_1	SIAE|SIAE_43497_bv	100.0	162	0	0	1	162	35	196	6.2e-93	342.0
SRR10507660|k141_30732_8	nagB|nagB_8445_bv	100.0	230	0	0	1	230	12	241	2.6e-129	463.4
SRR10507660|k141_44880_15	siaP|siaP_126597_bv	57.1	240	103	0	91	330	1	240	8.6e-81	302.8
SRR10507660|k141_44880_16	siaQ|siaQ_11754_bv	100.0	165	0	0	1	165	1	165	7.6e-86	318.5
SRR10507660|k141_44880_17	siaM|siaM_242217_bv	100.0	435	0	0	1	435	1	435	5.6e-213	742.3
SRR10507660|k141_61939_15	siaP|siaP_302285_bv	98.3	288	5	0	54	341	1	288	5.6e-160	565.8
SRR10507660|k141_61939_16	siaQ|siaQ_501631_bv	51.0	155	76	0	1	155	1	155	2.5e-39	164.1
SRR10507660|k141_61939_17	siaM|siaM_5808_bv	100.0	425	0	0	1	425	1	425	4.0e-224	779.2
SRR10507660|k141_12534_136	SIAE|SIAE_8838_uniprot	100.0	256	0	0	1	256	5	260	5.5e-152	538.9
SRR10507660|k141_62001_11	nagB|nagB_58466_bv	100.0	270	0	0	1	270	1	270	1.5e-155	550.8
SRR10507660|k141_30831_49	satB|OPL08662.1	58.0	312	126	2	1	312	1	307	5.6e-93	343.2
SRR10507660|k141_30831_52	satD|WP_204878079.1	45.3	258	132	2	6	257	17	271	2.3e-62	241.5
SRR10507660|k141_45044_37	siaP|siaP_26827_bv	88.6	245	28	0	91	335	1	245	7.8e-122	439.1
SRR10507660|k141_45044_38	siaQ|siaQ_21193_bv	100.0	167	0	0	1	167	1	167	5.9e-86	318.9
SRR10507660|k141_45044_39	siaM|siaM_133397_bv	100.0	435	0	0	1	435	1	435	2.0e-223	776.9
SRR10507660|k141_45044_72	satB|MCL2228095.1	47.2	309	161	2	1	309	1	307	1.5e-74	282.0
SRR10507660|k141_45044_75	satD|WP_150381745.1	46.1	256	131	2	4	253	16	270	1.1e-59	232.6
SRR10507660|k141_45044_76	nanQ|nanQ_4507_uniprot	93.3	150	10	0	1	150	1	150	4.8e-79	295.8
SRR10507660|k141_45044_161	nanQ|nanQ_1747_bv	100.0	154	0	0	1	154	1	154	6.8e-89	328.6
SRR10507660|k141_45057_2	satD|XCB29287.1	47.1	257	129	2	7	257	16	271	1.5e-58	228.8
SRR10507660|k141_62047_1	nanU|nanU_127155_bv	100.0	516	0	0	1	516	1	516	6.0e-307	1054.7
SRR10507660|k141_45149_3	satD|WP_400504934.1	40.9	264	156	0	1	264	1	264	2.4e-59	231.5
SRR10507660|k141_30947_49	satD|WP_271417843.1	43.7	261	140	2	5	260	13	271	1.1e-54	216.1
SRR10507660|k141_30947_131	satB|MCD6321403.1	54.5	308	140	0	1	308	1	308	2.0e-87	324.7
SRR10507660|k141_30947_134	satD|WP_152813345.1	46.5	256	130	2	5	254	7	261	6.6e-62	240.0
SRR10507660|k141_45213_2	nanR|nanR_1411_uniprot	44.0	480	268	1	1	480	1	479	2.5e-105	384.8
SRR10507660|k141_30988_2	nanE|nanE_3127_bv	100.0	234	0	0	1	234	1	234	8.1e-134	478.4
SRR10507660|k141_30988_3	nanQ|nanQ_6905_uniprot	100.0	167	0	0	1	167	1	167	9.6e-97	354.8
SRR10507660|k141_12576_20	satD|MDN5900612.1	40.1	232	122	7	22	247	49	269	9.8e-32	139.4
SRR10507660|k141_12576_42	satB|HMA59673.1	42.9	315	177	2	3	317	2	313	7.5e-66	253.1
SRR10507660|k141_12576_46	satD|WP_311358684.1	49.2	264	126	4	3	263	12	270	1.7e-65	251.9
SRR10507660|k141_12576_297	siaQ|siaQ_989_uniprot	77.2	171	39	0	1	171	1	171	3.9e-72	273.1
SRR10507660|k141_12576_298	siaM|siaM_27576_bv	100.0	431	0	0	1	431	1	431	3.9e-227	789.3
SRR10507660|k141_12576_300	siaP|siaP_644031_bv	67.9	237	76	0	99	335	1	237	1.3e-92	342.0
SRR10507660|k141_12576_425	nanK|nanK_22902_bv	44.8	306	169	0	1	306	1	306	1.8e-75	285.0
SRR10507660|k141_12576_426	nagB|nagB_13069_bv	71.4	241	69	0	1	241	1	241	1.1e-96	355.1
SRR10507660|k141_12576_507	kpsM|kpsM_209_bv	48.1	270	135	1	5	269	8	277	2.0e-72	274.6
SRR10507660|k141_12576_584	nanA|nanA_2279_bv	100.0	305	0	0	1	305	1	305	7.4e-180	631.7
SRR10507660|k141_12576_585	nanE|nanE_28416_bv	100.0	227	0	0	1	227	3	229	9.9e-129	461.5
SRR10507660|k141_12576_586	nanK|nanK_20513_bv	71.9	224	63	0	64	287	1	224	8.3e-91	335.9
SRR10507660|k141_12576_591	satD|WP_227924124.1	43.7	268	146	3	5	272	4	266	8.3e-58	226.5
SRR10507660|k141_31039_36	nagA|nagA_2756_bv	100.0	387	0	0	1	387	1	387	9.6e-225	781.2
SRR10507660|k141_31085_1	satD|WP_166414582.1	47.5	257	128	4	13	264	8	262	4.5e-60	233.8
SRR10507660|k141_12705_4	siaM|siaM_111130_bv	100.0	435	0	0	1	435	1	435	1.7e-225	783.9
SRR10507660|k141_12705_5	siaQ|siaQ_10885_bv	100.0	167	0	0	1	167	1	167	1.1e-84	314.7
SRR10507660|k141_12705_6	siaP|siaP_99094_bv	85.4	247	36	0	89	335	1	247	2.2e-116	421.0
SRR10507660|k141_45427_53	siaM|siaM_2556_bv	100.0	431	0	0	1	431	1	431	1.4e-227	790.8
SRR10507660|k141_45427_54	siaQ|siaQ_967_uniprot	77.2	171	39	0	1	171	1	171	3.2e-71	270.0
SRR10507660|k141_31138_49	nanU|nanU_252566_bv	58.5	501	196	4	1	495	1	495	1.6e-171	604.7
SRR10507660|k141_31138_77	nanU|nanU_211315_bv	100.0	528	0	0	1	528	1	528	2.7e-310	1065.8
SRR10507660|k141_45453_6	satD|WP_168939749.1	40.1	212	111	7	24	224	35	241	3.1e-29	131.0
SRR10507660|k141_12768_14	siaQ|siaQ_90918_bv	57.8	187	76	1	1	184	1	187	1.1e-48	195.3
SRR10507660|k141_12768_15	siaM|siaM_587522_bv	68.5	222	69	1	4	224	9	230	9.9e-73	275.4
SRR10507660|k141_31149_2	siaQ|siaQ_323099_bv	100.0	172	0	0	1	172	1	172	9.3e-87	321.6
SRR10507660|k141_62459_1	siaQ|siaQ_1167_uniprot	100.0	142	0	0	1	142	1	142	5.9e-79	295.4
SRR10507660|k141_62462_3	nagB|nagB_203151_bv	100.0	209	0	0	1	209	35	243	1.1e-118	427.9
SRR10507660|k141_45519_5	nanU|nanU_266727_bv	99.8	506	1	0	1	506	11	516	1.7e-301	1036.6
SRR10507660|k141_62593_9	nanU|nanU_403585_bv	60.4	550	211	5	4	548	14	561	1.1e-186	655.2
SRR10507660|k141_45541_8	nanU|nanU_255842_bv	99.8	507	1	0	1	507	14	520	6.1e-304	1044.6
SRR10507660|k141_31290_2	siaM|siaM_87957_bv	100.0	425	0	0	1	425	1	425	6.8e-224	778.5
SRR10507660|k141_31290_3	siaP|siaP_590789_bv	61.6	307	118	0	36	342	23	329	1.8e-102	374.8
SRR10507660|k141_62644_19	siaP|siaP_685834_bv	73.3	303	81	0	68	370	24	326	5.2e-127	456.4
SRR10507660|k141_62644_20	siaQ|siaQ_151783_bv	94.1	169	10	0	1	169	1	169	4.2e-84	312.8
SRR10507660|k141_62644_21	siaM|siaM_65930_bv	100.0	429	0	0	1	429	1	429	6.7e-227	788.5
SRR10507660|k141_45546_85	nanQ|nanQ_2529_uniprot	95.9	148	6	0	1	148	1	148	5.8e-77	288.9
SRR10507660|k141_45635_3	satD|WP_271417843.1	44.9	243	129	3	16	258	32	269	4.3e-56	220.7
SRR10507660|k141_45652_1	nanA|nanA_10102_uniprot	49.6	129	65	0	1	129	30	158	1.9e-31	137.5
SRR10507660|k141_31372_1	SIAE|SIAE_23759_refseq	100.0	445	0	0	1	445	1	445	3.9e-270	932.2
SRR10507660|k141_13111_2	nagB|nagB_186080_bv	85.1	249	1	1	1	249	1	213	2.4e-112	407.1
SRR10507660|k141_31451_55	nanU|nanU_574902_bv	99.8	500	1	0	1	500	2	501	5.8e-299	1028.1
SRR10507660|k141_31451_59	SIAE|SIAE_890_bv	100.0	687	0	0	1	687	1	687	0.0e+00	1438.7
SRR10507660|k141_31451_62	nanM|nanM_3259_bv	42.1	363	194	6	44	406	6	352	3.4e-71	271.2
SRR10507660|k141_31451_66	nagA|nagA_61378_bv	100.0	387	0	0	1	387	57	443	1.5e-225	783.9
SRR10507660|k141_13149_28	nagB|nagB_8103_bv	100.0	263	0	0	1	263	1	263	1.6e-151	537.3
SRR10507660|k141_62704_301	nanK|nanK_542_bv	42.5	306	155	8	2	293	1	299	1.8e-53	211.8
SRR10507660|k141_62725_1	nagA|nagA_19237_bv	100.0	397	0	0	1	397	1	397	2.6e-241	836.3
SRR10507660|k141_62725_5	siaM|siaM_253543_bv	100.0	434	0	0	1	434	1	434	7.7e-215	748.4
SRR10507660|k141_62725_7	nagB|nagB_6094_bv	100.0	253	0	0	1	253	1	253	8.1e-148	525.0
SRR10507660|k141_62725_8	nagB|nagB_73579_bv	100.0	245	0	0	1	245	1	245	3.2e-141	503.1
SRR10507660|k141_31578_21	kpsM|kpsM_380_bv	54.6	284	126	1	4	287	2	282	3.6e-83	310.5
SRR10507660|k141_31578_39	kpsD|kpsD_13595_bv	55.1	830	340	6	1	830	1	797	6.3e-258	892.5
SRR10507660|k141_31578_66	neuA|neuA_10131_uniprot	100.0	230	0	0	1	230	1	230	3.9e-133	476.1
SRR10507660|k141_13214_27	nanU|nanU_574553_bv	51.4	523	225	16	10	521	9	513	2.5e-135	484.6
SRR10507660|k141_45932_2	siaQ|siaQ_562825_bv	99.1	117	1	0	1	117	42	158	3.9e-60	232.6
SRR10507660|k141_45947_2	satD|WP_058234849.1	40.5	215	122	5	22	231	43	256	3.6e-31	137.5
SRR10507660|k141_45988_5	nagB|nagB_7107_bv	100.0	240	0	0	1	240	1	240	7.5e-135	481.9
SRR10507660|k141_13236_16	nanU|nanU_88387_bv	42.9	501	275	6	12	505	7	503	5.8e-113	410.2
SRR10507660|k141_62733_195	kpsD|kpsD_6685_bv	77.9	800	166	6	1	791	1	798	0.0e+00	1204.1
SRR10507660|k141_62739_8	nanU|nanU_634927_bv	100.0	488	0	0	9	496	12	499	2.7e-288	992.6
SRR10507660|k141_13302_5	nanK|nanK_28066_bv	40.2	301	167	4	4	304	5	292	3.4e-55	217.6
SRR10507660|k141_13376_1	siaP|siaP_437286_bv	56.8	155	66	1	11	165	6	159	6.4e-44	179.5
SRR10507660|k141_46224_5	siaP|siaP_18740_bv	100.0	331	0	0	1	331	1	331	1.1e-187	657.9
SRR10507660|k141_46224_6	siaM|siaM_125382_bv	100.0	276	0	0	1	276	72	347	1.4e-145	517.7
SRR10507660|k141_46228_4	siaT|siaT_47535_uniprot	43.5	375	207	2	1	370	53	427	4.6e-67	257.3
SRR10507660|k141_62929_2	nanH|nanH_35670_bv	88.7	488	55	0	1	488	1	488	1.6e-261	903.7
SRR10507660|k141_62955_14	nanR|nanR_6426_uniprot	47.4	228	120	0	1	228	59	286	4.4e-52	206.8
SRR10507660|k141_13485_16	satD|HJG53471.1	40.5	190	107	3	28	213	37	224	5.6e-26	120.2
SRR10507660|k141_63003_1	nanQ|nanQ_6831_uniprot	75.2	157	39	0	1	157	1	157	8.8e-68	258.5
SRR10507660|k141_63027_1	nanK|nanK_10863_bv	41.4	304	166	6	4	305	3	296	1.2e-60	235.7
SRR10507660|k141_63080_4	nanR|nanR_1411_uniprot	42.7	487	267	5	1	481	1	481	9.9e-110	399.4
SRR10507660|k141_13528_2	nanH|nanH_47264_bv	79.4	383	79	0	158	540	3	385	2.8e-182	640.6
SRR10507660|k141_13528_3	nanQ|nanQ_1276_uniprot	100.0	148	0	0	1	148	1	148	4.1e-83	309.3
SRR10507660|k141_13528_7	nanM|nanM_2289_bv	40.5	269	144	6	24	280	36	300	1.2e-48	196.1
SRR10507660|k141_13528_21	nanU|nanU_412311_bv	80.8	542	104	0	5	546	4	545	1.5e-271	937.2
SRR10507660|k141_13536_5	satB|MDR1520311.1	52.7	315	148	1	1	315	1	314	3.3e-85	317.4
SRR10507660|k141_63156_2	neuD|neuD_9286_uniprot	98.9	282	3	0	1	282	1	282	7.2e-164	578.9
SRR10507660|k141_46442_1	satD|WP_303092013.1	42.3	234	130	3	1	233	9	238	7.9e-44	179.5
SRR10507660|k141_13599_1	satB|MFN4189717.1	43.8	292	162	1	1	292	13	302	1.7e-67	258.5
SRR10507660|k141_13610_1	nagB|nagB_124256_bv	41.0	188	104	4	40	226	5	186	1.7e-27	125.2
SRR10507660|k141_63278_30	nanU|nanU_151621_bv	68.0	525	167	1	19	543	20	543	2.2e-219	763.8
SRR10507660|k141_46640_25	satD|WP_124824862.1	41.8	237	120	9	19	248	38	263	1.2e-29	132.5
SRR10507660|k141_13666_30	nanU|nanU_444742_bv	98.8	493	6	0	1	493	1	493	1.3e-287	990.3
SRR10507660|k141_13669_5	siaM|siaM_21359_bv	100.0	427	0	0	1	427	1	427	8.1e-225	781.6
SRR10507660|k141_13723_11	nanH|nanH_16860_bv	100.0	347	0	0	1	347	1	347	2.4e-214	746.5
SRR10507660|k141_13723_12	nanA|nanA_2588_bv	100.0	288	0	0	1	288	1	288	8.3e-165	581.6
SRR10507660|k141_63368_3	siaM|siaM_167_bv	100.0	640	0	0	1	640	1	640	0.0e+00	1181.4
SRR10507660|k141_63368_4	siaP|siaP_420871_bv	74.3	144	35	1	1	144	6	147	1.2e-58	228.0
SRR10507660|k141_63370_2	nagA|nagA_4377_bv	99.7	383	1	0	1	383	1	383	6.2e-224	778.5
SRR10507660|k141_46744_5	siaM|siaM_136596_bv	100.0	427	0	0	1	427	1	427	2.9e-230	799.7
SRR10507660|k141_46801_39	satD|WP_132691222.1	40.1	227	126	7	17	235	38	262	7.0e-32	139.8
SRR10507660|k141_63497_2	nagB|nagB_14171_bv	100.0	241	0	0	1	241	1	241	2.9e-134	479.9
SRR10507660|k141_46882_2	siaQ|siaQ_484243_bv	80.0	170	34	0	1	170	1	170	1.8e-74	280.8
SRR10507660|k141_13959_82	nagA|nagA_10834_uniprot	100.0	382	0	0	1	382	15	396	1.0e-223	777.7
SRR10507660|k141_46948_20	neuD|neuD_1602_uniprot	68.1	207	65	1	1	206	7	213	1.8e-76	287.7
SRR10507660|k141_13994_19	satD|WP_443424392.1	40.0	210	121	3	17	221	38	247	3.9e-29	130.6
SRR10507660|k141_14117_8	satD|WP_060565526.1	41.8	225	123	3	34	258	47	263	3.8e-39	164.1
SRR10507660|k141_14117_9	satD|MBM6620729.1	44.0	234	130	1	21	253	36	269	1.1e-46	189.1
SRR10507660|k141_14151_2	nanE|nanE_4587_uniprot	100.0	237	0	0	1	237	3	239	4.1e-133	476.1
SRR10507660|k141_14303_1	nanK|nanK_28070_bv	76.2	193	42	2	2	191	32	223	5.1e-80	299.7
SRR10507660|k141_47324_2	siaM|siaM_27582_bv	100.0	342	0	0	1	342	1	342	3.6e-175	616.3
SRR10507660|k141_14494_8	kpsM|kpsM_539_bv	47.5	425	201	7	70	488	63	471	6.5e-93	343.6
SRR10507660|k141_47370_68	siaQ|siaQ_8446_bv	100.0	176	0	0	1	176	1	176	1.1e-90	334.7
SRR10507660|k141_47370_69	siaM|siaM_51844_bv	100.0	434	0	0	1	434	1	434	1.1e-221	771.2
SRR10507660|k141_47370_139	nagA|nagA_34758_bv	100.0	379	0	0	1	379	1	379	6.1e-224	778.5
SRR10507660|k141_47415_28	satD|WP_269928877.1	40.1	212	114	7	18	220	33	240	1.1e-23	112.5
SRR10507660|k141_14708_3	siaT|siaT_43486_uniprot	100.0	435	0	0	1	435	1	435	3.4e-234	812.8
SRR10507660|k141_14748_22	satD|MBF1159079.1	40.3	216	113	7	16	220	26	236	2.1e-30	134.8
SRR10507660|k141_14783_2	kpsT|kpsT_13613_bv	44.7	237	126	3	6	238	7	242	1.8e-51	204.9
SRR10507660|k141_14836_3	nanE|nanE_3313_bv	100.0	229	0	0	1	229	1	229	6.1e-126	452.2
SRR10507660|k141_47676_1	siaP|siaP_494293_bv	44.5	211	105	1	2	200	4	214	2.6e-48	194.1
SRR10507660|k141_15242_2	siaM|siaM_449148_bv	98.6	147	2	0	3	149	1	147	4.4e-69	262.7
SRR10507660|k141_15290_1	siaP|siaP_261851_bv	72.3	264	71	2	8	271	10	271	1.5e-107	391.3
SRR10507660|k141_15667_7	siaT|siaT_43839_uniprot	100.0	460	0	0	1	460	1	460	8.7e-249	861.3
SRR10507660|k141_15742_1	nanK|nanK_13168_bv	79.4	209	43	0	41	249	3	211	1.2e-95	351.7
SRR10507660|k141_15775_23	nanH|nanH_9455_bv	45.5	413	217	5	10	419	14	421	1.8e-112	408.3
SRR10507660|k141_15872_25	nanQ|nanQ_4741_uniprot	100.0	148	0	0	1	148	1	148	8.6e-81	301.6
SRR10507661|k141_90_3	satD|WP_271417843.1	49.1	234	115	2	24	254	37	269	2.4e-58	228.0
SRR10507661|k141_20374_3	ompF|ompF_1990_bv	77.4	62	14	0	1	62	26	87	1.0e-22	107.5
SRR10507661|k141_20463_1	ompF|ompF_247_bv	100.0	59	0	0	1	59	2	60	5.3e-26	118.2
SRR10507661|k141_20491_1	siaP|siaP_61096_bv	43.0	149	83	2	12	158	30	178	7.3e-30	132.5
SRR10507661|k141_7050_1	siaM|siaM_564332_bv	100.0	220	0	0	1	220	23	242	1.9e-108	394.0
SRR10507661|k141_7095_2	nagB|nagB_80253_bv	84.2	297	16	1	1	266	1	297	3.8e-140	499.6
SRR10507661|k141_20617_2	kpsM|kpsM_246_uniprot	100.0	228	0	0	1	228	31	258	2.7e-118	426.8
SRR10507661|k141_13865_1	siaT|siaT_53629_uniprot	100.0	156	0	0	1	156	1	156	1.8e-57	224.2
SRR10507661|k141_20685_2	satD|WP_062009075.1	41.4	222	130	0	11	232	23	244	1.3e-42	175.6
SRR10507661|k141_13888_1	satD|WP_191808624.1	44.3	255	137	1	2	251	6	260	4.8e-60	233.4
SRR10507661|k141_379_1	nanQ|nanQ_3885_bv	100.0	68	0	0	3	70	10	77	1.7e-34	146.7
SRR10507661|k141_7330_1	kpsT|kpsT_11364_bv	43.8	217	121	1	19	235	1	216	2.7e-44	181.0
SRR10507661|k141_522_1	siaP|siaP_727032_bv	100.0	103	0	0	1	103	27	129	3.4e-52	206.1
SRR10507661|k141_20902_22	nanE|nanE_26011_bv	100.0	227	0	0	1	227	1	227	2.0e-121	437.2
SRR10507661|k141_20907_1	siaP|siaP_696401_bv	50.9	175	84	2	68	242	24	196	2.7e-47	191.0
SRR10507661|k141_763_1	nanR|nanR_64_bv	100.0	212	0	0	1	212	1	212	5.4e-113	409.1
SRR10507661|k141_14330_12	neuB|neuB_312_kegg	100.0	334	0	0	1	334	2	335	2.5e-189	663.3
SRR10507661|k141_14330_13	neuC|neuC_340_kegg	100.0	382	0	0	1	382	1	382	1.6e-216	753.8
SRR10507661|k141_14330_14	neuD|neuD_1_bv	100.0	225	0	0	1	225	1	225	3.5e-86	320.1
SRR10507661|k141_14330_18	neuA|neuA_141_kegg	100.0	250	0	0	1	250	1	250	2.8e-140	500.0
SRR10507661|k141_14568_1	satC|HPZ48384.1	63.1	464	158	6	1	457	46	503	1.3e-148	528.5
SRR10507661|k141_14673_2	nanE|nanE_10749_bv	100.0	229	0	0	1	229	2	230	9.4e-127	454.9
SRR10507661|k141_8297_2	satD|WP_069102428.1	47.5	217	112	2	27	243	39	253	1.0e-51	205.7
SRR10507661|k141_14765_6	nagA|nagA_88277_bv	100.0	382	0	0	1	382	1	382	4.3e-225	782.3
SRR10507661|k141_8349_4	kpsM|kpsM_209_bv	42.5	266	146	2	10	268	12	277	4.4e-59	230.3
SRR10507661|k141_8436_1	siaP|siaP_263322_bv	72.1	140	36	1	1	137	27	166	1.0e-46	188.3
SRR10507661|k141_14990_2	siaQ|siaQ_39004_bv	100.0	163	0	0	1	163	1	163	4.5e-83	309.3
SRR10507661|k141_8581_1	ompC|ompC_1974_bv	100.0	53	0	0	1	53	1	53	5.5e-22	104.8
SRR10507661|k141_8625_1	siaM|siaM_498541_bv	99.4	180	1	0	1	180	1	180	6.7e-88	325.5
SRR10507661|k141_8625_2	siaQ|siaQ_3735_bv	100.0	166	0	0	1	166	1	166	1.5e-81	304.3
SRR10507661|k141_8696_1	ompF|ompF_4074_bv	64.5	262	82	4	1	252	72	332	1.3e-92	341.7
SRR10507661|k141_22006_1	siaM|siaM_22171_bv	100.0	338	0	0	1	338	49	386	7.7e-178	625.2
SRR10507661|k141_22027_1	neuA|neuA_11347_bv	56.6	226	96	2	6	231	2	225	7.6e-68	259.2
SRR10507661|k141_22047_1	siaP|siaP_523080_bv	53.2	316	144	3	14	328	17	329	2.6e-90	334.3
SRR10507661|k141_22047_2	siaT|siaT_19174_uniprot	90.6	425	40	0	1	425	1	425	5.4e-205	715.7
SRR10507661|k141_22047_3	siaQ|siaQ_196187_bv	41.7	144	82	2	3	145	10	152	2.1e-21	104.4
SRR10507661|k141_22055_1	ompC|ompC_1442_uniprot	96.7	241	8	0	1	241	28	268	6.3e-134	478.8
SRR10507661|k141_1639_1	siaM|siaM_166397_bv	100.0	346	0	0	1	346	1	346	1.1e-184	647.9
SRR10507661|k141_8753_35	neuB|neuB_19920_bv	53.5	342	149	1	15	346	19	360	2.8e-98	360.9
SRR10507661|k141_15321_2	satD|HJG53471.1	40.5	190	107	3	28	213	37	224	7.3e-26	119.8
SRR10507661|k141_8823_2	siaT|siaT_46236_uniprot	100.0	53	0	0	1	53	22	74	3.1e-20	99.0
SRR10507661|k141_22212_2	satB|MFN4189717.1	44.7	304	167	1	1	304	1	303	2.9e-75	284.3
SRR10507661|k141_22217_2	siaQ|siaQ_480775_bv	52.5	160	76	0	4	163	1	160	5.2e-34	146.4
SRR10507661|k141_9100_1	siaM|siaM_253557_bv	100.0	187	0	0	1	187	18	204	6.1e-92	339.0
SRR10507661|k141_22367_2	siaP|siaP_331965_bv	73.3	146	38	1	1	146	1	145	3.3e-53	210.3
SRR10507661|k141_15688_1	satD|WP_225563934.1	44.4	248	135	3	2	248	28	273	3.6e-47	190.7
SRR10507661|k141_9158_1	neuD|neuD_1256_uniprot	100.0	157	0	0	1	157	59	215	2.3e-31	137.5
SRR10507661|k141_1946_1	satD|WP_179899760.1	45.3	212	111	2	1	210	61	269	2.4e-49	198.0
SRR10507661|k141_15737_1	siaP|siaP_99094_bv	83.8	235	38	0	1	235	11	245	4.8e-110	399.4
SRR10507661|k141_9215_1	nanE|nanE_243_bv	100.0	229	0	0	1	229	1	229	1.1e-124	448.0
SRR10507661|k141_22606_2	nagB|nagB_9118_bv	100.0	175	0	0	1	175	1	175	2.4e-98	360.1
SRR10507661|k141_9454_2	satB|MFN4189717.1	40.8	336	166	3	1	336	1	303	6.5e-68	260.0
SRR10507661|k141_2108_2	nanA|nanA_14269_bv	92.6	108	8	0	1	108	1	108	1.2e-52	207.6
SRR10507661|k141_22948_2	nagB|nagB_26338_bv	100.0	243	0	0	1	243	1	243	1.3e-139	497.7
SRR10507661|k141_2165_2	nagB|nagB_62438_bv	46.1	219	114	3	14	229	24	241	6.1e-49	196.4
SRR10507661|k141_23074_3	nanR|nanR_6426_uniprot	47.4	228	120	0	1	228	59	286	1.3e-51	205.3
SRR10507661|k141_9745_46	nagB|nagB_190441_bv	100.0	233	0	0	1	233	22	254	3.9e-128	459.5
SRR10507661|k141_2419_2	satD|WP_207616619.1	44.8	268	148	0	1	268	1	268	1.8e-62	241.9
SRR10507661|k141_16556_1	siaP|siaP_289426_bv	99.1	110	1	0	1	110	3	112	2.1e-55	216.9
SRR10507661|k141_2491_1	ompF|ompF_42_bv	100.0	223	0	0	1	223	15	237	5.9e-126	452.2
SRR10507661|k141_23329_1	ompF|ompF_7645_bv	71.6	194	53	2	1	193	2	194	7.9e-74	278.9
SRR10507661|k141_23547_1	siaP|siaP_526403_bv	42.9	163	93	0	1	163	19	181	1.6e-32	141.4
SRR10507661|k141_2838_3	nanK|nanK_575_uniprot	41.2	260	151	1	4	261	5	264	3.6e-58	227.3
SRR10507661|k141_23704_1	satD|WP_191808624.1	43.9	196	110	0	1	196	36	231	6.9e-46	186.0
SRR10507661|k141_16962_65	satD|WP_152813345.1	43.8	258	144	1	4	261	7	263	1.4e-59	232.3
SRR10507661|k141_24019_1	nagA|nagA_22405_bv	100.0	293	0	0	1	293	1	293	5.3e-167	589.0
SRR10507661|k141_10280_52	nanK|nanK_30939_bv	98.3	234	4	0	1	234	1	234	9.5e-132	471.9
SRR10507661|k141_17329_1	nanQ|nanQ_3501_uniprot	100.0	89	0	0	1	89	1	89	6.3e-47	188.3
SRR10507661|k141_3309_2	siaM|siaM_472074_bv	99.5	197	1	0	1	197	45	241	1.5e-96	354.4
SRR10507661|k141_24193_1	satB|WP_263079827.1	60.3	287	109	1	1	287	1	282	3.4e-94	347.1
SRR10507661|k141_24487_1	siaP|siaP_511882_bv	99.6	229	1	0	34	262	1	229	9.4e-131	468.4
SRR10507661|k141_24511_8	nanK|nanK_19549_bv	99.6	234	1	0	1	234	1	234	6.4e-128	459.1
SRR10507661|k141_3774_2	ompF|ompF_8709_bv	71.0	186	31	5	5	185	38	205	5.5e-61	236.1
SRR10507661|k141_11060_1	satA|MBS6976852.1	76.4	437	102	1	1	437	87	522	3.3e-197	689.9
SRR10507661|k141_24812_1	nanA|nanA_5472_bv	100.0	297	0	0	1	297	1	297	5.4e-167	589.0
SRR10507661|k141_4107_1	siaP|siaP_387506_bv	72.7	88	20	2	6	89	5	92	7.3e-27	121.7
SRR10507661|k141_25001_32	siaT|siaT_43096_uniprot	100.0	431	0	0	1	431	1	431	2.3e-219	763.5
SRR10507661|k141_25001_33	siaQ|siaQ_327815_bv	53.9	154	68	3	5	157	9	160	3.4e-35	150.2
SRR10507661|k141_25001_34	siaP|siaP_129413_bv	47.3	256	134	1	31	285	18	273	3.8e-61	237.3
SRR10507661|k141_11575_1	neuA|neuA_14399_bv	53.0	185	86	1	15	199	1	184	1.4e-49	198.4
SRR10507661|k141_11575_2	neuB|neuB_19920_bv	50.2	319	148	2	12	319	18	336	8.9e-83	309.3
SRR10507661|k141_25112_1	nanK|nanK_27603_bv	99.5	198	1	0	1	198	12	209	5.1e-105	382.5
SRR10507661|k141_25112_2	nanQ|nanQ_2739_bv	100.0	154	0	0	1	154	1	154	4.6e-85	315.8
SRR10507661|k141_11630_40	kpsM|kpsM_705_bv	44.4	257	141	2	6	261	3	258	3.0e-52	207.6
SRR10507661|k141_25316_1	nanK|nanK_7216_bv	43.1	327	161	6	4	328	1	304	2.0e-61	238.4
SRR10507661|k141_4570_1	satD|GAB3585997.1	46.1	232	121	2	1	232	9	236	5.8e-55	216.5
SRR10507661|k141_18955_2	nanA|nanA_9790_uniprot	43.3	97	54	1	1	96	1	97	1.1e-15	84.7
SRR10507661|k141_19094_1	siaP|siaP_126597_bv	61.7	227	87	0	1	227	15	241	6.5e-80	299.3
SRR10507661|k141_19094_2	siaQ|siaQ_13034_bv	100.0	158	0	0	1	158	1	158	3.7e-82	306.2
SRR10507661|k141_25640_1	siaQ|siaQ_276752_bv	100.0	105	0	0	1	105	21	125	3.0e-48	193.0
SRR10507661|k141_4821_1	nanK|nanK_13419_bv	98.1	216	4	0	43	258	1	216	1.1e-118	428.3
SRR10507661|k141_19328_2	siaT|siaT_56598_uniprot	99.0	196	2	0	9	204	1	196	1.9e-94	347.4
SRR10507661|k141_19366_2	neuB|neuB_1079_bv	99.5	365	2	0	1	365	1	365	8.6e-199	694.9
SRR10507661|k141_19421_1	satD|WP_172165974.1	44.4	198	105	1	16	208	21	218	2.2e-42	174.5
SRR10507661|k141_12153_2	siaQ|siaQ_576420_bv	40.9	149	85	3	4	149	2	150	4.2e-22	106.7
SRR10507661|k141_4958_1	nagA|nagA_27275_refseq	99.0	293	3	0	1	293	85	377	1.7e-160	567.4
SRR10507661|k141_19533_1	siaP|siaP_12910_uniprot	100.0	161	0	0	1	161	61	221	6.0e-88	325.5
SRR10507661|k141_19533_2	siaQ|siaQ_380_uniprot	53.1	113	53	0	1	113	1	113	3.9e-25	116.3
SRR10507661|k141_19574_1	nanA|nanA_8957_bv	74.3	261	67	0	1	261	29	289	1.1e-115	418.3
SRR10507661|k141_19765_1	ompF|ompF_2707_bv	75.4	305	65	2	3	306	2	297	3.4e-132	473.4
SRR10507661|k141_26282_2	nanA|nanA_45697_refseq	56.6	53	23	0	5	57	3	55	7.2e-12	71.2
SRR10507661|k141_26476_1	nanQ|nanQ_2571_uniprot	96.1	77	3	0	22	98	8	84	4.6e-38	159.1
SRR10507661|k141_12448_27	satD|WP_075379571.1	49.8	235	113	3	23	256	40	270	7.5e-58	226.5
SRR10507661|k141_20058_1	nanK|nanK_28066_bv	45.2	294	150	3	6	299	5	287	2.0e-57	224.9
SRR10507661|k141_12548_1	satD|WP_129315695.1	41.3	252	145	2	3	251	10	261	6.6e-47	189.9
SRR10507661|k141_5415_1	nanE|nanE_2387_bv	96.7	121	4	0	1	121	44	164	2.8e-61	236.5
SRR10507661|k141_5484_1	nanM|nanM_772_bv	100.0	106	0	0	1	106	38	143	5.8e-55	215.3
SRR10507661|k141_26656_2	satB|WP_263079827.1	55.4	307	136	1	1	307	1	306	6.3e-86	319.7
SRR10507661|k141_5531_1	satB|HMA59673.1	40.2	234	139	1	1	234	1	233	1.5e-42	175.3
SRR10507661|k141_26716_1	nanQ|nanQ_90_uniprot	100.0	115	0	0	1	115	1	115	1.2e-61	237.7
SRR10507661|k141_12829_1	nanC|nanC_261_bv	100.0	108	0	0	1	108	1	108	9.7e-58	224.6
SRR10507661|k141_12876_1	nagB|nagB_12039_bv	91.9	124	10	0	1	124	31	154	2.7e-59	229.9
SRR10507661|k141_13080_1	siaM|siaM_150884_bv	94.4	267	15	0	1	267	1	267	2.0e-128	460.7
SRR10507661|k141_13115_1	nanT|nanT_28_bv	100.0	371	0	0	1	371	79	449	2.3e-207	723.4
SRR10507661|k141_13127_1	satD|WP_066299715.1	47.7	243	126	1	6	248	11	252	4.1e-59	230.3
SRR10507661|k141_6114_2	satD|WP_188156504.1	42.6	251	135	5	1	242	11	261	1.8e-38	162.2
SRR10507661|k141_6315_1	siaM|siaM_181617_bv	99.3	142	1	0	1	142	14	155	2.0e-63	243.8
SRR10507661|k141_6669_1	nanK|nanK_620_uniprot	72.3	141	38	1	1	141	48	187	6.5e-54	212.2
SRR10507662|k141_29563_2	nanK|nanK_7216_bv	40.3	310	173	5	2	309	4	303	1.8e-56	221.9
SRR10507662|k141_29587_1	siaQ|siaQ_42885_bv	100.0	151	0	0	1	151	8	158	9.4e-75	281.6
SRR10507662|k141_14794_149	nanK|nanK_28066_bv	43.3	312	162	4	3	314	1	297	1.9e-61	238.4
SRR10507662|k141_14794_177	nanR|nanR_1299_uniprot	46.7	225	119	1	1	225	1	224	9.7e-52	205.7
SRR10507662|k141_44351_161	neuD|neuD_4195_uniprot	58.3	204	84	1	30	233	1	203	1.3e-54	215.3
SRR10507662|k141_44351_214	nanR|nanR_1411_uniprot	43.8	479	266	2	1	477	1	478	6.6e-114	413.3
SRR10507662|k141_29682_6	neuD|neuD_10142_uniprot	100.0	194	0	0	1	194	1	194	6.7e-41	169.5
SRR10507662|k141_29682_25	nanU|nanU_592840_bv	56.4	429	184	2	17	445	8	433	1.3e-137	491.9
SRR10507662|k141_44356_21	siaM|siaM_259020_bv	93.9	462	1	1	1	435	1	462	1.8e-219	763.8
SRR10507662|k141_44356_22	siaQ|siaQ_39004_bv	100.0	167	0	0	1	167	1	167	1.0e-85	318.2
SRR10507662|k141_44356_23	siaP|siaP_99094_bv	99.6	253	1	0	97	349	1	253	6.0e-141	502.7
SRR10507662|k141_14832_97	nanU|nanU_319905_bv	50.0	530	249	9	4	527	3	522	1.1e-133	479.2
SRR10507662|k141_115_53	nanK|nanK_17982_bv	99.6	234	1	0	1	234	1	234	5.1e-133	476.1
SRR10507662|k141_115_54	nanQ|nanQ_3299_uniprot	100.0	151	0	0	1	151	1	151	1.3e-87	324.3
SRR10507662|k141_115_56	nanA|nanA_30477_bv	99.7	305	1	0	1	305	1	305	3.0e-173	609.8
SRR10507662|k141_115_57	nanE|nanE_554_bv	100.0	228	0	0	1	228	1	228	8.7e-125	448.4
SRR10507662|k141_115_207	kpsM|kpsM_209_bv	50.9	269	126	2	7	270	10	277	1.5e-70	268.5
SRR10507662|k141_115_231	siaM|siaM_6755_bv	100.0	424	0	0	1	424	1	424	1.4e-213	744.2
SRR10507662|k141_115_232	siaQ|siaQ_269984_bv	43.3	141	80	0	11	151	15	155	1.8e-20	101.3
SRR10507662|k141_115_241	nanE|nanE_1616_bv	100.0	234	0	0	1	234	1	234	8.1e-134	478.4
SRR10507662|k141_115_242	nanQ|nanQ_442_bv	100.0	154	0	0	1	154	1	154	4.9e-87	322.4
SRR10507662|k141_115_243	nanA|nanA_5494_bv	99.3	307	2	0	1	307	1	307	2.8e-174	613.2
SRR10507662|k141_115_262	satD|WP_136640697.1	49.2	262	130	1	18	276	2	263	3.3e-64	247.7
SRR10507662|k141_115_280	satB|WP_371146800.1	41.0	315	183	2	1	314	1	313	9.7e-58	226.1
SRR10507662|k141_115_281	satD|WP_194781615.1	46.9	262	138	1	3	264	4	264	1.6e-66	255.4
SRR10507662|k141_115_310	siaM|siaM_78429_bv	100.0	423	0	0	1	423	1	423	1.6e-220	767.3
SRR10507662|k141_115_311	siaQ|siaQ_957_uniprot	100.0	160	0	0	1	160	1	160	6.4e-90	332.0
SRR10507662|k141_115_312	siaP|siaP_237435_bv	99.6	255	1	0	85	339	1	255	2.0e-149	530.8
SRR10507662|k141_14855_1	satD|WP_019192916.1	40.1	207	120	3	1	203	54	260	3.8e-34	147.1
SRR10507662|k141_29724_19	satD|WP_129315695.1	41.3	252	145	2	3	251	10	261	6.6e-47	189.9
SRR10507662|k141_29742_1	nanK|nanK_572_bv	43.4	219	108	4	4	213	88	299	3.0e-37	157.5
SRR10507662|k141_44368_85	nanU|nanU_525574_bv	82.4	562	98	1	19	580	5	565	2.0e-287	989.9
SRR10507662|k141_44434_1	satD|WP_406812420.1	45.0	222	121	1	36	256	9	230	6.7e-49	196.4
SRR10507662|k141_14903_72	siaM|siaM_301236_bv	98.6	439	6	0	1	439	1	439	5.1e-214	745.7
SRR10507662|k141_14903_73	siaQ|siaQ_175396_bv	100.0	162	0	0	1	162	1	162	2.0e-86	320.5
SRR10507662|k141_29796_71	siaT|siaT_70584_uniprot	78.2	427	93	0	1	427	1	427	3.7e-185	649.8
SRR10507662|k141_29796_72	siaQ|siaQ_852_uniprot	47.9	121	63	0	11	131	23	143	9.8e-21	102.1
SRR10507662|k141_29796_73	siaP|siaP_486237_bv	51.0	290	134	2	1	288	4	287	1.9e-75	285.0
SRR10507662|k141_29796_108	nanA|nanA_2578_uniprot	69.4	284	87	0	6	289	4	287	4.0e-114	413.3
SRR10507662|k141_29806_7	siaP|siaP_521763_bv	47.4	310	161	1	30	339	28	335	3.7e-79	297.4
SRR10507662|k141_29806_8	siaT|siaT_73028_uniprot	99.4	630	4	0	1	630	1	630	0.0e+00	1140.9
SRR10507662|k141_14973_1	ompF|ompF_8218_bv	100.0	352	0	0	1	352	2	353	9.1e-206	718.0
SRR10507662|k141_341_1	siaP|siaP_82670_bv	99.6	241	1	0	1	241	87	327	5.0e-131	469.2
SRR10507662|k141_44487_47	siaT|siaT_47535_uniprot	47.4	384	194	4	43	420	42	423	2.4e-83	311.6
SRR10507662|k141_44487_89	siaM|siaM_168802_bv	100.0	433	0	0	2	434	1	433	8.0e-228	791.6
SRR10507662|k141_44487_91	siaP|siaP_40245_bv	100.0	341	0	0	1	341	1	341	5.4e-195	682.2
SRR10507662|k141_44487_93	siaM|siaM_32490_bv	100.0	425	0	0	1	425	1	425	2.1e-220	766.9
SRR10507662|k141_44487_94	siaQ|siaQ_92696_bv	55.0	151	67	1	6	156	8	157	8.9e-42	172.2
SRR10507662|k141_44487_95	siaP|siaP_24648_bv	99.4	333	2	0	1	333	1	333	3.3e-189	662.9
SRR10507662|k141_44487_96	nanQ|nanQ_4708_uniprot	45.3	148	75	3	1	145	1	145	1.9e-27	124.4
SRR10507662|k141_29810_147	siaP|siaP_126597_bv	57.1	240	103	0	91	330	1	240	8.6e-81	302.8
SRR10507662|k141_29810_148	siaQ|siaQ_11754_bv	100.0	165	0	0	1	165	1	165	7.6e-86	318.5
SRR10507662|k141_29810_149	siaM|siaM_60605_bv	100.0	435	0	0	1	435	1	435	7.3e-213	741.9
SRR10507662|k141_29833_2	nanU|nanU_360856_bv	49.8	546	248	10	16	547	22	555	4.8e-145	516.9
SRR10507662|k141_418_1	satD|WP_366180156.1	47.1	263	132	5	3	263	17	274	2.3e-55	218.0
SRR10507662|k141_15264_1	nanU|nanU_383909_bv	58.5	576	229	7	1	574	24	591	1.2e-186	655.2
SRR10507662|k141_29868_67	siaM|siaM_437790_bv	99.1	424	4	0	1	424	1	424	2.5e-218	760.0
SRR10507662|k141_29868_68	siaQ|siaQ_480775_bv	52.5	160	76	0	4	163	1	160	5.2e-34	146.4
SRR10507662|k141_29868_78	nanQ|nanQ_5285_uniprot	100.0	154	0	0	1	154	1	154	1.7e-87	323.9
SRR10507662|k141_29868_80	siaM|siaM_21997_bv	100.0	429	0	0	1	429	1	429	1.7e-230	800.4
SRR10507662|k141_29868_102	siaQ|siaQ_3735_bv	100.0	166	0	0	1	166	1	166	1.5e-81	304.3
SRR10507662|k141_29868_103	siaM|siaM_155507_bv	100.0	433	0	0	1	433	1	433	2.4e-224	780.0
SRR10507662|k141_428_54	SIAE|SIAE_84968_bv	92.5	477	36	0	1	477	5	481	1.4e-270	933.7
SRR10507662|k141_44596_7	satD|WP_154028570.1	44.6	269	144	1	1	264	1	269	9.6e-62	239.6
SRR10507662|k141_44596_10	satB|MFN4189717.1	43.8	304	170	1	1	304	1	303	6.5e-67	256.5
SRR10507662|k141_44596_93	nanA|nanA_8957_bv	74.2	291	75	0	1	291	1	291	3.0e-130	466.8
SRR10507662|k141_44596_118	satD|WP_003847251.1	42.2	230	129	1	25	250	35	264	1.7e-43	178.7
SRR10507662|k141_434_33	siaM|siaM_124422_bv	99.8	426	1	0	1	426	1	426	4.3e-226	785.8
SRR10507662|k141_434_84	siaP|siaP_503766_bv	79.0	262	51	2	5	262	1	262	1.1e-110	402.1
SRR10507662|k141_434_86	siaQ|siaQ_989_uniprot	98.3	173	3	0	1	173	1	173	1.1e-90	334.7
SRR10507662|k141_434_87	siaM|siaM_60146_bv	100.0	446	0	0	1	446	1	446	4.8e-236	818.9
SRR10507662|k141_15305_7	nanU|nanU_178694_bv	59.4	549	219	3	19	564	12	559	2.5e-189	664.1
SRR10507662|k141_29912_2	nanQ|nanQ_7527_uniprot	93.2	148	10	0	1	148	1	148	2.1e-79	297.0
SRR10507662|k141_44680_4	nanU|nanU_504616_bv	72.0	400	107	2	1	400	64	458	2.3e-173	610.5
SRR10507662|k141_29933_1	nagA|nagA_34755_bv	60.6	292	113	1	5	294	6	297	2.2e-96	354.4
SRR10507662|k141_44724_52	ompF|ompF_32_bv	100.0	357	0	0	1	357	1	357	1.4e-206	720.7
SRR10507662|k141_29954_7	satB|MBI5878579.1	50.8	313	154	0	1	313	1	313	1.1e-80	302.4
SRR10507662|k141_29954_10	satD|WP_433122724.1	50.4	256	124	2	13	265	9	264	1.4e-62	242.3
SRR10507662|k141_44732_5	nanA|nanA_31037_bv	100.0	305	0	0	1	305	1	305	3.0e-173	609.8
SRR10507662|k141_44732_6	nanK|nanK_10233_bv	99.7	291	1	0	1	291	1	291	6.7e-162	572.0
SRR10507662|k141_44732_7	nanT|nanT_7043_bv	99.5	397	2	0	89	485	1	397	3.5e-224	779.6
SRR10507662|k141_44732_9	nanC|nanC_766_bv	61.5	234	88	1	1	232	1	234	1.3e-83	311.6
SRR10507662|k141_44732_10	nanM|nanM_1555_uniprot	100.0	369	0	0	1	369	1	369	3.1e-220	766.1
SRR10507662|k141_44732_12	nanR|nanR_4575_refseq	100.0	244	0	0	1	244	1	244	1.5e-135	484.2
SRR10507662|k141_44732_13	SIAE|SIAE_28971_refseq	100.0	328	0	0	1	328	10	337	1.2e-199	697.6
SRR10507662|k141_15483_2	siaM|siaM_9479_bv	100.0	435	0	0	1	435	1	435	3.2e-200	699.9
SRR10507662|k141_15483_3	siaQ|siaQ_411681_bv	52.9	155	73	0	1	155	11	165	1.1e-41	171.8
SRR10507662|k141_15483_4	siaP|siaP_434164_bv	99.6	225	1	0	1	225	4	228	4.0e-122	439.5
SRR10507662|k141_15516_2	siaQ|siaQ_1161_uniprot	99.4	166	1	0	1	166	1	166	2.1e-83	310.5
SRR10507662|k141_15516_3	siaM|siaM_1422_bv	99.5	424	2	0	1	424	1	424	6.0e-220	765.4
SRR10507662|k141_44779_34	nanU|nanU_431062_bv	65.3	516	156	5	1	514	37	531	7.6e-193	675.6
SRR10507662|k141_44848_2	nanU|nanU_284374_bv	71.6	525	146	2	1	522	1	525	3.2e-223	776.5
SRR10507662|k141_30022_3	neuD|neuD_9112_uniprot	94.3	194	11	0	1	194	1	194	3.6e-63	243.4
SRR10507662|k141_44900_1	nagB|nagB_45247_bv	100.0	268	0	0	1	268	1	268	1.6e-154	547.4
SRR10507662|k141_44955_1	siaM|siaM_492075_bv	98.8	160	2	0	1	160	13	172	2.3e-63	243.8
SRR10507662|k141_15630_7	satD|WP_251840777.1	41.1	236	136	3	26	260	33	266	1.4e-36	155.6
SRR10507662|k141_15630_75	siaP|siaP_427460_bv	46.3	328	170	3	12	337	14	337	4.8e-82	307.0
SRR10507662|k141_15630_76	siaQ|siaQ_31460_bv	44.4	142	79	0	3	144	8	149	8.9e-31	135.6
SRR10507662|k141_15630_77	siaT|siaT_60591_uniprot	95.3	430	20	0	1	430	1	430	2.9e-222	773.1
SRR10507662|k141_15630_78	satD|MDN5900612.1	41.0	229	129	5	16	239	42	269	1.7e-36	155.2
SRR10507662|k141_44979_1	nanU|nanU_513643_bv	99.6	522	2	0	1	522	3	524	6.4e-312	1071.2
SRR10507662|k141_540_66	satD|WP_136640697.1	42.6	258	147	1	5	262	7	263	3.4e-58	227.6
SRR10507662|k141_540_69	satB|MCD8009826.1	41.8	304	176	1	16	318	4	307	5.2e-59	230.3
SRR10507662|k141_15640_2	siaM|siaM_1593_bv	100.0	429	0	0	1	429	1	429	2.7e-228	793.1
SRR10507662|k141_15640_78	satD|WP_307738576.1	41.9	229	126	6	20	242	36	263	6.0e-39	163.3
SRR10507662|k141_45132_10	satB|HEX9819008.1	40.9	308	169	3	1	305	16	313	2.9e-54	214.5
SRR10507662|k141_45132_13	satD|WP_066299715.1	43.0	277	148	1	1	277	1	267	2.7e-58	228.0
SRR10507662|k141_15696_6	ompF|ompF_42_uniprot	98.6	366	5	0	1	366	1	366	9.8e-211	734.6
SRR10507662|k141_15701_4	kpsT|kpsT_10521_bv	70.1	244	73	0	3	246	2	245	8.7e-94	345.5
SRR10507662|k141_15701_40	satB|MBO2532523.1	40.3	313	176	4	1	303	1	312	9.5e-50	199.5
SRR10507662|k141_15701_43	satD|MDO5064503.1	51.9	233	108	3	25	255	37	267	1.5e-61	238.8
SRR10507662|k141_618_2	nanU|nanU_42099_bv	50.6	520	239	10	10	524	2	508	4.6e-137	490.3
SRR10507662|k141_45173_12	nanU|nanU_312230_bv	54.6	518	225	7	9	522	11	522	2.5e-159	564.3
SRR10507662|k141_669_2	satB|MGI6127559.1	40.5	299	167	4	5	293	17	314	1.8e-50	201.8
SRR10507662|k141_30231_3	satB|OPL08662.1	40.7	307	179	2	1	306	1	305	1.1e-58	229.2
SRR10507662|k141_30256_4	nanR|nanR_525_uniprot	45.2	210	108	2	1	204	1	209	4.0e-37	157.1
SRR10507662|k141_15738_23	nanQ|nanQ_3317_uniprot	100.0	148	0	0	1	148	1	148	1.1e-80	301.2
SRR10507662|k141_45212_1	satD|WP_249479114.1	40.3	201	112	6	1	195	52	250	5.8e-29	129.8
SRR10507662|k141_45233_2	SIAE|SIAE_102017_bv	98.2	442	8	0	1	442	1	442	1.8e-264	913.3
SRR10507662|k141_30263_50	nanU|nanU_574169_bv	95.8	529	22	0	1	529	1	529	1.4e-306	1053.5
SRR10507662|k141_30288_1	siaT|siaT_29651_uniprot	100.0	427	0	0	1	427	1	427	9.6e-226	784.6
SRR10507662|k141_30288_3	siaP|siaP_27452_uniprot	40.5	259	148	2	95	348	1	258	6.1e-53	210.3
SRR10507662|k141_30317_5	nanR|nanR_8761_uniprot	87.7	260	24	2	1	254	1	258	4.2e-120	433.0
SRR10507662|k141_677_190	nagB|nagB_3155_bv	100.0	270	0	0	1	270	1	270	7.8e-157	555.1
SRR10507662|k141_45273_11	satB|WP_263079827.1	55.7	307	135	1	1	307	1	306	5.5e-90	333.2
SRR10507662|k141_45273_14	satD|KFC16516.1	49.0	243	119	3	16	258	34	271	9.9e-58	226.1
SRR10507662|k141_45273_23	satD|WP_149083920.1	41.4	210	108	7	17	216	30	234	3.7e-27	124.0
SRR10507662|k141_45273_61	satB|OPL08662.1	58.0	312	126	2	1	312	1	307	5.6e-93	343.2
SRR10507662|k141_45273_64	satD|WP_204878079.1	45.3	258	132	2	6	257	17	271	2.3e-62	241.5
SRR10507662|k141_703_3	nanU|nanU_114568_bv	49.6	613	298	7	10	615	30	638	8.8e-172	605.9
SRR10507662|k141_707_1	kpsD|kpsD_5804_bv	75.8	594	144	0	1	594	205	798	4.8e-268	925.6
SRR10507662|k141_30348_11	siaQ|siaQ_142797_bv	97.6	168	4	0	1	168	1	168	2.1e-83	310.5
SRR10507662|k141_30348_12	siaM|siaM_60127_bv	100.0	433	0	0	1	433	1	433	8.3e-217	755.0
SRR10507662|k141_30348_16	satD|WP_058234849.1	42.7	213	110	7	21	225	39	247	1.8e-30	135.2
SRR10507662|k141_763_4	satB|MFN4189717.1	41.4	290	167	3	6	294	15	302	5.6e-55	216.9
SRR10507662|k141_30517_1	nanK|nanK_275_bv	99.0	98	1	0	5	102	1	98	2.8e-51	203.0
SRR10507662|k141_765_6	nanU|nanU_69545_bv	57.5	544	226	4	7	549	13	552	1.1e-184	648.7
SRR10507662|k141_765_46	nanU|nanU_192717_bv	100.0	544	0	0	1	544	1	544	0.0e+00	1145.6
SRR10507662|k141_765_62	nanU|nanU_224_bv	100.0	529	0	0	1	529	1	529	0.0e+00	1101.7
SRR10507662|k141_774_1	nanA|nanA_26776_refseq	47.4	57	30	0	6	62	3	59	3.9e-11	68.9
SRR10507662|k141_30606_43	nanU|nanU_572409_bv	43.7	462	247	6	69	526	134	586	5.3e-101	370.5
SRR10507662|k141_30606_46	nanU|nanU_415572_bv	99.2	384	3	0	60	443	11	394	1.2e-222	774.6
SRR10507662|k141_16000_7	satD|WP_124933466.1	40.0	230	124	8	18	238	39	263	1.8e-33	145.2
SRR10507662|k141_16006_1	siaP|siaP_48622_bv	100.0	341	0	0	1	341	3	343	4.7e-191	669.1
SRR10507662|k141_30620_1	nanU|nanU_590222_bv	52.5	442	190	9	1	438	136	561	7.7e-122	439.5
SRR10507662|k141_850_6	siaQ|siaQ_39005_bv	100.0	158	0	0	1	158	1	158	6.3e-82	305.4
SRR10507662|k141_850_7	siaM|siaM_195279_bv	100.0	435	0	0	1	435	2	436	7.0e-224	778.5
SRR10507662|k141_850_8	siaP|siaP_30056_bv	92.2	334	26	0	1	334	1	334	4.2e-176	619.4
SRR10507662|k141_870_2	nanK|nanK_28066_bv	44.7	304	157	3	6	309	5	297	2.5e-61	238.0
SRR10507662|k141_30661_1	nanH|nanH_35606_bv	84.7	209	32	0	1	209	58	266	2.9e-106	386.7
SRR10507662|k141_45540_104	nanU|nanU_339340_bv	40.5	578	298	16	18	577	18	567	2.6e-101	371.7
SRR10507662|k141_45540_158	nanU|nanU_587575_bv	100.0	463	0	0	1	463	2	464	2.5e-272	939.5
SRR10507662|k141_45540_174	nanU|nanU_123241_bv	83.6	501	82	0	11	511	1	501	3.8e-253	875.9
SRR10507662|k141_45540_222	nanU|nanU_199489_bv	98.5	519	8	0	1	519	2	520	9.3e-300	1030.8
SRR10507662|k141_45540_226	nanU|nanU_340690_bv	99.4	496	3	0	8	503	1	496	1.5e-294	1013.4
SRR10507662|k141_30677_2	satD|WP_334211665.1	40.0	295	133	2	6	300	11	261	3.0e-55	218.0
SRR10507662|k141_944_5	nanU|nanU_133699_bv	96.9	455	13	1	10	464	1	454	4.1e-254	879.0
SRR10507662|k141_30700_39	satD|WP_334121539.1	45.0	251	136	2	25	275	17	265	2.1e-58	228.4
SRR10507662|k141_16141_18	nanA|nanA_11995_bv	59.3	297	121	0	1	297	1	297	2.2e-102	374.4
SRR10507662|k141_16141_19	satD|WP_069102428.1	43.4	267	145	3	1	267	9	269	3.8e-55	217.6
SRR10507662|k141_1021_2	nanU|nanU_476532_bv	43.0	539	275	12	1	519	3	529	2.1e-105	385.2
SRR10507662|k141_45655_27	nanU|nanU_93146_bv	98.9	571	6	0	23	593	1	571	0.0e+00	1191.0
SRR10507662|k141_45686_1	kpsT|kpsT_20_kegg	47.7	243	127	0	1	243	1	243	2.1e-60	234.6
SRR10507662|k141_16153_1	ompF|ompF_6607_bv	100.0	371	0	0	1	371	11	381	3.2e-217	756.1
SRR10507662|k141_1077_37	nanR|nanR_6426_uniprot	47.4	228	120	0	1	228	59	286	3.4e-52	207.2
SRR10507662|k141_30837_4	nanQ|nanQ_6911_uniprot	99.3	148	1	0	1	148	1	148	5.9e-82	305.4
SRR10507662|k141_30887_1	satB|MFN4189717.1	44.0	277	154	1	1	277	28	303	2.0e-67	258.1
SRR10507662|k141_16266_1	nanU|nanU_368340_bv	82.7	542	94	0	1	542	1	542	2.9e-275	949.5
SRR10507662|k141_16315_1	nanH|nanH_18836_bv	97.5	555	14	0	1	555	1	555	0.0e+00	1096.6
SRR10507662|k141_16318_2	kpsT|kpsT_9718_bv	50.5	186	92	0	1	186	56	241	3.9e-49	196.8
SRR10507662|k141_30915_35	nagA|nagA_26207_bv	77.9	394	87	0	1	394	1	394	2.4e-183	643.7
SRR10507662|k141_30915_64	siaP|siaP_235002_bv	49.7	328	164	1	3	330	3	329	8.3e-92	339.3
SRR10507662|k141_30915_66	siaQ|siaQ_1060_uniprot	71.5	172	49	0	1	172	1	172	1.1e-66	255.0
SRR10507662|k141_30915_67	siaM|siaM_4678_bv	100.0	438	0	0	1	438	1	438	7.8e-231	801.6
SRR10507662|k141_30923_1	siaM|siaM_28702_bv	100.0	415	0	0	1	415	11	425	1.3e-216	754.2
SRR10507662|k141_16350_2	nanU|nanU_582180_bv	85.5	488	71	0	1	488	1	488	1.4e-252	874.0
SRR10507662|k141_16391_1	siaM|siaM_370181_bv	100.0	92	0	0	1	92	1	92	3.1e-41	169.5
SRR10507662|k141_16391_2	siaQ|siaQ_17272_bv	100.0	175	0	0	1	175	1	175	9.8e-92	338.2
SRR10507662|k141_16391_3	siaP|siaP_225938_bv	53.5	297	136	2	58	353	34	329	9.6e-86	319.3
SRR10507662|k141_16391_4	nanA|nanA_20162_bv	70.3	303	90	0	1	303	1	303	1.3e-128	461.5
SRR10507662|k141_1266_1	nanU|nanU_192445_bv	51.9	395	182	5	11	399	8	400	2.5e-127	457.6
SRR10507662|k141_16405_1	satD|WP_019192916.1	43.2	190	108	0	1	190	75	264	3.8e-41	170.6
SRR10507662|k141_45740_2	nanU|nanU_16761_bv	100.0	484	0	0	1	484	1	484	1.1e-286	987.3
SRR10507662|k141_30935_1	siaQ|siaQ_130851_bv	75.8	165	40	0	2	166	25	189	4.7e-67	256.1
SRR10507662|k141_30935_2	siaM|siaM_15981_bv	100.0	427	0	0	1	427	1	427	4.6e-228	792.3
SRR10507662|k141_16443_16	nanU|nanU_562513_bv	47.1	578	291	4	12	580	10	581	9.9e-141	502.7
SRR10507662|k141_16443_18	nanU|nanU_338056_bv	93.3	556	35	2	14	569	1	554	0.0e+00	1096.3
SRR10507662|k141_1275_19	nanU|nanU_19451_bv	100.0	479	0	0	1	479	1	479	1.9e-283	976.5
SRR10507662|k141_30976_2	nanU|nanU_319905_bv	42.2	524	281	11	10	514	1	521	4.1e-114	414.1
SRR10507662|k141_1284_2	SIAE|SIAE_9584_bv	91.6	226	19	0	1	226	1	226	7.5e-121	435.3
SRR10507662|k141_45835_12	siaP|siaP_364155_bv	65.8	316	106	1	44	359	16	329	1.8e-116	421.4
SRR10507662|k141_1338_1	nanH|nanH_22344_bv	100.0	109	0	0	1	109	25	133	4.0e-59	229.2
SRR10507662|k141_16487_95	kpsD|kpsD_3569_bv	52.3	687	324	3	74	758	113	797	4.3e-213	743.4
SRR10507662|k141_16488_19	nanU|nanU_525511_bv	71.3	543	154	1	5	545	18	560	1.4e-234	814.3
SRR10507662|k141_1422_1	nanU|nanU_156382_bv	91.4	338	29	0	1	338	142	479	2.6e-186	653.3
SRR10507662|k141_31138_73	siaM|siaM_248187_bv	99.8	430	1	0	1	430	1	430	1.7e-209	730.7
SRR10507662|k141_31138_79	nagA|nagA_34685_bv	100.0	378	0	0	1	378	1	378	4.1e-220	765.8
SRR10507662|k141_16811_1	nanU|nanU_363336_bv	60.7	568	218	3	16	580	2	567	1.2e-210	734.9
SRR10507662|k141_31291_12	kpsM|kpsM_66_bv	100.0	258	0	0	1	258	1	258	2.7e-138	493.4
SRR10507662|k141_31291_13	kpsT|kpsT_54_bv	100.0	223	0	0	1	223	1	223	2.9e-125	449.9
SRR10507662|k141_31291_22	kpsD|kpsD_12805_bv	100.0	558	0	0	1	558	2	559	0.0e+00	1082.8
SRR10507662|k141_31291_23	kpsE|kpsE_5225_bv	100.0	382	0	0	1	382	3	384	2.9e-205	716.5
SRR10507662|k141_1604_1	nanU|nanU_313103_bv	91.7	472	39	0	2	473	17	488	1.6e-258	893.6
SRR10507662|k141_31311_1	nanU|nanU_38453_bv	51.3	563	240	8	17	566	25	566	2.4e-155	551.2
SRR10507662|k141_16892_84	nanR|nanR_6069_uniprot	55.6	232	103	0	5	236	2	233	2.2e-70	267.7
SRR10507662|k141_46047_83	nanU|nanU_444742_bv	98.2	493	9	0	1	493	1	493	6.6e-287	988.0
SRR10507662|k141_46047_200	nanU|nanU_303156_bv	64.5	422	147	3	16	434	1	422	2.0e-154	547.7
SRR10507662|k141_31366_31	nanQ|nanQ_281_bv	98.1	155	3	0	1	155	1	155	6.6e-84	312.0
SRR10507662|k141_31366_32	siaQ|siaQ_196187_bv	41.7	144	82	2	3	145	10	152	2.1e-21	104.4
SRR10507662|k141_31366_33	siaT|siaT_19174_uniprot	90.4	425	41	0	1	425	1	425	1.6e-204	714.1
SRR10507662|k141_31366_34	siaP|siaP_523080_bv	53.8	316	142	3	14	328	17	329	6.9e-91	336.3
SRR10507662|k141_1759_1	neuB|neuB_899_bv	100.0	281	0	0	1	281	65	345	1.0e-159	564.7
SRR10507662|k141_1800_12	satD|WP_171483497.1	40.8	228	127	6	17	238	45	270	6.4e-33	143.3
SRR10507662|k141_16894_96	nanU|nanU_439821_bv	52.4	592	238	12	2	581	1	560	6.6e-169	596.3
SRR10507662|k141_1809_118	nanQ|nanQ_1781_bv	100.0	156	0	0	1	156	1	156	1.1e-86	321.2
SRR10507662|k141_1821_2	satB|MBM3693078.1	43.3	224	127	0	4	227	92	315	1.3e-48	195.3
SRR10507662|k141_1858_2	SIAE|SIAE_32812_refseq	100.0	265	0	0	1	265	1	265	6.7e-153	542.0
SRR10507662|k141_1870_24	nanC|nanC_214_bv	100.0	238	0	0	1	238	4	241	2.8e-142	506.5
SRR10507662|k141_1870_25	nanM|nanM_464_bv	100.0	368	0	0	1	368	1	368	3.2e-217	756.1
SRR10507662|k141_1870_26	SIAE|SIAE_26843_refseq	100.0	326	0	0	1	326	1	326	6.2e-201	701.8
SRR10507662|k141_1870_52	nanQ|nanQ_6320_uniprot	86.0	150	21	0	1	150	1	150	1.0e-73	278.1
SRR10507662|k141_31460_3	nanU|nanU_447203_bv	42.5	676	337	20	19	683	3	637	2.6e-132	474.9
SRR10507662|k141_31460_37	nanU|nanU_91253_bv	70.2	598	164	6	4	598	1	587	1.2e-245	851.3
SRR10507662|k141_31460_41	nanU|nanU_556657_bv	50.7	604	271	11	21	617	1	584	2.4e-161	571.2
SRR10507662|k141_31460_257	nanU|nanU_353104_bv	52.0	512	235	5	1	506	1	507	2.2e-152	541.2
SRR10507662|k141_46409_6	satD|WP_152275084.1	43.4	272	143	1	44	315	6	266	2.2e-56	221.9
SRR10507662|k141_16912_24	nanR|nanR_1411_uniprot	44.8	480	261	2	1	478	1	478	1.3e-109	399.1
SRR10507662|k141_16912_231	nagA|nagA_10867_uniprot	100.0	379	0	0	1	379	7	385	2.9e-226	786.2
SRR10507662|k141_1961_7	nagB|nagB_1215_bv	100.0	243	0	0	1	243	1	243	1.5e-138	494.2
SRR10507662|k141_31514_2	nanU|nanU_268228_bv	47.1	563	264	16	12	554	10	558	6.2e-124	446.8
SRR10507662|k141_17040_1	siaT|siaT_61251_uniprot	99.8	630	1	0	3	632	1	630	0.0e+00	1142.1
SRR10507662|k141_31544_1	nagB|nagB_1605_bv	99.6	249	1	0	1	249	1	249	2.2e-142	506.9
SRR10507662|k141_17122_17	nanU|nanU_522014_bv	51.5	565	253	12	1	553	1	556	4.1e-152	540.4
SRR10507662|k141_17131_2	satB|HQY31891.1	48.1	308	160	0	4	311	4	311	1.6e-68	261.9
SRR10507662|k141_17131_4	satD|WP_109131201.1	43.3	240	128	4	22	261	33	264	1.8e-45	185.3
SRR10507662|k141_46649_15	SIAE|SIAE_16573_refseq	99.3	287	2	0	1	287	1	287	2.0e-166	587.0
SRR10507662|k141_46664_13	kpsM|kpsM_604_bv	50.7	284	134	4	6	289	2	279	3.6e-75	283.9
SRR10507662|k141_46671_5	satB|MEA2597038.1	42.9	310	177	0	4	313	4	313	3.1e-64	247.7
SRR10507662|k141_2188_4	nanU|nanU_575713_bv	40.9	614	314	17	7	601	2	585	2.3e-116	421.8
SRR10507662|k141_2188_60	nanU|nanU_329740_bv	44.1	612	277	19	1	593	8	573	1.9e-131	471.9
SRR10507662|k141_2188_67	SIAE|SIAE_57593_bv	53.2	643	296	4	1	642	1	639	4.1e-212	740.0
SRR10507662|k141_17274_56	nagA|nagA_39423_bv	100.0	381	0	0	1	381	1	381	6.6e-218	758.4
SRR10507662|k141_17274_57	nagB|nagB_164733_bv	99.6	267	1	0	1	267	1	267	2.3e-153	543.5
SRR10507662|k141_17274_58	nanA|nanA_4908_bv	100.0	292	0	0	1	292	1	292	6.5e-165	582.0
SRR10507662|k141_17274_60	nanK|nanK_26783_bv	100.0	293	0	0	1	293	1	293	2.5e-164	580.1
SRR10507662|k141_17274_61	nanE|nanE_4672_uniprot	100.0	233	0	0	1	233	14	246	6.4e-131	468.8
SRR10507662|k141_17274_62	siaP|siaP_616093_bv	100.0	328	0	0	1	328	1	328	1.5e-178	627.5
SRR10507662|k141_17274_63	siaT|siaT_65764_uniprot	99.4	616	4	0	1	616	1	616	0.0e+00	1144.4
SRR10507662|k141_17274_64	nanM|nanM_1766_bv	100.0	377	0	0	1	377	1	377	3.1e-220	766.1
SRR10507662|k141_17292_18	satD|WP_325790735.1	44.8	259	136	2	2	254	7	264	6.1e-60	233.4
SRR10507662|k141_17292_21	satB|WP_101552959.1	52.3	304	145	0	1	304	1	304	6.9e-88	326.2
SRR10507662|k141_31736_2	nanU|nanU_81117_bv	68.9	325	100	1	1	325	127	450	1.4e-131	471.5
SRR10507662|k141_17386_2	nagB|nagB_52741_bv	68.2	214	68	0	2	215	29	242	1.9e-84	314.3
SRR10507662|k141_17420_1	siaM|siaM_312867_bv	98.7	78	1	0	28	105	28	105	1.2e-33	144.4
SRR10507662|k141_31991_17	ompF|ompF_6268_bv	66.2	361	111	4	1	351	1	360	7.6e-136	485.7
SRR10507662|k141_2245_70	nanU|nanU_254119_bv	99.4	509	3	0	1	509	8	516	2.0e-302	1039.6
SRR10507662|k141_2245_89	nagB|nagB_23277_bv	99.6	261	1	0	1	261	1	261	2.1e-151	537.0
SRR10507662|k141_2245_90	nagA|nagA_2929_bv	100.0	395	0	0	1	395	1	395	8.9e-226	784.6
SRR10507662|k141_2245_98	SIAE|SIAE_422_bv	100.0	474	0	0	1	474	1	474	1.6e-285	983.4
SRR10507662|k141_2245_104	nanU|nanU_173864_bv	59.5	561	215	7	5	559	6	560	2.8e-201	703.7
SRR10507662|k141_2250_2	nanU|nanU_1200_bv	40.6	611	294	18	21	594	22	600	6.9e-105	383.6
SRR10507662|k141_17581_2	nanU|nanU_258096_bv	61.7	517	188	2	1	511	1	513	2.0e-185	651.0
SRR10507662|k141_32072_1	satD|GAB3794624.1	44.5	218	106	3	3	206	5	221	7.5e-43	176.0
SRR10507662|k141_17722_4	satD|MFC2646429.1	46.1	256	131	2	5	254	13	267	1.7e-57	225.3
SRR10507662|k141_17722_7	satB|OPL08662.1	51.6	308	149	0	1	308	1	308	5.8e-87	323.2
SRR10507662|k141_17738_1	satD|MDO5033864.1	40.2	199	110	4	1	190	7	205	1.8e-27	124.8
SRR10507662|k141_32127_3	siaM|siaM_9480_bv	100.0	420	0	0	1	420	1	420	1.0e-227	791.2
SRR10507662|k141_2364_30	kpsD|kpsD_6685_bv	77.8	800	167	6	1	791	1	798	0.0e+00	1201.0
SRR10507662|k141_2415_1	nanU|nanU_338656_bv	99.7	358	1	0	16	373	1	358	3.1e-212	739.6
SRR10507662|k141_32250_52	SIAE|SIAE_79321_bv	100.0	473	0	0	1	473	12	484	1.8e-289	996.5
SRR10507662|k141_32250_81	nanU|nanU_453965_bv	41.1	593	309	10	1	583	2	564	3.9e-121	437.6
SRR10507662|k141_47075_1	kpsT|kpsT_10521_bv	46.0	237	127	1	4	239	2	238	3.0e-62	240.7
SRR10507662|k141_2436_29	nanU|nanU_573757_bv	63.5	496	175	3	16	505	10	505	8.5e-189	662.1
SRR10507662|k141_17857_163	siaP|siaP_194100_bv	44.8	252	133	4	85	331	2	252	1.6e-55	218.8
SRR10507662|k141_17857_164	siaQ|siaQ_397682_bv	52.4	147	69	1	3	149	6	151	1.9e-33	144.4
SRR10507662|k141_17857_165	siaM|siaM_403770_bv	100.0	433	0	0	1	433	1	433	8.8e-227	788.1
SRR10507662|k141_17857_197	siaP|siaP_108089_bv	46.1	245	131	1	95	338	1	245	2.0e-56	221.9
SRR10507662|k141_17857_202	siaT|siaT_55802_uniprot	100.0	429	0	0	1	429	1	429	2.8e-233	809.7
SRR10507662|k141_47193_1	siaM|siaM_470533_bv	91.2	171	1	1	1	157	1	171	2.5e-78	293.5
SRR10507662|k141_47216_22	neuB|neuB_19920_bv	47.4	342	170	1	5	336	19	360	5.1e-89	330.1
SRR10507662|k141_47216_25	neuA|neuA_36635_bv	51.6	250	97	1	1	226	2	251	2.3e-64	247.7
SRR10507662|k141_47216_57	nanU|nanU_143700_bv	97.6	501	12	0	46	546	1	501	5.6e-295	1015.0
SRR10507662|k141_2443_25	nanU|nanU_302020_bv	40.3	575	301	17	21	586	6	547	5.7e-104	380.6
SRR10507662|k141_2443_38	nanE|nanE_2664_bv	100.0	234	0	0	1	234	1	234	9.5e-135	481.5
SRR10507662|k141_2443_44	nanU|nanU_580564_bv	89.0	483	53	0	10	492	12	494	6.6e-255	881.7
SRR10507662|k141_2443_175	nanU|nanU_624126_bv	100.0	496	0	0	1	496	3	498	1.6e-301	1036.6
SRR10507662|k141_2455_6	siaQ|siaQ_164003_bv	40.6	143	85	0	7	149	13	155	7.1e-25	115.9
SRR10507662|k141_2455_7	siaT|siaT_44249_uniprot	100.0	428	0	0	1	428	1	428	2.0e-178	627.5
SRR10507662|k141_2487_2	siaM|siaM_6138_bv	100.0	431	0	0	1	431	1	431	1.1e-232	807.7
SRR10507662|k141_2487_3	siaQ|siaQ_456154_bv	44.3	149	83	0	10	158	8	156	9.3e-33	142.1
SRR10507662|k141_2487_4	siaP|siaP_225879_bv	47.2	362	185	4	1	359	1	359	4.6e-91	337.0
SRR10507662|k141_47292_25	nanU|nanU_256107_bv	42.5	557	285	8	20	560	11	548	2.9e-105	384.8
SRR10507662|k141_47292_58	nanU|nanU_490771_bv	82.4	507	89	0	31	537	2	508	6.8e-261	901.7
SRR10507662|k141_47292_70	nanU|nanU_493812_bv	45.2	493	251	5	19	511	28	501	2.5e-111	404.8
SRR10507662|k141_32459_1	ompF|ompF_1417_bv	66.0	197	65	1	1	197	37	231	3.3e-72	273.5
SRR10507662|k141_2565_4	nanQ|nanQ_827_uniprot	100.0	152	0	0	1	152	1	152	1.7e-84	313.9
SRR10507662|k141_32552_1	nanK|nanK_6397_bv	76.3	186	44	0	1	186	1	186	2.5e-77	290.4
SRR10507662|k141_32552_2	nanE|nanE_36157_bv	96.4	139	5	0	1	139	35	173	1.5e-74	280.8
SRR10507662|k141_18071_2	nagA|nagA_6810_bv	100.0	383	0	0	1	383	1	383	9.9e-222	771.2
SRR10507662|k141_18071_176	nanH|nanH_65800_bv	92.2	562	44	0	2	563	1	562	0.0e+00	1106.3
SRR10507662|k141_18071_194	nagA|nagA_1968_bv	100.0	388	0	0	1	388	1	388	1.3e-226	787.3
SRR10507662|k141_47396_16	nanU|nanU_133143_bv	99.4	500	3	0	50	549	1	500	4.0e-301	1035.4
SRR10507662|k141_47396_28	SIAE|SIAE_34878_bv	100.0	509	0	0	1	509	1	509	1.5e-310	1066.6
SRR10507662|k141_47396_33	SIAE|SIAE_30345_refseq	100.0	274	0	0	1	274	10	283	7.9e-157	555.1
SRR10507662|k141_47407_1	satA|WP_295910075.1	82.2	426	75	1	1	426	1	425	5.1e-187	656.0
SRR10507662|k141_47436_1	kpsD|kpsD_1302_bv	53.5	751	343	4	1	750	52	797	9.6e-229	795.4
SRR10507662|k141_18160_2	nanU|nanU_391590_bv	50.4	516	238	10	13	524	1	502	1.1e-135	485.7
SRR10507662|k141_32690_3	kpsM|kpsM_234_bv	50.6	253	125	0	1	253	9	261	2.8e-63	244.2
SRR10507662|k141_32690_4	kpsT|kpsT_34_bv	100.0	221	0	0	1	221	1	221	9.3e-124	444.9
SRR10507662|k141_32690_5	kpsE|kpsE_7134_bv	54.6	372	166	2	25	393	14	385	1.0e-101	372.5
SRR10507662|k141_32690_6	kpsD|kpsD_10761_bv	99.8	490	1	0	116	605	2	491	8.7e-273	941.4
SRR10507662|k141_32695_16	nanU|nanU_428199_bv	51.0	543	255	4	20	561	19	551	2.7e-159	564.3
SRR10507662|k141_32695_21	nanU|nanU_309679_bv	63.0	554	198	4	1	549	1	552	5.1e-203	709.5
SRR10507662|k141_32695_26	nanK|nanK_24160_bv	41.6	310	169	4	6	315	5	302	1.9e-61	238.4
SRR10507662|k141_47479_16	nanE|nanE_38722_bv	100.0	242	0	0	1	242	11	252	1.4e-136	487.6
SRR10507662|k141_32801_4	siaP|siaP_719238_bv	86.4	235	32	0	1	235	1	235	1.8e-107	391.3
SRR10507662|k141_32844_1	SIAE|SIAE_81893_bv	97.9	524	11	0	1	524	1	524	6.4e-312	1071.2
SRR10507662|k141_18197_21	nanU|nanU_92361_bv	61.7	582	210	4	1	572	8	586	1.9e-205	717.6
SRR10507662|k141_18197_40	nanU|nanU_566500_bv	88.5	480	55	0	32	511	1	480	1.7e-253	877.1
SRR10507662|k141_18197_74	nanU|nanU_247095_bv	50.8	488	215	10	3	485	1	468	1.1e-127	459.1
SRR10507662|k141_32883_3	satB|MBO2532523.1	43.8	322	169	2	1	319	1	313	4.5e-71	270.4
SRR10507662|k141_32892_1	nanU|nanU_57295_bv	61.1	373	135	6	1	373	75	437	2.8e-120	434.1
SRR10507662|k141_47587_124	satD|HJG53471.1	40.5	190	107	3	28	213	37	224	7.3e-26	119.8
SRR10507662|k141_2906_5	nanQ|nanQ_7303_uniprot	98.8	162	2	0	1	162	1	162	1.5e-94	347.4
SRR10507662|k141_47631_6	nanR|nanR_2044_bv	43.2	229	126	2	18	242	8	236	4.9e-41	170.2
SRR10507662|k141_32893_2	siaM|siaM_87957_bv	100.0	425	0	0	1	425	1	425	6.8e-224	778.5
SRR10507662|k141_32893_3	siaP|siaP_590789_bv	61.6	307	118	0	36	342	23	329	1.8e-102	374.8
SRR10507662|k141_32893_29	siaQ|siaQ_175057_bv	77.9	163	36	0	1	163	1	163	2.0e-67	257.3
SRR10507662|k141_32893_30	siaM|siaM_24379_bv	100.0	427	0	0	1	427	1	427	2.4e-221	770.0
SRR10507662|k141_47659_1	satD|GAB3624202.1	51.7	240	107	2	34	265	34	272	4.1e-59	230.7
SRR10507662|k141_2966_1	siaP|siaP_401575_bv	72.0	107	30	0	1	107	2	108	7.7e-39	161.8
SRR10507662|k141_32964_1	siaP|siaP_644031_bv	67.9	237	76	0	36	272	1	237	1.4e-92	341.7
SRR10507662|k141_32985_4	satB|HJS30898.1	41.2	323	178	3	6	328	4	314	2.5e-56	221.5
SRR10507662|k141_18375_6	nanE|nanE_38437_bv	99.0	104	1	0	1	104	8	111	2.0e-52	206.8
SRR10507662|k141_33001_2	siaM|siaM_23_bv	100.0	621	0	0	1	621	1	621	0.0e+00	1172.1
SRR10507662|k141_18444_2	SIAE|SIAE_78572_bv	97.2	212	6	0	42	253	1	212	5.0e-121	436.0
SRR10507662|k141_33071_1	satD|WP_093248754.1	42.9	233	124	3	17	243	13	242	1.0e-46	189.1
SRR10507662|k141_33075_1	nagB|nagB_111693_bv	49.2	118	60	0	3	120	4	121	5.8e-22	106.3
SRR10507662|k141_33084_33	nanK|nanK_28066_bv	43.3	305	158	6	7	311	5	294	2.1e-52	208.4
SRR10507662|k141_33084_57	satD|WP_251840777.1	43.3	263	142	4	3	260	2	262	6.9e-56	219.9
SRR10507662|k141_47894_3	siaM|siaM_10867_bv	100.0	435	0	0	1	435	1	435	5.0e-230	798.9
SRR10507662|k141_47894_4	siaQ|siaQ_49802_bv	55.1	178	80	0	2	179	3	180	5.1e-51	203.0
SRR10507662|k141_3036_6	neuB|neuB_19920_bv	52.9	340	150	1	21	350	18	357	2.0e-96	354.8
SRR10507662|k141_3036_8	neuA|neuA_18956_bv	85.2	230	6	1	1	230	1	202	2.9e-104	380.2
SRR10507662|k141_3051_1	nanE|nanE_14396_bv	98.6	71	1	0	1	71	1	71	4.6e-32	138.7
SRR10507662|k141_47908_49	nanU|nanU_389358_bv	40.0	540	288	8	1	538	1	506	1.5e-106	389.0
SRR10507662|k141_48028_4	satD|WP_144591788.1	40.5	215	117	5	21	227	24	235	2.2e-27	124.8
SRR10507662|k141_18613_78	siaM|siaM_2672_bv	100.0	427	0	0	1	427	1	427	8.7e-227	788.1
SRR10507662|k141_18624_5	nanU|nanU_345231_bv	55.7	548	233	8	1	544	1	542	2.7e-172	607.4
SRR10507662|k141_18645_11	nagB|nagB_8445_bv	100.0	241	0	0	1	241	1	241	4.0e-136	486.1
SRR10507662|k141_33218_2	siaQ|siaQ_366544_bv	100.0	168	0	0	1	168	1	168	2.8e-88	326.6
SRR10507662|k141_3169_2	neuB|neuB_4379_bv	100.0	352	0	0	1	352	1	352	1.8e-206	720.3
SRR10507662|k141_33265_39	siaP|siaP_142457_bv	97.8	268	6	0	106	373	1	268	4.9e-149	529.6
SRR10507662|k141_33265_40	siaQ|siaQ_282843_bv	48.9	176	88	1	2	175	1	176	5.3e-45	183.0
SRR10507662|k141_33265_41	siaM|siaM_5787_bv	100.0	430	0	0	1	430	1	430	7.2e-213	741.9
SRR10507662|k141_33326_1	nanU|nanU_135524_bv	99.8	421	1	0	1	421	74	494	2.8e-249	862.8
SRR10507662|k141_33368_3	nanR|nanR_6468_uniprot	42.4	229	131	1	9	236	18	246	9.4e-45	182.6
SRR10507662|k141_33398_1	siaT|siaT_38159_uniprot	100.0	433	0	0	12	444	1	433	4.5e-234	812.4
SRR10507662|k141_48414_2	satB|WP_210106661.1	40.7	305	157	3	1	305	1	281	2.9e-59	231.1
SRR10507662|k141_48429_1	nagB|nagB_221650_bv	98.6	219	3	0	1	219	1	219	1.3e-122	441.0
SRR10507662|k141_3259_129	nanU|nanU_553723_bv	99.4	519	3	0	1	519	1	519	2.7e-307	1055.8
SRR10507662|k141_18850_6	satD|WP_373777344.1	40.0	240	128	8	11	244	32	261	3.3e-32	141.0
SRR10507662|k141_3344_53	nanU|nanU_20772_bv	100.0	530	0	0	1	530	1	530	0.0e+00	1099.3
SRR10507662|k141_33668_30	satD|WP_069102428.1	44.4	266	143	3	4	269	9	269	6.5e-60	233.4
SRR10507662|k141_18912_10	nanU|nanU_1945_bv	100.0	590	0	0	1	590	1	590	0.0e+00	1231.1
SRR10507662|k141_18912_39	nanU|nanU_587387_bv	82.4	506	89	0	1	506	1	506	2.9e-253	876.3
SRR10507662|k141_18912_70	nanU|nanU_186766_bv	99.6	516	2	0	1	516	4	519	6.0e-307	1054.7
SRR10507662|k141_18912_115	SIAE|SIAE_20500_uniprot	99.6	259	1	0	1	259	1	259	2.5e-144	513.5
SRR10507662|k141_48652_28	satD|WP_069102428.1	45.6	263	137	4	4	265	17	274	1.0e-54	216.1
SRR10507662|k141_48652_31	satB|MFN4189717.1	55.1	303	136	0	1	303	1	303	2.3e-88	327.8
SRR10507662|k141_48672_5	neuB|neuB_1561_bv	100.0	349	0	0	1	349	1	349	5.5e-203	708.8
SRR10507662|k141_3410_100	satD|WP_271417843.1	44.4	257	132	6	9	258	17	269	4.6e-52	207.2
SRR10507662|k141_33805_87	satB|WP_093192240.1	40.7	300	168	2	16	308	15	311	4.3e-58	227.3
SRR10507662|k141_33805_91	satD|WP_340447211.1	40.5	257	150	2	4	260	22	275	4.7e-47	190.7
SRR10507662|k141_19089_42	SIAE|SIAE_8367_bv	99.8	478	1	0	1	478	1	478	4.7e-290	998.4
SRR10507662|k141_19089_43	nanU|nanU_329186_bv	70.0	557	167	0	1	557	1	557	9.5e-242	838.2
SRR10507662|k141_3529_1	nanU|nanU_99223_bv	99.7	385	1	0	1	385	85	469	4.7e-224	778.9
SRR10507662|k141_48813_1	satB|MFN4189717.1	40.8	336	166	3	5	340	1	303	5.1e-68	260.4
SRR10507662|k141_48813_4	satD|WP_207616619.1	44.8	268	148	0	1	268	1	268	1.8e-62	241.9
SRR10507662|k141_48847_1	satB|WP_034464742.1	100.0	266	0	0	1	266	1	266	7.5e-144	511.9
SRR10507662|k141_33990_1	nanE|nanE_25128_bv	100.0	158	0	0	1	158	1	158	2.6e-80	300.1
SRR10507662|k141_3531_9	nanU|nanU_17380_bv	100.0	510	0	0	1	510	1	510	1.1e-308	1060.4
SRR10507662|k141_3531_27	nanU|nanU_444742_bv	79.0	481	100	1	9	488	13	493	2.9e-226	786.6
SRR10507662|k141_19130_31	nanU|nanU_585559_bv	40.0	592	305	15	1	560	1	574	1.5e-98	362.5
SRR10507662|k141_19156_28	nanK|nanK_7216_bv	41.4	309	169	4	12	317	4	303	1.0e-57	226.1
SRR10507662|k141_19156_54	nanU|nanU_24278_bv	63.8	497	178	1	1	495	1	497	1.1e-185	651.7
SRR10507662|k141_3685_3	siaQ|siaQ_349124_bv	95.3	190	9	0	1	190	1	190	1.3e-92	341.3
SRR10507662|k141_3685_4	siaM|siaM_8747_bv	100.0	429	0	0	1	429	1	429	3.9e-227	789.3
SRR10507662|k141_34156_5	nanR|nanR_6685_uniprot	88.7	257	29	0	1	257	1	257	1.6e-119	431.0
SRR10507662|k141_34184_1	siaM|siaM_5455_bv	100.0	353	0	0	1	353	1	353	9.1e-190	664.8
SRR10507662|k141_34184_2	siaQ|siaQ_263825_bv	100.0	168	0	0	1	168	1	168	2.8e-88	326.6
SRR10507662|k141_3686_23	nanU|nanU_124334_bv	56.5	550	224	7	23	562	9	553	7.8e-175	615.9
SRR10507662|k141_49024_4	nanQ|nanQ_830_uniprot	100.0	151	0	0	1	151	1	151	2.2e-68	260.4
SRR10507662|k141_34385_1	SIAE|SIAE_51616_bv	100.0	222	0	0	1	222	20	241	4.4e-135	482.6
SRR10507662|k141_34475_1	SIAE|SIAE_32994_bv	99.8	425	1	0	1	425	39	463	1.2e-257	890.6
SRR10507662|k141_3868_109	siaP|siaP_34076_bv	42.3	317	176	4	5	315	11	326	6.7e-62	240.0
SRR10507662|k141_3868_111	siaM|siaM_8676_bv	100.0	427	0	0	1	427	1	427	5.4e-221	768.8
SRR10507662|k141_3868_155	nanK|nanK_20455_bv	40.4	314	183	2	2	311	6	319	3.2e-61	237.7
SRR10507662|k141_19381_156	nanU|nanU_403585_bv	80.7	576	94	3	4	577	1	561	2.8e-281	969.5
SRR10507662|k141_19381_179	SIAE|SIAE_1149_bv	100.0	692	0	0	1	692	1	692	0.0e+00	1446.0
SRR10507662|k141_19381_181	nanH|nanH_20964_bv	88.5	399	46	0	145	543	1	399	1.0e-203	711.8
SRR10507662|k141_19402_2	satD|WP_251509218.1	40.6	229	125	5	27	247	30	255	1.1e-30	136.0
SRR10507662|k141_34566_13	satB|MCC6703501.1	45.2	312	171	0	1	312	1	312	2.9e-70	267.7
SRR10507662|k141_19468_1	siaM|siaM_99592_bv	100.0	370	0	0	1	370	1	370	1.4e-188	661.0
SRR10507662|k141_19523_7	siaP|siaP_519859_bv	48.4	318	160	3	5	319	12	328	1.6e-79	298.5
SRR10507662|k141_19523_8	siaQ|siaQ_128776_bv	44.6	157	87	0	1	157	1	157	1.9e-28	127.9
SRR10507662|k141_19523_9	siaM|siaM_217804_bv	100.0	428	0	0	1	428	1	428	4.5e-199	696.0
SRR10507662|k141_34722_1	neuD|neuD_33_bv	100.0	206	0	0	1	206	1	206	5.0e-63	243.0
SRR10507662|k141_49264_13	nanU|nanU_601240_bv	49.1	585	266	14	10	579	9	576	3.9e-145	517.3
SRR10507662|k141_49264_15	nanU|nanU_350874_bv	57.9	589	222	7	10	578	4	586	8.2e-196	685.6
SRR10507662|k141_49264_18	SIAE|SIAE_64512_bv	44.1	637	336	8	16	638	19	649	1.0e-157	559.3
SRR10507662|k141_49264_20	SIAE|SIAE_26824_refseq	100.0	507	0	0	1	507	1	507	5.0e-306	1051.6
SRR10507662|k141_49264_56	nanU|nanU_459771_bv	73.3	551	147	0	8	558	1	551	3.6e-249	862.8
SRR10507662|k141_49264_117	nagB|nagB_1702_bv	100.0	270	0	0	1	270	1	270	5.1e-156	552.4
SRR10507662|k141_49279_2	nanU|nanU_305779_bv	60.5	598	231	3	1	598	1	593	1.4e-214	748.0
SRR10507662|k141_19658_4	nagB|nagB_8383_bv	100.0	274	0	0	1	274	1	274	1.1e-158	561.2
SRR10507662|k141_3949_1	ompC|ompC_119_bv	100.0	282	0	0	1	282	1	282	2.0e-163	577.0
SRR10507662|k141_3951_1	ompF|ompF_60602_refseq	99.6	275	1	0	1	275	1	275	6.5e-159	562.0
SRR10507662|k141_3974_1	kpsM|kpsM_913_bv	66.7	261	87	0	1	261	4	264	9.4e-99	362.1
SRR10507662|k141_4026_53	nanH|nanH_9455_bv	45.5	413	217	5	10	419	14	421	1.8e-112	408.3
SRR10507662|k141_49425_3	siaP|siaP_363964_bv	74.7	312	79	0	52	363	23	334	6.0e-136	486.1
SRR10507662|k141_49425_5	siaM|siaM_82877_bv	100.0	428	0	0	1	428	1	428	9.3e-221	768.1
SRR10507662|k141_49441_3	satB|MBI5878579.1	40.2	316	186	3	1	316	1	313	4.5e-63	243.8
SRR10507662|k141_49441_7	satD|WP_179018684.1	48.9	235	120	0	28	262	29	263	4.2e-59	230.7
SRR10507662|k141_35032_33	siaM|siaM_444934_bv	100.0	425	0	0	1	425	1	425	7.3e-226	785.0
SRR10507662|k141_35032_35	siaP|siaP_410497_bv	63.6	305	106	2	1	300	1	305	9.0e-107	389.0
SRR10507662|k141_49570_6	satB|WP_263079827.1	55.1	296	133	0	1	296	12	307	1.0e-85	318.9
SRR10507662|k141_49570_9	satD|KFC16516.1	48.3	234	119	2	19	252	40	271	3.9e-59	230.7
SRR10507662|k141_49596_2	nanU|nanU_181331_bv	45.6	478	235	9	15	483	10	471	6.4e-101	370.2
SRR10507662|k141_4219_32	satB|WP_263079827.1	80.2	308	61	0	1	308	1	308	1.5e-132	474.6
SRR10507662|k141_4219_35	satD|WP_152813345.1	45.4	262	136	2	1	256	1	261	8.1e-63	243.0
SRR10507662|k141_49665_1	nanU|nanU_28472_bv	92.7	532	39	0	1	532	35	566	7.3e-300	1031.2
SRR10507662|k141_35064_10	satB|OPL08662.1	46.8	316	156	3	1	316	1	304	2.8e-76	287.7
SRR10507662|k141_35064_13	satD|WP_125610213.1	45.6	261	137	5	7	266	13	269	4.7e-55	217.2
SRR10507662|k141_19663_27	SIAE|SIAE_523_bv	100.0	477	0	0	1	477	1	477	7.1e-286	984.6
SRR10507662|k141_19663_49	SIAE|SIAE_85672_bv	83.2	648	46	1	1	648	1	585	0.0e+00	1083.9
SRR10507662|k141_19663_57	SIAE|SIAE_20524_refseq	100.0	479	0	0	1	479	1	479	9.9e-288	990.7
SRR10507662|k141_19663_72	nanU|nanU_73051_bv	91.7	484	40	0	13	496	4	487	2.3e-271	936.4
SRR10507662|k141_19663_149	nanU|nanU_517875_bv	50.2	548	261	8	3	541	11	555	3.3e-146	520.8
SRR10507662|k141_19663_291	nanU|nanU_288776_bv	40.2	577	309	12	4	573	5	552	3.5e-114	414.5
SRR10507662|k141_19736_8	nanK|nanK_8349_bv	43.0	323	165	5	1	305	1	322	3.2e-69	264.2
SRR10507662|k141_49964_8	nagB|nagB_14171_bv	100.0	241	0	0	1	241	1	241	2.9e-134	479.9
SRR10507662|k141_49969_3	siaM|siaM_248289_bv	100.0	425	0	0	1	425	1	425	1.4e-221	770.8
SRR10507662|k141_49969_4	siaQ|siaQ_480775_bv	54.6	163	71	1	4	166	3	162	4.5e-37	156.8
SRR10507662|k141_35405_2	satB|MEZ4522357.1	41.7	319	179	2	1	319	1	312	4.6e-63	243.8
SRR10507662|k141_35405_3	satD|WP_029316627.1	48.1	233	120	1	28	260	39	270	2.1e-55	218.4
SRR10507662|k141_4471_36	neuD|neuD_9796_uniprot	75.3	215	52	1	1	214	1	215	8.6e-58	225.7
SRR10507662|k141_20087_2	nagB|nagB_35262_bv	100.0	245	0	0	1	245	1	245	2.2e-137	490.3
SRR10507662|k141_4569_8	kpsM|kpsM_245_uniprot	45.8	262	134	3	2	263	18	271	1.0e-52	209.1
SRR10507662|k141_4569_9	kpsT|kpsT_10521_bv	45.9	244	131	1	4	246	2	245	5.6e-61	236.5
SRR10507662|k141_4604_3	satB|HYU19386.1	41.9	301	161	4	1	299	24	312	6.1e-57	223.4
SRR10507662|k141_20102_10	satB|WP_263079827.1	62.0	313	114	1	1	313	1	308	1.2e-103	378.6
SRR10507662|k141_20102_13	satD|WP_335286938.1	47.9	236	119	2	23	258	43	274	1.6e-60	235.3
SRR10507662|k141_35619_1	satB|HMA59673.1	42.9	315	177	2	3	317	2	313	7.5e-66	253.1
SRR10507662|k141_35663_1	nanU|nanU_407144_bv	100.0	495	0	0	1	495	58	552	5.6e-294	1011.5
SRR10507662|k141_20213_93	nagB|nagB_178655_bv	100.0	241	0	0	1	241	9	249	9.5e-138	491.5
SRR10507662|k141_20231_7	siaT|siaT_72950_uniprot	100.0	444	0	0	1	444	1	444	5.1e-206	719.2
SRR10507662|k141_20231_41	siaQ|siaQ_202784_bv	72.5	160	44	0	1	160	1	160	2.6e-60	233.8
SRR10507662|k141_20231_42	siaM|siaM_10307_bv	100.0	436	0	0	3	438	1	436	1.7e-233	810.4
SRR10507662|k141_20231_43	siaP|siaP_60624_bv	100.0	331	0	0	1	331	1	331	2.5e-189	663.3
SRR10507662|k141_20231_55	nanQ|nanQ_4444_uniprot	92.4	157	12	0	1	157	1	157	2.6e-83	310.1
SRR10507662|k141_20279_1	nanA|nanA_49019_refseq	75.6	217	53	0	1	217	74	290	9.0e-95	348.6
SRR10507662|k141_20385_2	nanU|nanU_430973_bv	40.3	583	294	15	16	591	8	543	1.5e-104	382.5
SRR10507662|k141_4856_77	nanU|nanU_191178_bv	99.4	531	3	0	5	535	3	533	1.1e-311	1070.5
SRR10507662|k141_4856_80	nagA|nagA_6792_bv	100.0	401	0	0	1	401	1	401	7.9e-230	798.1
SRR10507662|k141_4856_81	nagA|nagA_6983_bv	100.0	388	0	0	1	388	1	388	1.4e-223	777.3
SRR10507662|k141_4856_86	nanU|nanU_410087_bv	98.7	466	6	0	39	504	1	466	3.2e-273	942.6
SRR10507662|k141_4856_93	nanU|nanU_20733_bv	100.0	519	0	0	1	519	1	519	2.3e-306	1052.7
SRR10507662|k141_4911_1	nanH|nanH_20964_bv	49.8	410	194	5	145	553	1	399	1.9e-112	408.7
SRR10507662|k141_50331_83	nanA|nanA_29593_bv	97.7	309	7	0	1	309	4	312	7.5e-172	605.1
SRR10507662|k141_50331_84	nanQ|nanQ_3945_uniprot	100.0	152	0	0	1	152	1	152	4.8e-87	322.4
SRR10507662|k141_50331_85	nanE|nanE_23510_bv	100.0	236	0	0	1	236	1	236	4.9e-131	469.2
SRR10507662|k141_50331_86	nanK|nanK_297_bv	48.4	306	153	3	5	309	3	304	1.0e-75	285.8
SRR10507662|k141_20395_13	siaQ|siaQ_76954_bv	100.0	202	0	0	1	202	1	202	6.4e-111	402.1
SRR10507662|k141_20395_14	siaM|siaM_5114_bv	100.0	428	0	0	1	428	1	428	1.4e-221	770.8
SRR10507662|k141_35763_84	nanT|nanT_1111_uniprot	98.1	429	8	0	1	429	1	429	4.8e-233	808.9
SRR10507662|k141_35763_107	siaM|siaM_38989_bv	100.0	429	0	0	1	429	1	429	6.5e-222	771.9
SRR10507662|k141_35763_120	siaQ|siaQ_81209_bv	63.3	150	55	0	1	150	1	150	1.1e-47	191.8
SRR10507662|k141_35763_121	siaM|siaM_4626_bv	100.0	421	0	0	1	421	1	421	1.1e-226	787.7
SRR10507662|k141_35763_190	siaQ|siaQ_226247_bv	43.1	153	83	2	1	151	1	151	4.2e-26	120.2
SRR10507662|k141_35763_191	siaM|siaM_59280_bv	100.0	436	0	0	1	436	1	436	2.3e-235	816.6
SRR10507662|k141_35763_192	siaP|siaP_745430_bv	42.1	340	184	2	4	342	3	330	1.9e-75	285.0
SRR10507662|k141_35763_242	satB|WP_263079827.1	61.3	313	116	1	1	313	1	308	4.8e-105	383.3
SRR10507662|k141_35763_245	satD|WP_255793737.1	45.3	258	132	2	8	259	13	267	5.7e-61	236.9
SRR10507662|k141_35763_263	satD|WP_294441299.1	43.3	261	140	3	3	256	14	273	8.9e-59	229.6
SRR10507662|k141_35763_265	satB|WP_263079827.1	50.5	309	151	1	1	309	1	307	9.9e-82	305.8
SRR10507662|k141_35763_287	satB|HUX88249.1	42.1	318	177	3	4	319	2	314	3.0e-62	241.1
SRR10507662|k141_35763_291	satD|WP_136453715.1	46.6	264	136	2	1	262	1	261	1.2e-63	245.7
SRR10507662|k141_35763_381	siaQ|siaQ_462458_bv	69.9	153	46	0	1	153	1	153	1.1e-51	205.3
SRR10507662|k141_35763_382	siaM|siaM_11738_bv	100.0	435	0	0	1	435	1	435	2.1e-228	793.5
SRR10507662|k141_35765_2	siaM|siaM_42858_bv	100.0	432	0	0	1	432	1	432	8.0e-220	765.0
SRR10507662|k141_35765_3	siaQ|siaQ_809_uniprot	100.0	176	0	0	1	176	1	176	1.7e-96	354.0
SRR10507662|k141_35765_4	siaP|siaP_65744_bv	75.5	351	78	1	1	351	1	343	5.1e-148	526.2
SRR10507662|k141_50413_8	siaQ|siaQ_439419_bv	62.5	176	64	1	1	176	1	174	2.4e-53	210.7
SRR10507662|k141_50413_9	siaT|siaT_4523_uniprot	95.4	438	20	0	1	438	1	438	4.6e-215	749.2
SRR10507662|k141_20404_63	nanU|nanU_567044_bv	99.8	475	1	0	14	488	1	475	3.4e-283	975.7
SRR10507662|k141_5254_4	nanQ|nanQ_22_bv	100.0	154	0	0	1	154	1	154	7.8e-85	315.1
SRR10507662|k141_5254_5	nanK|nanK_4989_bv	100.0	291	0	0	1	291	12	302	1.3e-157	557.8
SRR10507662|k141_5254_6	nanE|nanE_8421_bv	100.0	229	0	0	1	229	33	261	8.8e-125	448.4
SRR10507662|k141_5254_7	nanT|nanT_36_bv	100.0	496	0	0	1	496	1	496	2.6e-283	976.1
SRR10507662|k141_5254_8	nanA|nanA_5472_bv	100.0	297	0	0	1	297	1	297	5.4e-167	589.0
SRR10507662|k141_5254_9	nanR|nanR_50_bv	93.5	263	17	0	1	263	1	263	5.3e-126	452.6
SRR10507662|k141_35863_48	satD|WP_230102398.1	43.8	256	139	4	1	254	5	257	2.6e-48	194.5
SRR10507662|k141_35863_60	nagB|nagB_31733_bv	100.0	242	0	0	1	242	1	242	6.0e-140	498.8
SRR10507662|k141_35863_89	satD|WP_270975481.1	44.4	261	139	2	1	256	1	260	5.4e-56	220.3
SRR10507662|k141_35863_92	satB|OPL08187.1	40.7	312	185	0	6	317	1	312	4.7e-60	233.8
SRR10507662|k141_35863_111	satD|WP_152192511.1	43.5	232	122	4	22	248	33	260	2.0e-40	168.3
SRR10507662|k141_50570_47	nanE|nanE_17823_bv	92.5	228	17	0	1	228	1	228	2.5e-119	430.3
SRR10507662|k141_50570_48	nanK|nanK_13707_bv	44.4	279	152	3	6	283	7	283	1.0e-61	239.2
SRR10507662|k141_50570_68	satD|WP_191808624.1	43.4	251	131	2	22	261	15	265	4.7e-55	217.2
SRR10507662|k141_20474_2	nanU|nanU_654913_bv	99.6	538	2	0	8	545	1	538	0.0e+00	1138.6
SRR10507662|k141_20474_102	nanU|nanU_270480_bv	43.5	545	271	14	20	555	27	543	1.2e-111	406.0
SRR10507662|k141_20495_2	satB|HET9659989.1	45.5	310	168	1	3	311	4	313	1.2e-73	278.9
SRR10507662|k141_5356_3	satD|ODT68859.1	40.4	223	127	6	22	238	37	259	7.8e-30	133.3
SRR10507662|k141_35985_4	nanU|nanU_6273_bv	78.8	449	95	0	1	449	66	514	2.4e-211	736.9
SRR10507662|k141_36025_1	nagA|nagA_17924_bv	100.0	293	0	0	1	293	37	329	2.2e-173	610.1
SRR10507662|k141_50675_19	siaQ|siaQ_124660_bv	100.0	152	0	0	1	152	1	152	2.4e-78	293.5
SRR10507662|k141_50675_20	siaM|siaM_10306_bv	100.0	426	0	0	1	426	1	426	6.6e-227	788.5
SRR10507662|k141_50675_53	kpsM|kpsM_162_bv	64.8	256	90	0	6	261	3	258	6.5e-92	339.3
SRR10507662|k141_50675_54	kpsT|kpsT_9718_bv	44.9	236	126	2	4	236	7	241	9.3e-56	219.2
SRR10507662|k141_50792_2	nanU|nanU_169095_bv	79.6	387	78	1	3	389	2	387	1.2e-179	631.3
SRR10507662|k141_5379_24	nanU|nanU_12295_bv	100.0	521	0	0	1	521	1	521	0.0e+00	1075.8
SRR10507662|k141_5379_25	nanH|nanH_15173_bv	99.7	394	1	0	147	540	1	394	4.9e-235	815.8
SRR10507662|k141_5379_27	SIAE|SIAE_7801_bv	100.0	691	0	0	1	691	1	691	0.0e+00	1442.9
SRR10507662|k141_5379_28	nanM|nanM_2289_bv	99.4	310	2	0	1	310	1	310	1.1e-183	644.8
SRR10507662|k141_5379_116	nanU|nanU_525511_bv	52.8	561	233	10	6	555	19	558	9.4e-165	582.4
SRR10507662|k141_50801_66	nagB|nagB_62438_bv	44.4	225	123	2	14	237	24	247	8.1e-49	196.1
SRR10507662|k141_50801_72	nagA|nagA_31930_refseq	98.4	377	6	0	1	377	1	377	1.0e-210	734.6
SRR10507662|k141_50801_111	nanR|nanR_4806_bv	40.6	224	120	5	1	219	3	218	3.0e-33	144.4
SRR10507662|k141_50808_1	siaP|siaP_568923_bv	99.5	214	1	0	1	214	1	214	5.9e-118	426.0
SRR10507662|k141_50808_5	siaM|siaM_459784_bv	100.0	423	0	0	1	423	1	423	9.8e-223	774.6
SRR10507662|k141_50808_6	siaQ|siaQ_2365_bv	100.0	174	0	0	1	174	1	174	2.0e-89	330.5
SRR10507662|k141_50808_7	siaP|siaP_225938_bv	52.5	297	139	2	59	354	34	329	1.1e-84	315.8
SRR10507662|k141_50820_2	kpsM|kpsM_209_bv	42.6	223	121	2	10	225	12	234	1.1e-47	192.2
SRR10507662|k141_5405_34	SIAE|SIAE_21750_bv	100.0	478	0	0	1	478	1	478	3.0e-292	1005.7
SRR10507662|k141_5405_39	nanU|nanU_461825_bv	42.0	612	300	13	18	623	3	565	3.8e-122	441.0
SRR10507662|k141_50920_8	neuD|neuD_4326_refseq	100.0	213	0	0	1	213	1	213	5.9e-99	362.5
SRR10507662|k141_51019_1	satD|WP_278012708.1	41.0	212	109	6	7	207	28	234	1.8e-28	128.3
SRR10507662|k141_5552_2	siaM|siaM_30017_bv	100.0	433	0	0	1	433	1	433	8.8e-227	788.1
SRR10507662|k141_5552_3	siaQ|siaQ_1740_bv	100.0	167	0	0	1	167	1	167	1.1e-81	304.7
SRR10507662|k141_5552_4	siaP|siaP_733330_bv	100.0	239	0	0	1	239	1	239	1.5e-130	468.0
SRR10507662|k141_36426_11	satD|WP_150381745.1	43.6	257	137	4	7	257	16	270	4.2e-53	210.7
SRR10507662|k141_36426_41	nanQ|nanQ_3947_uniprot	98.1	156	3	0	1	156	1	156	1.5e-80	300.8
SRR10507662|k141_51175_1	siaQ|siaQ_366544_bv	50.0	154	77	0	1	154	1	154	1.1e-31	138.7
SRR10507662|k141_51175_2	siaM|siaM_10571_bv	100.0	428	0	0	1	428	1	428	4.3e-218	759.2
SRR10507662|k141_20829_30	siaQ|siaQ_120781_bv	92.7	192	14	0	1	192	1	192	6.4e-92	339.0
SRR10507662|k141_20829_31	siaM|siaM_18784_bv	100.0	424	0	0	1	424	1	424	8.6e-227	788.1
SRR10507662|k141_20829_203	siaP|siaP_690391_bv	49.5	307	155	0	68	374	25	331	9.4e-84	312.8
SRR10507662|k141_20829_204	siaQ|siaQ_184336_bv	94.1	169	10	0	1	169	1	169	1.1e-84	314.7
SRR10507662|k141_20829_205	siaM|siaM_47611_bv	100.0	433	0	0	1	433	1	433	4.9e-185	649.4
SRR10507662|k141_20829_292	nanR|nanR_1411_uniprot	41.4	485	279	2	1	482	1	483	1.2e-99	365.9
SRR10507662|k141_51231_3	siaM|siaM_136596_bv	100.0	427	0	0	1	427	1	427	2.9e-230	799.7
SRR10507662|k141_51250_3	siaM|siaM_156155_bv	100.0	428	0	0	1	428	1	428	5.7e-210	732.3
SRR10507662|k141_51250_5	siaP|siaP_19087_uniprot	77.7	319	71	0	28	346	29	347	5.2e-145	516.2
SRR10507662|k141_20883_5	siaT|siaT_43946_uniprot	100.0	427	0	0	1	427	1	427	8.8e-187	655.2
SRR10507662|k141_51282_25	nanQ|nanQ_634_uniprot	100.0	149	0	0	1	149	1	149	3.2e-83	309.7
SRR10507662|k141_36454_2	nanU|nanU_338656_bv	92.0	485	39	0	16	500	1	485	2.2e-269	929.9
SRR10507662|k141_20893_40	nanU|nanU_261372_bv	62.9	528	189	2	17	538	2	528	1.1e-197	691.8
SRR10507662|k141_5607_2	nanR|nanR_6426_uniprot	49.1	218	111	0	11	228	69	286	1.4e-50	201.8
SRR10507662|k141_5627_3	nanQ|nanQ_189_bv	100.0	123	0	0	1	123	33	155	1.1e-65	251.1
SRR10507662|k141_51310_21	nagA|nagA_31524_bv	99.5	387	2	0	1	387	1	387	1.5e-225	783.9
SRR10507662|k141_51310_24	siaM|siaM_71198_bv	100.0	434	0	0	1	434	1	434	1.1e-232	807.7
SRR10507662|k141_51310_26	nagB|nagB_13912_bv	100.0	246	0	0	1	246	1	246	2.7e-140	500.0
SRR10507662|k141_51310_27	nagB|nagB_23375_bv	94.5	254	14	0	1	254	1	254	5.0e-137	489.2
SRR10507662|k141_20962_3	nanU|nanU_295025_bv	99.4	508	3	0	22	529	1	508	6.6e-301	1034.6
SRR10507662|k141_36634_6	siaM|siaM_21885_bv	77.1	424	97	0	1	424	1	424	9.4e-173	608.6
SRR10507662|k141_51441_4	nanR|nanR_6428_uniprot	54.5	231	104	1	11	241	73	302	5.0e-62	240.0
SRR10507662|k141_5805_7	nanK|nanK_7216_bv	40.8	309	171	4	12	317	4	303	4.5e-58	227.3
SRR10507662|k141_5805_22	nanU|nanU_332844_bv	71.9	516	133	2	1	515	10	514	1.4e-231	804.3
SRR10507662|k141_36655_12	nanU|nanU_256107_bv	41.0	576	295	19	6	564	1	548	1.0e-102	376.3
SRR10507662|k141_36655_76	nanU|nanU_497957_bv	76.1	486	115	1	11	496	2	486	1.4e-220	767.7
SRR10507662|k141_36655_84	nanU|nanU_317574_bv	99.0	511	5	0	1	511	6	516	8.6e-306	1050.8
SRR10507662|k141_21109_113	nanQ|nanQ_45_uniprot	100.0	146	0	0	1	146	1	146	5.1e-78	292.4
SRR10507662|k141_5915_50	nagA|nagA_95731_bv	99.2	381	3	0	1	381	1	381	2.6e-214	746.5
SRR10507662|k141_5935_1	nanQ|nanQ_2225_bv	99.3	151	1	0	1	151	1	151	4.6e-82	305.8
SRR10507662|k141_36720_1	nanK|nanK_6215_bv	40.6	256	138	6	1	248	1	250	6.3e-44	179.9
SRR10507662|k141_21154_24	nagA|nagA_15541_bv	100.0	379	0	0	1	379	1	379	4.7e-224	778.9
SRR10507662|k141_21154_28	nagB|nagB_61425_bv	100.0	242	0	0	1	242	1	242	2.1e-140	500.4
SRR10507662|k141_36770_2	satB|HCO70011.1	48.7	312	159	1	1	312	1	311	1.0e-75	285.8
SRR10507662|k141_5965_2	nanU|nanU_279282_bv	84.7	535	82	0	17	551	9	543	1.8e-280	966.8
SRR10507662|k141_5967_3	nanK|nanK_7216_bv	41.5	313	163	6	8	313	4	303	5.4e-56	220.3
SRR10507662|k141_5979_2	nanU|nanU_149192_bv	66.5	573	190	1	3	575	2	572	5.4e-232	805.8
SRR10507662|k141_36894_2	nanU|nanU_61232_bv	100.0	520	0	0	1	520	1	520	1.5e-310	1066.6
SRR10507662|k141_36894_3	nanU|nanU_41865_bv	100.0	523	0	0	1	523	1	523	7.7e-310	1064.3
SRR10507662|k141_36955_1	siaP|siaP_610700_bv	80.3	183	34	1	1	183	1	181	1.9e-82	307.4
SRR10507662|k141_51678_10	nanR|nanR_3018_uniprot	77.8	221	49	0	8	228	6	226	7.2e-87	322.4
SRR10507662|k141_21181_115	satD|WP_132501181.1	40.4	225	126	6	19	236	39	262	4.8e-33	143.7
SRR10507662|k141_21181_333	nanQ|nanQ_7443_uniprot	98.7	158	2	0	1	158	1	158	1.6e-88	327.4
SRR10507662|k141_21194_1	satD|WP_019192916.1	45.4	229	123	2	1	228	34	261	3.4e-44	180.6
SRR10507662|k141_37008_1	satD|WP_227924124.1	45.3	190	103	1	1	189	77	266	1.5e-40	168.7
SRR10507662|k141_51710_2	siaP|siaP_344261_bv	83.4	235	39	0	100	334	6	240	2.8e-111	404.1
SRR10507662|k141_51710_3	siaQ|siaQ_16147_bv	100.0	167	0	0	1	167	1	167	5.7e-81	302.4
SRR10507662|k141_51710_4	siaM|siaM_2109_bv	100.0	433	0	0	1	433	1	433	6.3e-225	781.9
SRR10507662|k141_21239_1	nanE|nanE_3313_bv	100.0	229	0	0	1	229	1	229	6.1e-126	452.2
SRR10507662|k141_51714_1	nanE|nanE_5085_bv	100.0	222	0	0	1	222	1	222	1.1e-121	438.0
SRR10507662|k141_51714_2	nanK|nanK_619_uniprot	94.1	306	18	0	1	306	1	306	1.2e-161	571.2
SRR10507662|k141_51714_4	satD|MBF1086898.1	98.9	272	3	0	1	272	1	272	9.7e-147	521.5
SRR10507662|k141_6182_1	satD|WP_227924124.1	48.4	256	131	1	5	260	12	266	8.2e-68	259.6
SRR10507662|k141_6182_6	satB|HYU19386.1	41.5	316	182	2	1	316	1	313	7.5e-66	253.1
SRR10507662|k141_51810_1	kpsT|kpsT_13997_bv	49.1	222	110	1	2	220	52	273	1.4e-56	222.2
SRR10507662|k141_6201_4	nanU|nanU_387551_bv	95.4	518	24	0	22	539	1	518	1.2e-302	1040.4
SRR10507662|k141_6241_7	siaM|siaM_6131_bv	100.0	428	0	0	1	428	1	428	9.0e-224	778.1
SRR10507662|k141_6241_9	siaP|siaP_42431_bv	43.0	321	181	2	36	354	20	340	3.3e-70	267.7
SRR10507662|k141_6249_11	siaT|siaT_66880_uniprot	40.4	441	258	3	1	438	3	441	1.0e-89	332.8
SRR10507662|k141_21405_3	satB|MFN4189717.1	43.8	304	169	1	1	304	1	302	4.1e-69	263.8
SRR10507662|k141_6309_1	nagB|nagB_174189_bv	98.2	112	2	0	1	112	7	118	1.5e-58	227.3
SRR10507662|k141_37192_54	nanU|nanU_8455_bv	97.4	504	13	0	5	508	2	505	2.0e-294	1013.1
SRR10507662|k141_21463_1	siaT|siaT_57087_uniprot	43.0	186	106	0	70	255	9	194	5.7e-32	140.2
SRR10507662|k141_37221_2	siaQ|siaQ_484843_bv	94.2	172	10	0	1	172	12	183	1.2e-81	304.7
SRR10507662|k141_52024_8	satB|MFN4189717.1	43.5	324	153	2	14	337	12	305	4.0e-65	250.8
SRR10507662|k141_52024_11	satD|WP_332488897.1	45.8	262	128	2	1	249	1	261	1.1e-56	222.6
SRR10507662|k141_21485_1	nanU|nanU_21636_bv	79.5	317	63	1	31	347	42	356	1.9e-147	524.2
SRR10507662|k141_21522_1	satD|WP_242721802.1	43.3	254	133	4	6	252	19	268	2.3e-49	198.0
SRR10507662|k141_37338_8	satD|CEA06890.1	49.6	262	129	3	3	263	6	265	1.1e-59	232.6
SRR10507662|k141_21563_1	nanU|nanU_394771_bv	92.0	426	34	0	1	426	5	430	3.9e-235	815.8
SRR10507662|k141_52091_2	nanR|nanR_3529_refseq	89.5	256	27	0	16	271	4	259	1.1e-126	454.9
SRR10507662|k141_52108_5	nanU|nanU_318479_bv	71.2	517	141	3	1	509	1	517	1.3e-227	791.2
SRR10507662|k141_21564_98	nanU|nanU_574553_bv	53.5	514	213	15	20	523	16	513	3.4e-140	500.7
SRR10507662|k141_21568_1	nanU|nanU_304918_bv	88.4	550	64	0	1	550	1	550	8.7e-296	1017.7
SRR10507662|k141_37551_6	satB|WP_188865109.1	70.7	314	92	0	1	314	1	314	1.1e-114	415.2
SRR10507662|k141_52154_36	satD|WP_298128765.1	49.4	239	119	2	18	255	26	263	1.4e-59	232.3
SRR10507662|k141_52154_39	satB|MDR1520311.1	51.0	312	153	0	1	312	1	312	3.1e-83	310.8
SRR10507662|k141_52154_114	siaM|siaM_551659_bv	99.8	438	1	0	1	438	1	438	2.0e-234	813.5
SRR10507662|k141_52154_115	siaP|siaP_593426_bv	55.5	310	137	1	34	343	24	332	9.3e-94	345.9
SRR10507662|k141_6688_2	siaM|siaM_455336_bv	99.3	137	1	0	1	137	3	139	2.7e-65	250.0
SRR10507662|k141_6705_2	kpsM|kpsM_162_bv	56.1	255	112	0	5	259	4	258	2.5e-75	284.3
SRR10507662|k141_21711_10	neuB|neuB_19920_bv	47.7	342	168	2	5	335	19	360	3.7e-87	323.9
SRR10507662|k141_52176_44	neuA|neuA_17279_uniprot	100.0	223	0	0	1	223	1	223	4.8e-128	459.1
SRR10507662|k141_37688_1	nanU|nanU_542251_bv	90.8	424	39	0	57	480	6	429	2.7e-229	796.6
SRR10507662|k141_21788_2	nanU|nanU_12794_bv	92.7	546	37	1	1	543	1	546	4.7e-310	1065.1
SRR10507662|k141_21841_1	nanU|nanU_413036_bv	67.6	445	144	0	1	445	121	565	8.0e-191	668.7
SRR10507662|k141_21883_1	nanU|nanU_467650_bv	98.9	454	5	0	1	454	3	456	1.7e-268	926.8
SRR10507662|k141_21915_1	SIAE|SIAE_15507_bv	99.6	280	1	0	9	288	1	280	4.9e-165	582.4
SRR10507662|k141_21972_1	siaQ|siaQ_363339_bv	91.0	134	12	0	1	134	1	134	2.3e-64	246.9
SRR10507662|k141_52428_1	siaM|siaM_1554_bv	100.0	393	0	0	1	393	1	393	1.2e-206	721.1
SRR10507662|k141_52428_2	siaQ|siaQ_682_uniprot	91.0	166	15	0	1	166	2	167	8.9e-74	278.5
SRR10507662|k141_52428_3	siaP|siaP_249471_bv	98.3	121	2	0	1	121	28	148	5.2e-60	232.3
SRR10507662|k141_7105_1	nanU|nanU_119814_bv	68.3	432	137	0	16	447	25	456	1.3e-169	598.2
SRR10507662|k141_22153_4	nanU|nanU_313406_bv	48.2	595	268	13	11	599	16	576	2.8e-146	521.2
SRR10507662|k141_22171_2	nanU|nanU_230419_bv	95.7	465	20	0	7	471	1	465	2.7e-261	902.9
SRR10507662|k141_22214_2	nagB|nagB_89689_bv	41.6	221	122	3	55	274	20	234	2.8e-37	157.9
SRR10507662|k141_37961_10	satB|WP_263079827.1	41.0	324	174	3	1	323	1	308	3.7e-60	234.2
SRR10507662|k141_52708_4	satB|HET8524126.1	40.3	320	183	2	1	320	1	312	1.7e-57	225.3
SRR10507662|k141_52725_5	siaP|siaP_133032_bv	46.5	303	161	1	41	342	26	328	1.5e-70	268.9
SRR10507662|k141_52725_6	siaQ|siaQ_10880_bv	100.0	162	0	0	1	162	1	162	2.2e-82	307.0
SRR10507662|k141_52725_7	siaM|siaM_472760_bv	98.7	151	2	0	1	151	1	151	3.0e-73	276.6
SRR10507662|k141_52796_3	neuD|neuD_4192_uniprot	100.0	208	0	0	1	208	1	208	2.5e-78	293.9
SRR10507662|k141_52801_3	siaM|siaM_10879_bv	100.0	425	0	0	1	425	1	425	1.0e-227	791.2
SRR10507662|k141_52801_4	siaQ|siaQ_9066_bv	100.0	170	0	0	1	170	1	170	6.4e-88	325.5
SRR10507662|k141_52801_5	siaP|siaP_598204_bv	45.4	304	164	1	59	362	70	371	1.9e-73	278.5
SRR10507662|k141_22356_92	satD|WP_159629515.1	40.3	206	106	3	19	207	37	242	9.0e-31	136.0
SRR10507662|k141_22377_1	satD|WP_124933466.1	48.5	237	120	1	10	246	33	267	3.3e-57	224.2
SRR10507662|k141_22431_1	nanU|nanU_535503_bv	41.4	486	259	11	1	482	19	482	1.9e-92	342.0
SRR10507662|k141_22485_10	siaP|siaP_571833_bv	98.9	268	2	1	1	268	1	267	2.3e-145	517.3
SRR10507662|k141_22485_11	siaM|siaM_171963_bv	100.0	426	0	0	1	426	1	426	3.5e-220	766.1
SRR10507662|k141_22485_12	siaQ|siaQ_3392_bv	100.0	180	0	0	1	180	1	180	1.0e-96	354.8
SRR10507662|k141_7316_3	siaM|siaM_10743_bv	100.0	370	0	0	1	370	64	433	9.0e-196	684.9
SRR10507662|k141_53036_2	nanQ|nanQ_648_uniprot	99.3	148	1	0	1	148	1	148	5.6e-80	298.9
SRR10507662|k141_22501_18	nanH|nanH_29594_bv	97.5	393	10	0	1	393	1	393	4.5e-230	798.9
SRR10507662|k141_38157_29	ompF|ompF_2254_bv	68.0	387	97	2	1	360	1	387	2.0e-144	514.2
SRR10507662|k141_7335_18	nanU|nanU_151721_bv	49.2	524	248	6	14	524	6	524	1.2e-145	518.8
SRR10507662|k141_7335_63	nanU|nanU_194521_bv	99.2	517	4	0	1	517	1	517	3.1e-311	1068.9
SRR10507662|k141_7335_69	nanU|nanU_261310_bv	99.8	458	1	0	33	490	1	458	3.2e-265	916.0
SRR10507662|k141_7335_76	nanU|nanU_298447_bv	99.4	544	3	0	1	544	1	544	0.0e+00	1135.6
SRR10507662|k141_38189_4	nanE|nanE_198_bv	100.0	229	0	0	1	229	1	229	1.2e-121	438.0
SRR10507662|k141_38191_5	nanR|nanR_6425_uniprot	91.9	235	19	0	1	235	1	235	9.6e-111	401.7
SRR10507662|k141_7362_24	neuA|neuA_11023_uniprot	43.6	211	117	2	6	215	3	212	7.2e-41	169.9
SRR10507662|k141_53235_1	nanU|nanU_527438_bv	58.6	548	224	3	2	546	36	583	2.3e-195	684.1
SRR10507662|k141_53246_7	siaP|siaP_445580_bv	98.9	270	3	0	74	343	1	270	1.5e-152	541.2
SRR10507662|k141_53246_8	siaM|siaM_12702_bv	100.0	432	0	0	1	432	1	432	1.5e-231	803.9
SRR10507662|k141_53246_9	siaQ|siaQ_83867_bv	84.7	170	26	0	1	170	16	185	7.4e-74	278.9
SRR10507662|k141_7438_1	nagB|nagB_125115_bv	99.2	126	1	0	3	128	2	127	7.4e-65	248.4
SRR10507662|k141_7582_1	siaM|siaM_18009_bv	100.0	426	0	0	1	426	1	426	6.9e-208	725.3
SRR10507662|k141_7601_1	nagA|nagA_36011_bv	100.0	390	0	0	1	390	1	390	8.2e-224	778.1
SRR10507662|k141_53578_32	siaM|siaM_432779_bv	87.3	424	54	0	1	424	1	424	6.6e-203	708.8
SRR10507662|k141_53578_33	siaQ|siaQ_562869_bv	43.7	158	87	1	4	159	1	158	1.5e-30	134.8
SRR10507662|k141_7663_4	nanU|nanU_408948_bv	83.8	544	87	1	1	543	1	544	3.5e-281	969.1
SRR10507662|k141_38285_31	nanU|nanU_403585_bv	42.1	573	293	10	2	562	16	561	4.3e-117	424.1
SRR10507662|k141_38285_64	nanU|nanU_291680_bv	42.8	493	265	8	1	490	10	488	1.1e-116	422.5
SRR10507662|k141_38285_92	nanU|nanU_302044_bv	46.7	568	276	15	2	554	10	565	1.7e-126	455.3
SRR10507662|k141_38285_120	nagA|nagA_41592_bv	100.0	391	0	0	1	391	1	391	1.4e-226	787.3
SRR10507662|k141_38285_213	nanU|nanU_449473_bv	99.8	501	1	0	1	501	4	504	4.0e-300	1031.9
SRR10507662|k141_38403_2	satD|WP_069102428.1	45.3	258	138	2	3	258	13	269	8.0e-61	236.1
SRR10507662|k141_22685_72	nagA|nagA_79562_bv	100.0	388	0	0	1	388	24	411	2.8e-224	779.6
SRR10507662|k141_22685_73	nagA|nagA_1676_bv	100.0	390	0	0	1	390	1	390	1.6e-227	790.4
SRR10507662|k141_22685_199	nanQ|nanQ_2529_uniprot	97.3	148	4	0	1	148	1	148	6.8e-78	292.0
SRR10507662|k141_7884_2	nanQ|nanQ_487_bv	100.0	154	0	0	1	154	1	154	8.9e-89	328.2
SRR10507662|k141_38466_1	nanU|nanU_313406_bv	47.8	592	278	12	7	595	13	576	5.6e-147	523.5
SRR10507662|k141_7898_23	SIAE|SIAE_45363_bv	61.1	571	184	3	1	571	1	533	7.3e-205	715.7
SRR10507662|k141_22887_2	nanU|nanU_80504_bv	63.4	574	207	3	6	576	8	581	2.0e-210	734.2
SRR10507662|k141_53834_2	siaQ|siaQ_21193_bv	100.0	167	0	0	1	167	1	167	5.9e-86	318.9
SRR10507662|k141_53834_3	siaP|siaP_26827_bv	88.2	245	29	0	91	335	1	245	2.3e-121	437.6
SRR10507662|k141_22955_2	satD|MFR3272525.1	47.1	174	90	2	2	174	57	229	1.1e-37	159.1
SRR10507662|k141_22983_40	siaT|siaT_41518_uniprot	77.9	435	96	0	4	438	2	436	4.5e-186	652.9
SRR10507662|k141_38671_28	kpsD|kpsD_13695_bv	55.2	686	304	2	37	720	137	821	1.7e-222	774.6
SRR10507662|k141_8023_32	ompF|ompF_307_bv	73.0	392	85	6	1	377	1	386	2.8e-160	567.0
SRR10507662|k141_8062_4	nanK|nanK_366_bv	48.3	315	155	2	1	307	1	315	8.6e-83	309.3
SRR10507662|k141_23090_53	siaP|siaP_449607_bv	63.5	307	111	1	65	371	33	338	4.0e-111	403.7
SRR10507662|k141_23090_55	siaM|siaM_59856_bv	100.0	428	0	0	1	428	1	428	4.6e-228	792.3
SRR10507662|k141_23090_57	nagB|nagB_83351_bv	94.3	246	14	0	3	248	1	246	3.1e-128	459.9
SRR10507662|k141_23090_58	nagA|nagA_63507_bv	100.0	391	0	0	1	391	1	391	1.2e-227	790.8
SRR10507662|k141_23149_2	nanU|nanU_27882_bv	40.1	609	331	14	1	601	1	583	5.7e-107	390.6
SRR10507662|k141_38818_1	satD|WP_053586177.1	56.5	237	102	1	34	270	43	278	1.5e-69	265.4
SRR10507662|k141_38818_4	satB|HET9659989.1	42.2	322	177	2	1	321	1	314	5.9e-58	226.9
SRR10507662|k141_38916_6	neuD|neuD_1456_refseq	85.5	214	31	0	1	214	1	214	2.3e-63	244.2
SRR10507662|k141_8066_128	satD|WP_066299715.1	47.7	256	133	1	5	260	11	265	8.0e-63	243.0
SRR10507662|k141_8066_131	satB|MFN4189717.1	47.4	304	159	1	1	304	1	303	6.3e-78	293.1
SRR10507662|k141_8066_159	satD|WP_400504934.1	40.9	264	156	0	1	264	1	264	2.4e-59	231.5
SRR10507662|k141_8066_210	siaM|siaM_46120_bv	100.0	427	0	0	1	427	1	427	6.2e-225	781.9
SRR10507662|k141_38972_2	satD|WP_080461529.1	51.3	236	111	2	23	258	46	277	2.6e-60	234.6
SRR10507662|k141_8121_24	satB|MCL2228095.1	44.4	311	165	2	1	311	1	303	3.4e-66	254.2
SRR10507662|k141_8121_28	satD|WP_245637405.1	47.8	245	123	3	22	263	30	272	2.4e-59	231.5
SRR10507662|k141_8121_53	siaQ|siaQ_967_uniprot	78.1	155	34	0	1	155	17	171	4.6e-64	246.1
SRR10507662|k141_8121_54	siaM|siaM_2556_bv	100.0	431	0	0	1	431	1	431	1.4e-227	790.8
SRR10507662|k141_8182_1	nanQ|nanQ_7362_uniprot	51.7	147	70	1	1	146	1	147	1.2e-34	148.3
SRR10507662|k141_23440_1	siaP|siaP_210315_bv	86.2	87	12	0	13	99	1	87	7.9e-40	165.2
SRR10507662|k141_8190_1	ompC|ompC_1233_uniprot	91.1	79	7	0	1	79	14	92	9.1e-37	154.5
SRR10507662|k141_54123_5	satD|WP_248257211.1	44.7	275	142	2	5	279	15	279	6.9e-62	240.0
SRR10507662|k141_54123_8	satB|WP_053206816.1	41.7	319	177	2	1	318	1	311	2.6e-53	211.5
SRR10507662|k141_23516_1	nanU|nanU_404876_bv	98.7	389	5	0	1	389	24	412	3.4e-230	799.3
SRR10507662|k141_39106_2	nanU|nanU_415551_bv	61.6	437	167	1	7	443	1	436	1.6e-151	538.1
SRR10507662|k141_39193_2	nanU|nanU_403585_bv	98.3	474	8	0	1	474	88	561	2.4e-278	959.5
SRR10507662|k141_54294_2	siaP|siaP_521763_bv	48.7	308	156	1	29	336	30	335	4.6e-82	307.0
SRR10507662|k141_54324_5	siaT|siaT_26264_uniprot	100.0	425	0	0	1	425	1	425	1.9e-229	797.0
SRR10507662|k141_54324_6	siaQ|siaQ_352_uniprot	91.6	166	14	0	1	166	1	166	5.5e-76	285.8
SRR10507662|k141_23568_10	nanU|nanU_436067_bv	42.6	531	278	14	1	509	3	528	4.6e-118	427.2
SRR10507662|k141_23573_2	nanK|nanK_7216_bv	40.9	232	127	3	12	242	4	226	4.4e-42	173.7
SRR10507662|k141_54511_1	siaQ|siaQ_368781_bv	73.3	161	43	0	1	161	1	161	1.3e-63	244.6
SRR10507662|k141_54511_2	siaP|siaP_207680_bv	67.9	187	58	1	1	187	52	236	5.7e-69	262.7
SRR10507662|k141_23627_1	siaP|siaP_270179_bv	64.9	94	33	0	1	94	33	126	4.8e-27	122.5
SRR10507662|k141_23627_2	siaQ|siaQ_209780_bv	79.2	125	26	0	1	125	1	125	4.3e-49	196.1
SRR10507662|k141_54524_4	nagB|nagB_109941_bv	60.5	228	90	0	1	228	1	228	5.6e-79	296.2
SRR10507662|k141_54524_5	nagA|nagA_100756_bv	93.7	382	24	0	1	382	1	382	6.6e-210	731.9
SRR10507662|k141_23696_3	siaT|siaT_47535_uniprot	50.2	408	197	3	5	406	19	426	2.5e-98	361.3
SRR10507662|k141_54569_2	nanE|nanE_8523_bv	100.0	193	0	0	1	193	32	224	1.2e-87	324.7
SRR10507662|k141_54648_2	satD|WP_144591788.1	44.7	226	121	4	20	242	31	255	1.3e-39	165.6
SRR10507662|k141_54698_6	siaM|siaM_34205_bv	100.0	442	0	0	1	442	1	442	2.9e-233	809.7
SRR10507662|k141_54747_1	siaM|siaM_110054_bv	100.0	426	0	0	1	426	1	426	1.3e-227	790.8
SRR10507662|k141_54747_2	siaQ|siaQ_10890_bv	100.0	176	0	0	1	176	1	176	1.5e-92	340.9
SRR10507662|k141_39661_3	nanR|nanR_1411_uniprot	49.4	480	238	4	1	477	1	478	3.1e-119	431.0
SRR10507662|k141_54864_3	nanU|nanU_24278_bv	52.8	492	219	6	1	482	1	489	1.8e-148	528.1
SRR10507662|k141_39736_1	ompF|ompF_2202_bv	100.0	232	0	0	1	232	75	306	1.0e-133	478.0
SRR10507662|k141_23861_2	SIAE|SIAE_20792_uniprot	48.7	587	285	9	30	606	10	590	3.0e-148	527.7
SRR10507662|k141_8620_63	nanU|nanU_628088_bv	99.8	484	1	0	27	510	1	484	6.8e-287	988.0
SRR10507662|k141_23875_1	nanU|nanU_434591_bv	51.2	572	257	6	4	568	19	575	3.7e-164	580.5
SRR10507662|k141_54932_42	neuB|neuB_19920_bv	48.7	343	166	1	4	336	18	360	1.6e-87	325.1
SRR10507662|k141_54932_45	neuD|neuD_1090_bv	98.1	209	4	0	1	209	1	209	1.0e-55	218.8
SRR10507662|k141_54932_46	neuB|neuB_57287_bv	96.2	346	13	0	1	346	1	346	9.0e-190	664.8
SRR10507662|k141_54932_47	neuA|neuA_54973_bv	62.5	419	156	1	1	418	3	421	1.6e-145	518.1
SRR10507662|k141_54932_48	neuC|neuC_132806_bv	95.7	391	17	0	1	391	1	391	4.1e-207	722.6
SRR10507662|k141_8699_1	nagB|nagB_123893_bv	100.0	186	0	0	1	186	1	186	5.1e-107	389.0
SRR10507662|k141_39783_39	nanK|nanK_7216_bv	41.6	310	168	5	12	318	4	303	1.0e-57	226.1
SRR10507662|k141_39783_73	nanU|nanU_617188_bv	40.3	566	292	13	9	559	2	536	5.2e-104	380.9
SRR10507662|k141_39783_82	nanU|nanU_480321_bv	54.8	493	208	8	10	494	1	486	9.3e-148	525.8
SRR10507662|k141_23948_4	siaM|siaM_124661_bv	100.0	426	0	0	1	426	1	426	1.2e-228	794.3
SRR10507662|k141_39817_1	nanQ|nanQ_259_bv	100.0	54	0	0	1	54	1	54	1.0e-23	110.5
SRR10507662|k141_39817_2	nanK|nanK_2520_bv	98.9	190	2	0	1	190	30	219	3.1e-99	363.2
SRR10507662|k141_39884_1	siaM|siaM_425178_bv	99.8	423	1	0	1	423	1	423	6.2e-209	728.8
SRR10507662|k141_39884_2	siaQ|siaQ_219558_bv	100.0	160	0	0	1	160	11	170	1.1e-86	321.2
SRR10507662|k141_8889_3	siaM|siaM_238413_bv	97.6	167	4	0	1	167	1	167	2.8e-80	300.1
SRR10507662|k141_54991_49	nanU|nanU_15141_bv	100.0	521	0	0	1	521	1	521	1.1e-311	1070.5
SRR10507662|k141_54991_64	nanU|nanU_574553_bv	50.9	536	238	7	3	538	4	514	9.5e-154	545.8
SRR10507662|k141_54991_67	SIAE|SIAE_85672_bv	49.4	648	252	5	10	653	8	583	2.9e-181	637.5
SRR10507662|k141_9079_1	nanU|nanU_68869_bv	96.6	386	13	0	33	418	1	386	1.2e-220	767.7
SRR10507662|k141_24313_2	nanK|nanK_3559_bv	100.0	294	0	0	1	294	1	294	4.7e-163	575.9
SRR10507662|k141_40113_2	satD|WP_373777344.1	40.6	224	126	6	37	254	39	261	1.1e-30	136.0
SRR10507662|k141_55077_3	satD|HJC70536.1	40.2	224	126	6	21	238	12	233	4.7e-36	153.7
SRR10507662|k141_24359_5	nanQ|nanQ_828_uniprot	99.3	149	1	0	1	149	1	149	4.3e-80	299.3
SRR10507662|k141_40138_6	satD|NLG21248.1	41.3	201	112	5	32	227	52	251	1.3e-28	129.0
SRR10507662|k141_24378_3	nanU|nanU_442946_bv	41.2	537	286	13	18	548	14	526	6.2e-100	367.1
SRR10507662|k141_9099_39	nanK|nanK_707_uniprot	55.3	349	154	1	51	397	3	351	9.9e-108	392.5
SRR10507662|k141_40239_3	nanK|nanK_28066_bv	43.5	308	160	4	6	313	4	297	1.2e-60	235.7
SRR10507662|k141_55146_7	nagA|nagA_1578_bv	100.0	387	0	0	1	387	1	387	1.3e-224	780.8
SRR10507662|k141_55146_11	nanU|nanU_256107_bv	40.8	573	300	17	7	565	1	548	1.6e-103	379.0
SRR10507662|k141_40261_1	siaP|siaP_284595_bv	94.5	128	7	0	16	143	1	128	1.0e-67	258.1
SRR10507662|k141_40272_8	nanR|nanR_6692_uniprot	96.7	239	8	0	1	239	1	239	1.4e-125	451.1
SRR10507662|k141_40362_1	satD|GAB3794624.1	40.4	188	102	4	26	203	27	214	1.3e-26	122.1
SRR10507662|k141_55328_1	satB|HYI23826.1	40.8	316	178	2	1	308	1	315	1.5e-55	218.8
SRR10507662|k141_9273_1	kpsD|kpsD_6685_bv	99.0	608	6	0	1	608	1	608	0.0e+00	1184.1
SRR10507662|k141_9317_2	kpsE|kpsE_574_bv	100.0	354	0	0	1	354	1	354	4.6e-181	636.0
SRR10507662|k141_24801_1	satB|MBI5878579.1	42.7	307	173	1	1	304	1	307	1.3e-62	242.3
SRR10507662|k141_55360_38	nanU|nanU_18161_bv	100.0	495	0	0	1	495	1	495	1.4e-292	1006.9
SRR10507662|k141_40584_1	siaP|siaP_578646_bv	91.4	151	13	0	1	151	6	156	3.1e-78	293.1
SRR10507662|k141_40585_2	nagA|nagA_7844_bv	100.0	383	0	0	1	383	4	386	4.1e-220	765.8
SRR10507662|k141_24853_5	nanU|nanU_417678_bv	47.5	600	279	14	6	585	7	590	7.6e-141	503.1
SRR10507662|k141_55497_1	nanU|nanU_572409_bv	41.2	459	236	9	50	496	138	574	1.1e-90	336.3
SRR10507662|k141_24912_12	nanR|nanR_2828_uniprot	100.0	245	0	0	1	245	5	249	4.2e-133	476.1
SRR10507662|k141_24924_3	nanU|nanU_181331_bv	58.3	489	189	6	1	488	54	528	1.6e-152	541.6
SRR10507662|k141_40785_1	satD|WP_075379571.1	48.9	231	113	3	1	230	44	270	1.4e-55	218.8
SRR10507662|k141_24941_89	siaP|siaP_126597_bv	87.9	240	29	0	94	333	1	240	1.8e-118	427.9
SRR10507662|k141_24941_90	siaQ|siaQ_119221_bv	100.0	160	0	0	1	160	1	160	4.2e-81	302.8
SRR10507662|k141_24941_91	siaM|siaM_117856_bv	99.8	435	1	0	1	435	1	435	4.7e-212	739.2
SRR10507662|k141_9594_31	nagB|nagB_13468_bv	100.0	271	0	0	1	271	1	271	3.9e-156	552.7
SRR10507662|k141_9613_2	nanU|nanU_14067_bv	56.6	463	194	5	15	473	33	492	7.0e-153	542.7
SRR10507662|k141_9651_1	siaM|siaM_8086_bv	100.0	334	0	0	1	334	100	433	3.0e-174	613.2
SRR10507662|k141_9656_2	nanU|nanU_128276_bv	55.0	442	198	1	1	442	27	467	3.3e-144	513.8
SRR10507662|k141_55635_57	nanU|nanU_113029_bv	64.6	522	183	2	1	521	1	521	1.8e-205	717.6
SRR10507662|k141_9722_5	siaM|siaM_133282_bv	100.0	432	0	0	1	432	1	432	2.0e-234	813.5
SRR10507662|k141_9722_6	siaQ|siaQ_90918_bv	57.8	187	76	1	1	184	1	187	1.1e-48	195.3
SRR10507662|k141_41013_2	nanU|nanU_548158_bv	40.7	634	292	21	22	643	17	578	3.1e-111	404.8
SRR10507662|k141_41043_1	siaT|siaT_47535_uniprot	49.9	345	160	3	4	339	3	343	3.4e-77	290.8
SRR10507662|k141_9800_23	nanR|nanR_6055_uniprot	41.0	222	130	1	19	240	24	244	5.9e-34	146.7
SRR10507662|k141_41111_1	kpsM|kpsM_197_bv	100.0	249	0	0	1	249	1	249	2.3e-126	453.8
SRR10507662|k141_41130_1	satD|WP_217389445.1	49.8	219	110	0	7	225	56	274	6.3e-52	206.5
SRR10507662|k141_9865_5	satD|WP_115412169.1	40.5	227	129	5	56	277	45	270	5.5e-36	153.7
SRR10507662|k141_25196_177	satB|HYI23826.1	41.5	316	176	2	1	308	1	315	4.6e-60	233.8
SRR10507662|k141_25196_180	satD|WP_237188952.1	43.7	222	125	0	11	232	44	265	2.9e-42	174.5
SRR10507662|k141_55761_2	satD|WP_136640697.1	43.4	228	128	1	25	251	32	259	5.6e-46	186.8
SRR10507662|k141_25222_1	siaM|siaM_13338_bv	99.7	351	1	0	1	351	1	351	6.8e-177	622.1
SRR10507662|k141_25222_2	siaQ|siaQ_466239_bv	40.3	139	78	2	19	156	25	159	1.4e-20	101.7
SRR10507662|k141_41172_65	nanU|nanU_363656_bv	53.0	583	254	11	1	567	1	579	2.9e-169	597.4
SRR10507662|k141_41172_69	SIAE|SIAE_31411_refseq	100.0	276	0	0	1	276	1	276	4.1e-153	542.7
SRR10507662|k141_41172_71	nagA|nagA_14756_bv	100.0	395	0	0	1	395	1	395	1.7e-229	797.0
SRR10507662|k141_41172_72	nagB|nagB_65838_bv	100.0	255	0	0	1	255	1	255	3.1e-147	523.1
SRR10507662|k141_25410_6	nagA|nagA_79702_bv	97.1	384	11	0	1	384	1	384	1.9e-217	756.9
SRR10507662|k141_25531_1	ompC|ompC_8393_bv	99.3	139	1	0	2	140	9	147	6.0e-76	285.4
SRR10507662|k141_25532_1	ompC|ompC_5990_bv	94.5	219	11	1	1	219	86	303	2.7e-115	416.8
SRR10507662|k141_25549_1	SIAE|SIAE_6560_bv	95.0	420	21	0	1	420	1	420	8.8e-240	831.2
SRR10507662|k141_25549_3	nanH|nanH_15173_bv	90.4	394	37	1	146	539	1	393	6.5e-211	735.7
SRR10507662|k141_9989_74	SIAE|SIAE_2312_refseq	100.0	267	0	0	1	267	2	268	4.9e-159	562.4
SRR10507662|k141_9989_90	nanU|nanU_79405_bv	99.8	519	1	0	10	528	1	519	4.3e-308	1058.5
SRR10507662|k141_25652_1	neuC|neuC_7264_bv	100.0	383	0	0	1	383	13	395	2.3e-223	776.5
SRR10507662|k141_25669_2	nagA|nagA_27169_bv	100.0	325	0	0	1	325	66	390	1.4e-189	664.1
SRR10507662|k141_56170_2	nanU|nanU_306957_bv	100.0	561	0	0	1	561	1	561	0.0e+00	1145.2
SRR10507662|k141_9994_85	nanU|nanU_632136_bv	51.4	535	246	6	9	541	12	534	1.7e-158	561.6
SRR10507662|k141_25753_2	nanU|nanU_302044_bv	46.8	539	259	14	1	525	41	565	3.0e-120	434.5
SRR10507662|k141_41677_1	siaM|siaM_45946_bv	100.0	426	0	0	1	426	1	426	1.3e-225	784.3
SRR10507662|k141_41677_2	siaQ|siaQ_275838_bv	64.6	175	62	0	1	175	1	175	3.5e-60	233.4
SRR10507662|k141_10117_3	nagB|nagB_118056_bv	98.7	226	3	0	1	226	1	226	9.5e-128	458.4
SRR10507662|k141_41794_1	kpsD|kpsD_3401_bv	63.2	468	166	3	57	521	51	515	2.0e-172	607.8
SRR10507662|k141_10165_1	nagA|nagA_603_bv	100.0	284	0	0	1	284	106	389	8.2e-165	581.6
SRR10507662|k141_25894_1	nagA|nagA_47631_bv	99.3	294	2	0	1	294	95	388	1.5e-164	580.9
SRR10507662|k141_10319_3	SIAE|SIAE_1564_bv	100.0	410	0	0	1	410	60	469	8.3e-251	867.8
SRR10507662|k141_41897_16	kpsD|kpsD_4958_bv	65.2	794	275	1	30	823	5	797	1.1e-305	1051.2
SRR10507662|k141_41897_24	nanH|nanH_20964_bv	77.4	399	90	0	163	561	1	399	1.2e-188	661.8
SRR10507662|k141_41897_27	nanM|nanM_3259_bv	40.0	355	191	8	46	400	19	351	3.0e-64	248.1
SRR10507662|k141_41897_29	SIAE|SIAE_26525_bv	100.0	686	0	0	1	686	1	686	0.0e+00	1427.9
SRR10507662|k141_41897_31	nanU|nanU_151621_bv	77.3	543	123	0	1	543	1	543	1.2e-260	901.0
SRR10507662|k141_41951_1	nagB|nagB_213809_bv	58.5	234	97	0	4	237	5	238	1.6e-76	288.1
SRR10507662|k141_41957_2	satD|WP_124824862.1	40.0	235	131	7	17	242	38	271	4.1e-32	140.6
SRR10507662|k141_26120_5	nanM|nanM_2289_bv	57.8	315	128	2	1	315	1	310	6.7e-104	379.8
SRR10507662|k141_56355_30	siaT|siaT_55814_uniprot	99.8	429	1	0	1	429	1	429	1.2e-228	794.3
SRR10507662|k141_56355_31	siaQ|siaQ_298229_bv	78.0	150	33	0	11	160	11	160	4.0e-63	243.0
SRR10507662|k141_56355_32	siaP|siaP_696401_bv	43.9	244	119	4	1	243	1	227	1.1e-51	206.1
SRR10507662|k141_56355_66	nanQ|nanQ_295_bv	100.0	151	0	0	1	151	1	151	1.1e-83	311.2
SRR10507662|k141_56355_163	siaM|siaM_14009_bv	99.8	435	1	0	1	435	1	435	2.5e-221	770.0
SRR10507662|k141_56355_164	siaQ|siaQ_411681_bv	65.8	155	53	0	2	156	11	165	1.4e-52	208.0
SRR10507662|k141_56355_165	siaP|siaP_364512_bv	76.8	340	79	0	1	340	1	340	1.3e-148	528.1
SRR10507662|k141_56355_188	siaP|siaP_99094_bv	83.7	245	40	0	95	339	1	245	1.2e-114	415.2
SRR10507662|k141_56355_189	siaQ|siaQ_25443_bv	100.0	167	0	0	1	167	1	167	2.2e-85	317.0
SRR10507662|k141_56355_190	siaM|siaM_16046_bv	100.0	435	0	0	1	435	1	435	2.1e-228	793.5
SRR10507662|k141_42004_1	nanH|nanH_30476_bv	100.0	107	0	0	1	107	2	108	1.3e-59	230.7
SRR10507662|k141_26449_1	nanH|nanH_39602_bv	72.9	340	90	1	2	341	62	399	2.7e-149	530.4
SRR10507662|k141_42191_6	siaM|siaM_30461_bv	100.0	390	0	0	1	390	1	390	4.1e-191	669.5
SRR10507662|k141_10628_12	nanU|nanU_587387_bv	99.4	506	3	0	1	506	1	506	5.3e-300	1031.6
SRR10507662|k141_10628_18	nanU|nanU_430414_bv	46.6	631	294	9	1	614	5	609	3.2e-158	560.8
SRR10507662|k141_10628_48	nanU|nanU_114568_bv	40.8	617	325	16	17	620	49	638	3.7e-117	424.5
SRR10507662|k141_56455_260	siaM|siaM_11826_bv	100.0	731	0	0	1	731	1	731	0.0e+00	1399.0
SRR10507662|k141_42387_6	satD|WP_271417843.1	42.8	283	136	4	3	285	13	269	4.0e-60	234.2
SRR10507662|k141_42387_9	satB|OPL08187.1	41.9	313	171	3	1	303	1	312	1.2e-57	225.7
SRR10507662|k141_42387_12	siaM|siaM_9481_bv	100.0	431	0	0	1	431	1	431	7.7e-231	801.6
SRR10507662|k141_10875_1	siaQ|siaQ_67589_bv	48.5	169	87	0	1	169	1	169	1.8e-38	161.4
SRR10507662|k141_10884_2	siaP|siaP_278922_bv	56.6	99	42	1	1	99	29	126	5.9e-25	115.5
SRR10507662|k141_10931_1	nanU|nanU_386186_bv	79.4	543	112	0	1	543	3	545	1.9e-266	920.2
SRR10507662|k141_42512_3	nagA|nagA_161891_bv	81.8	380	65	1	32	411	1	376	3.4e-180	633.3
SRR10507662|k141_10989_2	satD|WP_378813248.1	40.4	208	116	6	24	225	28	233	1.2e-26	122.5
SRR10507662|k141_42527_2	nanU|nanU_28472_bv	41.5	581	280	11	1	573	38	566	3.5e-114	414.5
SRR10507662|k141_26620_68	nanK|nanK_24160_bv	41.3	310	170	4	6	315	5	302	4.7e-60	233.8
SRR10507662|k141_26620_73	nanU|nanU_408517_bv	99.4	516	3	0	1	516	10	525	2.3e-304	1046.2
SRR10507662|k141_56639_3	satD|WP_144831408.1	43.1	232	121	4	9	229	4	235	1.8e-44	181.8
SRR10507662|k141_42584_2	nanU|nanU_24278_bv	40.1	519	281	15	1	511	1	497	6.4e-91	337.0
SRR10507662|k141_56849_1	nanU|nanU_51239_bv	75.0	412	101	1	1	410	134	545	4.0e-189	662.9
SRR10507662|k141_11131_91	siaM|siaM_91911_bv	100.0	432	0	0	16	447	1	432	5.4e-187	656.0
SRR10507662|k141_11131_92	siaQ|siaQ_82730_bv	100.0	156	0	0	1	156	1	156	1.9e-78	293.9
SRR10507662|k141_11131_93	siaP|siaP_231379_bv	66.4	357	118	2	1	355	1	357	7.4e-139	495.7
SRR10507662|k141_42707_3	SIAE|SIAE_64512_bv	55.9	651	269	5	1	634	1	650	3.9e-223	776.5
SRR10507662|k141_11160_1	kpsD|kpsD_6491_bv	97.0	691	21	0	1	691	20	710	0.0e+00	1312.4
SRR10507662|k141_26712_34	nanQ|nanQ_627_bv	100.0	151	0	0	1	151	1	151	1.9e-83	310.5
SRR10507662|k141_11171_2	nanU|nanU_293924_bv	64.6	463	160	3	71	529	2	464	8.6e-176	619.0
SRR10507662|k141_26721_1	nanM|nanM_2289_bv	56.8	271	105	4	1	271	1	259	1.8e-81	304.7
SRR10507662|k141_11179_88	nanU|nanU_151621_bv	75.9	543	131	0	1	543	1	543	6.6e-256	885.2
SRR10507662|k141_11179_96	SIAE|SIAE_3958_bv	100.0	690	0	0	1	690	1	690	0.0e+00	1451.0
SRR10507662|k141_42746_38	nanU|nanU_239142_bv	57.7	523	211	7	1	517	1	519	1.7e-168	594.7
SRR10507662|k141_42746_55	nanU|nanU_535502_bv	51.4	498	226	7	4	496	7	493	1.7e-141	505.0
SRR10507662|k141_11299_2	SIAE|SIAE_14581_uniprot	81.5	281	52	0	1	281	1	281	7.2e-138	492.3
SRR10507662|k141_42758_62	satD|MFT3889449.1	45.1	233	123	3	27	258	30	258	4.4e-50	200.7
SRR10507662|k141_26935_2	nanU|nanU_654053_bv	99.2	487	4	0	1	487	1	487	1.5e-291	1003.4
SRR10507662|k141_57004_90	siaT|siaT_47089_uniprot	67.4	427	138	1	1	426	3	429	2.4e-160	567.4
SRR10507662|k141_57004_91	siaQ|siaQ_474707_bv	42.2	147	85	0	1	147	1	147	7.1e-26	119.4
SRR10507662|k141_57004_110	satB|MEA2597038.1	42.2	308	176	1	6	311	4	311	4.8e-65	250.4
SRR10507662|k141_57004_113	satD|WP_116281743.1	48.7	232	119	0	35	266	51	282	2.4e-59	231.5
SRR10507662|k141_57004_138	satD|WP_005389043.1	44.7	264	138	2	7	270	5	260	4.0e-57	224.2
SRR10507662|k141_57004_141	satB|WP_209510972.1	44.0	309	164	4	1	306	1	303	1.9e-58	228.4
SRR10507662|k141_57004_151	nagB|nagB_194058_bv	52.4	248	118	0	1	248	1	248	1.8e-70	268.1
SRR10507662|k141_57004_163	nanQ|nanQ_7362_uniprot	50.3	151	73	2	1	150	1	150	1.3e-36	154.8
SRR10507662|k141_26999_2	kpsM|kpsM_209_bv	48.1	270	137	2	5	271	8	277	3.4e-67	257.3
SRR10507662|k141_42965_5	siaM|siaM_58103_bv	99.7	638	2	0	1	638	1	638	0.0e+00	1213.0
SRR10507662|k141_11693_1	nanU|nanU_291680_bv	46.0	389	198	5	1	388	111	488	6.1e-102	373.2
SRR10507662|k141_43096_1	siaQ|siaQ_1878_bv	100.0	133	0	0	1	133	1	133	1.8e-69	263.8
SRR10507662|k141_11758_1	siaQ|siaQ_190177_bv	90.7	151	14	0	1	151	1	151	1.8e-73	277.3
SRR10507662|k141_57399_1	nanA|nanA_10102_uniprot	49.2	126	64	0	1	126	30	155	9.9e-30	131.7
SRR10507662|k141_43149_62	satB|WP_263079827.1	55.0	309	138	1	1	309	1	308	1.5e-90	335.1
SRR10507662|k141_43149_65	satD|WP_053586177.1	51.1	235	113	2	25	259	41	273	2.4e-59	231.5
SRR10507662|k141_43149_74	siaT|siaT_47535_uniprot	52.0	425	200	3	7	427	3	427	7.1e-104	379.8
SRR10507662|k141_27416_47	nagB|nagB_173245_bv	49.6	236	119	0	1	236	1	236	6.5e-62	239.6
SRR10507662|k141_27416_50	nanU|nanU_253382_bv	97.9	522	11	0	1	522	2	523	2.9e-301	1035.8
SRR10507662|k141_57403_27	nanU|nanU_399850_bv	44.8	536	267	12	1	521	7	528	5.1e-112	407.1
SRR10507662|k141_57403_30	nanU|nanU_444296_bv	42.0	541	286	12	1	527	3	529	4.2e-98	360.9
SRR10507662|k141_57403_92	nanU|nanU_593005_bv	99.2	500	4	0	2	501	13	512	7.1e-297	1021.1
SRR10507662|k141_57403_99	nanU|nanU_378182_bv	46.0	548	271	10	16	548	3	540	5.0e-126	453.8
SRR10507662|k141_57550_4	nanU|nanU_220901_bv	66.7	493	162	1	6	498	13	503	2.3e-202	707.2
SRR10507662|k141_27534_4	siaM|siaM_114709_bv	100.0	431	0	0	1	431	1	431	5.9e-223	775.4
SRR10507662|k141_27534_5	siaQ|siaQ_149436_bv	63.6	165	60	0	1	165	1	165	6.5e-56	219.2
SRR10507662|k141_27534_6	siaP|siaP_197734_bv	57.3	117	50	0	8	124	1	117	1.5e-38	161.0
SRR10507662|k141_43468_1	nanU|nanU_536766_bv	99.6	453	2	0	1	453	37	489	1.8e-267	923.3
SRR10507662|k141_43477_4	siaP|siaP_17236_bv	100.0	331	0	0	39	369	1	331	4.0e-188	659.4
SRR10507662|k141_57704_5	SIAE|SIAE_23672_refseq	100.0	608	0	0	1	608	1	608	0.0e+00	1133.6
SRR10507662|k141_27628_20	nagB|nagB_80253_bv	84.2	297	16	1	1	266	1	297	3.8e-140	499.6
SRR10507662|k141_27628_21	nagA|nagA_54888_bv	100.0	382	0	0	1	382	21	402	1.4e-220	767.3
SRR10507662|k141_57754_2	SIAE|SIAE_7121_bv	100.0	522	0	0	1	522	1	522	0.0e+00	1075.8
SRR10507662|k141_43610_1	satD|WP_150381745.1	46.5	254	129	2	4	251	16	268	1.4e-59	231.9
SRR10507662|k141_12336_3	siaP|siaP_241302_bv	53.9	282	130	0	76	357	3	284	1.5e-86	322.0
SRR10507662|k141_57853_1	ompF|ompF_15_bv	100.0	332	0	0	1	332	31	362	1.7e-193	677.2
SRR10507662|k141_12386_23	nanU|nanU_110651_bv	50.9	534	245	6	12	538	18	541	2.0e-156	554.7
SRR10507662|k141_27708_16	nanU|nanU_642085_bv	52.3	491	224	7	19	506	3	486	1.2e-142	508.8
SRR10507662|k141_27708_88	SIAE|SIAE_85672_bv	55.6	649	212	5	1	639	1	583	4.3e-201	703.4
SRR10507662|k141_57859_107	nanU|nanU_44722_bv	99.4	516	3	0	15	530	1	516	3.9e-301	1035.4
SRR10507662|k141_12479_1	ompF|ompF_4074_bv	64.0	361	118	5	1	350	1	360	2.1e-130	467.6
SRR10507662|k141_27746_2	nagB|nagB_111265_bv	100.0	261	0	0	1	261	1	261	3.1e-150	533.1
SRR10507662|k141_27761_1	nanU|nanU_284374_bv	70.7	525	151	2	1	522	1	525	2.7e-222	773.5
SRR10507662|k141_27769_1	satD|HJB10415.1	40.4	228	130	5	15	237	34	260	1.4e-32	142.1
SRR10507662|k141_57895_2	nanQ|nanQ_374_uniprot	99.0	208	2	0	1	208	1	208	3.2e-118	426.4
SRR10507662|k141_43746_12	satB|MFN4189717.1	46.4	304	162	1	1	304	1	303	9.1e-77	289.3
SRR10507662|k141_12702_7	SIAE|SIAE_100274_bv	100.0	473	0	0	1	473	1	473	1.1e-291	1003.8
SRR10507662|k141_12702_12	nanU|nanU_295053_bv	99.1	543	5	0	1	543	1	543	0.0e+00	1129.0
SRR10507662|k141_43765_18	nagB|nagB_191421_bv	100.0	270	0	0	1	270	2	271	3.0e-156	553.1
SRR10507662|k141_27771_7	siaQ|siaQ_567565_bv	100.0	156	0	0	1	156	1	156	2.1e-77	290.4
SRR10507662|k141_27771_8	siaM|siaM_130527_bv	100.0	432	0	0	1	432	2	433	1.5e-218	760.8
SRR10507662|k141_27771_20	nanU|nanU_151621_bv	69.7	545	159	2	1	541	1	543	2.4e-226	786.9
SRR10507662|k141_27771_46	nanU|nanU_183841_bv	100.0	503	0	0	1	503	14	516	6.7e-295	1014.6
SRR10507662|k141_27826_1	siaM|siaM_453481_bv	99.2	262	2	0	2	263	1	262	1.8e-129	464.2
SRR10507662|k141_43894_6	satD|WP_230102398.1	44.8	250	137	1	7	256	11	259	9.2e-56	219.5
SRR10507662|k141_43919_4	siaQ|siaQ_10866_bv	100.0	168	0	0	1	168	1	168	6.5e-93	342.0
SRR10507662|k141_43919_5	siaM|siaM_19431_bv	100.0	433	0	0	1	433	1	433	2.3e-219	763.5
SRR10507662|k141_12971_14	nanK|nanK_581_uniprot	40.7	273	162	0	4	276	3	275	1.3e-53	212.2
SRR10507662|k141_27939_23	kpsD|kpsD_12100_bv	53.2	849	379	2	1	849	2	832	2.6e-259	897.1
SRR10507662|k141_27939_31	nanQ|nanQ_69_uniprot	100.0	148	0	0	1	148	1	148	7.0e-83	308.5
SRR10507662|k141_27939_33	nanU|nanU_378455_bv	95.8	545	23	0	1	545	1	545	0.0e+00	1083.2
SRR10507662|k141_27939_38	nanU|nanU_378455_bv	55.7	542	226	11	1	532	1	538	1.3e-166	588.6
SRR10507662|k141_12988_4	satD|WP_091608417.1	45.5	242	132	0	31	272	25	266	1.0e-52	209.5
SRR10507662|k141_12988_7	satB|MEA2384899.1	42.6	324	177	2	1	323	1	316	7.9e-55	216.5
SRR10507662|k141_27944_1	nanR|nanR_1645_uniprot	100.0	247	0	0	1	247	1	247	3.0e-139	496.5
SRR10507662|k141_27944_6	nagA|nagA_147176_bv	100.0	379	0	0	1	379	1	379	4.4e-222	772.3
SRR10507662|k141_58216_13	siaM|siaM_123706_bv	99.5	421	2	0	1	421	1	421	5.0e-211	735.7
SRR10507662|k141_58216_14	siaQ|siaQ_92527_bv	98.8	169	2	0	1	169	1	169	2.9e-93	343.2
SRR10507662|k141_58216_15	siaP|siaP_261851_bv	63.9	335	118	2	1	334	1	333	4.3e-120	433.3
SRR10507662|k141_58226_2	nanK|nanK_3586_bv	43.9	98	52	3	1	97	1	96	5.4e-15	82.4
SRR10507662|k141_13117_2	nanU|nanU_363656_bv	62.6	593	205	8	1	590	1	579	1.4e-206	721.5
SRR10507662|k141_27999_32	siaM|siaM_227120_bv	100.0	425	0	0	1	425	1	425	5.6e-226	785.4
SRR10507662|k141_43931_150	kpsD|kpsD_1302_bv	54.9	830	341	4	1	830	1	797	5.7e-259	896.0
SRR10507662|k141_43931_168	kpsM|kpsM_380_bv	54.6	284	126	1	4	287	2	282	1.6e-83	311.6
SRR10507662|k141_28058_1	nanH|nanH_7826_bv	97.1	276	8	0	1	276	86	361	1.0e-159	564.7
SRR10507662|k141_28133_25	neuB|neuB_1662_refseq	99.7	343	1	0	1	343	1	343	1.3e-188	661.0
SRR10507662|k141_28133_26	neuC|neuC_1059_refseq	99.5	377	2	0	1	377	1	377	1.4e-212	740.7
SRR10507662|k141_28133_27	neuD|neuD_117_uniprot	100.0	210	0	0	1	210	1	210	5.0e-50	199.9
SRR10507662|k141_28133_29	neuA|neuA_27784_uniprot	100.0	232	0	0	1	232	1	232	2.2e-131	470.3
SRR10507662|k141_13173_111	nanU|nanU_2491_bv	100.0	625	0	0	1	625	1	625	0.0e+00	1277.7
SRR10507662|k141_58467_2	nanU|nanU_114568_bv	42.7	613	332	11	11	611	33	638	8.6e-135	483.0
SRR10507662|k141_13204_1	satD|WP_271417843.1	46.1	206	110	1	1	206	65	269	2.9e-50	201.1
SRR10507662|k141_28153_4	neuD|neuD_10075_uniprot	99.1	211	2	0	1	211	1	211	1.8e-116	420.6
SRR10507662|k141_13254_9	nanU|nanU_601173_bv	97.5	562	14	0	1	562	12	573	0.0e+00	1135.9
SRR10507662|k141_13254_30	nanK|nanK_7216_bv	41.7	309	168	4	12	317	4	303	5.3e-59	230.3
SRR10507662|k141_58501_134	satD|WP_295893293.1	40.8	206	119	3	20	222	28	233	1.9e-31	138.3
SRR10507662|k141_13374_3	satD|MDN5900612.1	40.1	232	122	7	22	247	49	269	9.8e-32	139.4
SRR10507662|k141_13440_2	nanU|nanU_585559_bv	40.7	573	309	17	8	565	4	560	6.7e-102	373.6
SRR10507662|k141_13445_2	nanU|nanU_34700_bv	100.0	514	0	0	1	514	1	514	0.0e+00	1079.7
SRR10507662|k141_28286_1	satB|WP_263079827.1	57.0	309	132	1	1	309	1	308	7.5e-95	349.4
SRR10507662|k141_28286_4	satD|WP_245637405.1	47.7	260	128	3	7	260	15	272	3.0e-62	241.1
SRR10507662|k141_28286_106	satB|MCS6825930.1	40.2	311	180	2	9	319	8	312	3.2e-56	221.1
SRR10507662|k141_28334_1	nagB|nagB_80253_bv	89.2	297	1	1	1	266	1	297	2.2e-148	526.9
SRR10507662|k141_58807_1	nanK|nanK_30968_bv	65.4	127	32	1	7	121	1	127	1.0e-34	148.3
SRR10507662|k141_58938_41	nanU|nanU_171627_bv	99.8	493	1	0	8	500	1	493	1.0e-295	1017.3
SRR10507662|k141_58938_45	SIAE|SIAE_1141_bv	100.0	687	0	0	1	687	1	687	0.0e+00	1440.2
SRR10507662|k141_58938_48	nanM|nanM_3259_bv	40.1	359	199	6	12	370	6	348	4.2e-68	260.8
SRR10507662|k141_58938_52	nagA|nagA_3314_bv	100.0	443	0	0	1	443	1	443	5.8e-258	891.7
SRR10507662|k141_58938_67	nagB|nagB_3804_bv	100.0	263	0	0	1	263	1	263	1.9e-152	540.4
SRR10507662|k141_58938_75	nanU|nanU_536296_bv	98.5	529	8	0	1	529	1	529	0.0e+00	1093.2
SRR10507662|k141_58938_147	neuC|neuC_7905_bv	100.0	377	0	0	1	377	1	377	2.0e-219	763.5
SRR10507662|k141_58938_150	neuB|neuB_11747_bv	100.0	334	0	0	1	334	1	334	7.8e-191	668.3
SRR10507662|k141_58938_151	neuA|neuA_26556_bv	100.0	231	0	0	1	231	1	231	3.1e-130	466.5
SRR10507662|k141_13599_30	nanK|nanK_7216_bv	40.0	320	177	6	8	325	4	310	9.5e-56	219.5
SRR10507662|k141_13599_48	nanU|nanU_236219_bv	99.8	506	1	0	1	506	26	531	5.3e-300	1031.6
SRR10507662|k141_13599_50	nagB|nagB_153266_bv	100.0	270	0	0	1	270	4	273	5.1e-156	552.4
SRR10507662|k141_13599_268	nanU|nanU_484026_bv	44.5	512	259	13	12	516	8	501	7.0e-117	423.3
SRR10507662|k141_13660_1	satD|WP_299048949.1	54.1	209	94	2	6	213	37	244	8.6e-50	199.1
SRR10507662|k141_28854_86	nanU|nanU_71096_bv	42.6	622	317	18	7	622	18	605	1.1e-129	466.1
SRR10507662|k141_13848_4	nanR|nanR_3424_uniprot	100.0	238	0	0	1	238	1	238	1.4e-125	451.1
SRR10507662|k141_13854_1	neuB|neuB_52975_bv	79.5	132	27	0	1	132	13	144	2.4e-58	226.9
SRR10507662|k141_28917_1	nanE|nanE_2794_bv	100.0	224	0	0	1	224	1	224	5.7e-121	435.6
SRR10507662|k141_28917_2	nanA|nanA_5195_bv	100.0	290	0	0	1	290	1	290	3.0e-162	573.2
SRR10507662|k141_28917_3	nanQ|nanQ_894_uniprot	99.3	151	1	0	1	151	1	151	2.9e-84	313.2
SRR10507662|k141_28917_4	nanK|nanK_26739_bv	79.9	229	46	0	9	237	1	229	2.1e-105	384.4
SRR10507662|k141_28917_6	siaT|siaT_44250_uniprot	100.0	617	0	0	1	617	1	617	0.0e+00	1152.5
SRR10507662|k141_28917_7	siaP|siaP_26218_bv	100.0	330	0	0	1	330	1	330	5.4e-184	645.6
SRR10507662|k141_13867_25	nanK|nanK_22396_bv	43.3	314	178	0	6	319	3	316	8.3e-73	276.2
SRR10507662|k141_13867_26	nanE|nanE_1553_bv	100.0	246	0	0	1	246	1	246	6.9e-144	511.9
SRR10507662|k141_13867_69	nanU|nanU_45837_bv	73.6	550	145	0	1	550	1	550	8.2e-246	851.7
SRR10507662|k141_14004_6	satD|WP_207616619.1	44.3	264	144	2	1	263	5	266	2.2e-60	235.0
SRR10507662|k141_14004_9	satB|OPL08662.1	40.9	318	174	1	1	318	1	304	6.2e-60	233.4
SRR10507662|k141_28980_20	nanU|nanU_221486_bv	86.7	528	70	0	10	537	1	528	1.2e-270	934.1
SRR10507662|k141_28980_30	nanU|nanU_47572_bv	99.4	465	3	0	22	486	1	465	1.2e-272	940.6
SRR10507662|k141_28980_31	nanH|nanH_39817_bv	69.6	365	111	0	1	365	1	365	7.6e-163	575.5
SRR10507662|k141_28980_32	nanH|nanH_57852_bv	98.2	552	10	0	1	552	1	552	0.0e+00	1114.8
SRR10507662|k141_14134_4	nanU|nanU_566500_bv	94.0	480	29	0	32	511	1	480	4.9e-269	928.7
SRR10507662|k141_14166_3	nanR|nanR_6720_uniprot	98.1	266	5	0	1	266	1	266	7.0e-142	505.4
SRR10507662|k141_28987_52	nanU|nanU_272740_bv	45.2	582	294	13	1	568	5	575	2.8e-124	448.0
SRR10507662|k141_14198_1	nanH|nanH_15032_bv	100.0	422	0	0	1	422	41	462	9.1e-253	874.4
SRR10507662|k141_14198_2	nanE|nanE_3833_bv	100.0	251	0	0	1	251	1	251	1.2e-138	494.6
SRR10507662|k141_14198_3	nanA|nanA_12181_bv	100.0	305	0	0	1	305	11	315	7.2e-175	615.1
SRR10507662|k141_14198_4	nanK|nanK_13168_bv	73.7	232	61	0	62	293	2	233	2.6e-100	367.5
SRR10507662|k141_14201_1	siaQ|siaQ_512094_bv	100.0	169	0	0	1	169	1	169	6.3e-88	325.5
SRR10507662|k141_14201_2	siaM|siaM_5947_bv	100.0	422	0	0	1	422	1	422	5.4e-229	795.4
SRR10507662|k141_14332_2	ompF|ompF_123_bv	69.7	376	100	3	1	365	1	373	2.7e-136	487.3
SRR10507662|k141_14346_1	siaP|siaP_129413_bv	48.1	210	109	0	23	232	18	227	3.2e-50	200.7
SRR10507662|k141_29124_179	siaM|siaM_22171_bv	100.0	431	0	0	1	431	1	431	3.3e-226	786.2
SRR10507662|k141_29124_202	siaP|siaP_685834_bv	73.6	303	80	0	68	370	24	326	6.1e-128	459.5
SRR10507662|k141_29124_203	siaQ|siaQ_151783_bv	94.1	169	10	0	1	169	1	169	4.2e-84	312.8
SRR10507662|k141_29124_204	siaM|siaM_292315_bv	100.0	429	0	0	1	429	1	429	1.1e-226	787.7
SRR10507662|k141_29124_265	nanQ|nanQ_137_bv	100.0	154	0	0	1	154	1	154	1.3e-87	324.3
SRR10507662|k141_14454_9	nanU|nanU_71571_bv	44.7	675	352	13	1	667	1	662	3.2e-159	564.3
SRR10507662|k141_14454_198	kpsM|kpsM_242_bv	52.3	281	134	0	1	281	1	281	1.1e-81	305.4
SRR10507662|k141_14454_224	neuD|neuD_368_uniprot	100.0	201	0	0	1	201	1	201	3.8e-100	366.3
SRR10507662|k141_14454_228	SIAE|SIAE_6717_bv	100.0	480	0	0	1	480	1	480	5.6e-291	1001.5
SRR10507662|k141_14494_6	nanU|nanU_204066_bv	75.2	524	128	2	1	523	1	523	2.0e-249	863.6
SRR10507662|k141_14554_2	nanQ|nanQ_7753_uniprot	96.6	147	5	0	1	147	1	147	6.1e-79	295.4
SRR10507662|k141_14556_22	siaT|siaT_47452_uniprot	48.8	424	215	2	1	422	1	424	2.6e-98	361.3
SRR10507662|k141_14708_31	nanU|nanU_285970_bv	97.8	536	11	1	4	539	2	536	2.1e-310	1066.2
SRR10507663|k141_4602_5	nanE|nanE_21173_bv	100.0	229	0	0	1	229	2	230	7.2e-127	455.3
SRR10507663|k141_9088_44	satD|WP_075379571.1	49.8	235	113	3	23	256	40	270	7.5e-58	226.5
SRR10507663|k141_71_76	satD|WP_152813345.1	43.8	258	144	1	4	261	7	263	1.4e-59	232.3
SRR10507663|k141_9215_1	kpsM|kpsM_246_uniprot	64.6	257	89	1	7	263	4	258	1.0e-84	315.5
SRR10507663|k141_4889_1	kpsT|kpsT_13613_bv	48.2	199	102	1	18	216	45	242	8.0e-51	202.6
SRR10507663|k141_9403_2	satC|WP_251840778.1	62.2	650	236	4	4	652	1	641	3.3e-220	766.9
SRR10507663|k141_331_8	nagA|nagA_88277_bv	100.0	382	0	0	1	382	1	382	4.3e-225	782.3
SRR10507663|k141_333_1	nagA|nagA_31562_bv	100.0	299	0	0	1	299	1	299	1.2e-174	614.4
SRR10507663|k141_333_2	nagB|nagB_146718_bv	100.0	244	0	0	1	244	1	244	2.4e-136	486.9
SRR10507663|k141_5177_3	satA|MBS6976852.1	99.4	506	3	0	15	520	1	506	1.3e-296	1020.4
SRR10507663|k141_5179_2	nagA|nagA_111118_bv	100.0	386	0	0	1	386	1	386	2.2e-221	770.0
SRR10507663|k141_9621_8	nanK|nanK_19549_bv	99.6	234	1	0	1	234	1	234	6.4e-128	459.1
SRR10507663|k141_9732_1	nanU|nanU_289683_bv	100.0	475	0	0	1	475	42	516	7.5e-288	991.1
SRR10507663|k141_5695_5	nanU|nanU_305779_bv	61.0	597	229	2	1	597	1	593	6.2e-223	775.8
SRR10507663|k141_14466_3	satD|WP_271417843.1	49.1	234	115	2	24	254	37	269	2.4e-58	228.0
SRR10507663|k141_5810_3	nanK|nanK_28066_bv	43.8	304	160	3	7	310	5	297	2.0e-55	218.4
SRR10507663|k141_5934_2	nanK|nanK_7216_bv	40.5	311	171	5	8	315	4	303	1.4e-56	222.2
SRR10507663|k141_5945_8	nanK|nanK_32022_bv	71.5	253	72	0	45	297	22	274	1.4e-106	388.3
SRR10507663|k141_14750_19	siaP|siaP_129413_bv	46.9	256	135	1	88	342	18	273	1.3e-60	235.7
SRR10507663|k141_14750_20	siaQ|siaQ_327815_bv	54.5	154	67	3	5	157	9	160	3.1e-36	153.7
SRR10507663|k141_14750_21	siaT|siaT_43096_uniprot	100.0	431	0	0	1	431	1	431	2.3e-219	763.5
SRR10507663|k141_5963_45	nagB|nagB_190441_bv	100.0	233	0	0	1	233	22	254	3.9e-128	459.5
SRR10507663|k141_1266_2	nanU|nanU_79370_bv	99.0	398	4	0	1	398	69	466	2.6e-233	809.7
SRR10507663|k141_1292_1	siaQ|siaQ_189094_bv	100.0	161	0	0	1	161	1	161	1.5e-86	320.9
SRR10507663|k141_6328_1	satD|WP_227924124.1	41.1	214	121	4	1	209	49	262	8.1e-32	139.4
SRR10507663|k141_1327_4	nanA|nanA_9368_uniprot	46.1	141	70	2	3	140	1	138	1.5e-28	128.3
SRR10507663|k141_15070_2	nanK|nanK_25292_bv	80.7	243	46	1	1	243	52	293	2.2e-110	400.6
SRR10507663|k141_6457_1	SIAE|SIAE_80860_bv	93.5	310	20	0	1	310	14	323	7.0e-178	625.2
SRR10507663|k141_1808_27	nagB|nagB_69952_bv	100.0	242	0	0	1	242	1	242	1.6e-140	500.7
SRR10507663|k141_15523_2	nanU|nanU_597991_bv	54.5	602	250	8	17	609	5	591	2.3e-188	661.0
SRR10507663|k141_11521_2	siaM|siaM_69190_bv	100.0	435	0	0	1	435	1	435	5.9e-223	775.4
SRR10507663|k141_1945_1	nanU|nanU_444_bv	100.0	353	0	0	1	353	46	398	5.2e-209	728.8
SRR10507663|k141_11588_2	satB|WP_292596291.1	47.7	258	135	0	5	262	5	262	5.6e-59	229.9
SRR10507663|k141_11711_2	nanA|nanA_43723_refseq	79.2	106	22	0	1	106	9	114	1.6e-41	170.6
SRR10507663|k141_2018_67	nanE|nanE_26011_bv	100.0	227	0	0	1	227	1	227	2.0e-121	437.2
SRR10507663|k141_11729_2	nagA|nagA_110124_bv	100.0	375	0	0	1	375	1	375	5.5e-209	728.8
SRR10507663|k141_7343_2	nanU|nanU_181331_bv	77.1	533	117	1	8	540	1	528	1.1e-250	867.8
SRR10507663|k141_7358_1	nanU|nanU_18239_bv	100.0	439	0	0	1	439	1	439	1.7e-265	916.8
SRR10507663|k141_7482_2	nanK|nanK_30939_bv	98.3	234	4	0	1	234	1	234	9.5e-132	471.9
SRR10507663|k141_7512_2	nanA|nanA_79940_refseq	55.6	72	31	1	8	79	7	77	7.3e-15	82.0
SRR10507663|k141_7558_1	neuB|neuB_5972_bv	100.0	347	0	0	1	347	1	347	1.8e-201	703.7
SRR10507663|k141_12189_2	neuA|neuA_37992_bv	64.7	150	51	2	10	158	1	149	2.7e-48	193.7
SRR10507663|k141_7652_10	SIAE|SIAE_1456_refseq	98.6	276	4	0	1	276	90	365	2.4e-161	570.1
SRR10507663|k141_7840_2	nagA|nagA_3982_bv	100.0	284	0	0	1	284	1	284	3.4e-163	576.2
SRR10507663|k141_16457_2	nanA|nanA_9790_uniprot	43.7	119	67	0	13	131	9	127	1.2e-22	108.6
SRR10507663|k141_2853_1	nanK|nanK_21352_bv	64.4	247	88	0	1	247	30	276	1.4e-87	325.1
SRR10507663|k141_2853_2	nanQ|nanQ_4148_bv	100.0	150	0	0	1	150	1	150	2.7e-82	306.6
SRR10507663|k141_8049_32	nanU|nanU_386186_bv	79.6	543	111	0	1	543	3	545	6.0e-265	915.2
SRR10507663|k141_16739_1	nanA|nanA_7121_bv	100.0	305	0	0	1	305	1	305	1.3e-176	620.9
SRR10507663|k141_16781_2	satD|WP_245637405.1	48.6	255	125	2	3	252	18	271	3.0e-62	241.1
SRR10507663|k141_3135_1	nanA|nanA_36854_refseq	48.1	79	41	0	1	79	6	84	1.2e-12	74.7
SRR10507663|k141_12874_2	satD|WP_185987977.1	40.3	233	125	8	15	237	41	269	1.1e-32	142.5
SRR10507663|k141_12948_4	neuB|neuB_312_kegg	100.0	334	0	0	1	334	2	335	2.5e-189	663.3
SRR10507663|k141_12948_5	neuC|neuC_340_kegg	100.0	382	0	0	1	382	1	382	1.6e-216	753.8
SRR10507663|k141_12948_6	neuD|neuD_1_bv	100.0	225	0	0	1	225	1	225	3.5e-86	320.1
SRR10507663|k141_12948_10	neuA|neuA_141_kegg	100.0	250	0	0	1	250	1	250	2.8e-140	500.0
SRR10507663|k141_13132_3	nanQ|nanQ_1535_bv	100.0	151	0	0	1	151	1	151	3.0e-81	303.1
SRR10507663|k141_8504_2	nanK|nanK_22902_bv	54.7	307	133	2	1	302	1	306	2.7e-92	340.9
SRR10507663|k141_17154_1	SIAE|SIAE_24753_refseq	99.0	193	2	0	1	193	1	193	6.4e-111	402.1
SRR10507663|k141_3590_2	nanH|nanH_43931_bv	99.0	97	1	0	1	97	29	125	5.2e-50	198.7
SRR10507663|k141_3705_2	nagB|nagB_14303_bv	100.0	256	0	0	1	256	1	256	7.7e-146	518.5
SRR10507663|k141_17371_2	nanU|nanU_357702_bv	99.8	508	1	0	1	508	4	511	6.8e-303	1041.2
SRR10507663|k141_13458_1	nanU|nanU_650643_bv	40.7	403	220	11	4	404	3	388	2.8e-78	294.7
SRR10507663|k141_3937_1	nanU|nanU_192388_bv	59.5	442	171	7	1	438	1	438	2.2e-145	517.7
SRR10507663|k141_4004_1	siaM|siaM_105077_bv	99.6	284	1	0	1	284	65	348	2.7e-144	513.5
SRR10507663|k141_4367_1	kpsT|kpsT_5664_bv	40.2	204	121	1	30	232	53	256	3.2e-42	174.1
SRR10507663|k141_4446_4	kpsM|kpsM_209_bv	42.5	266	146	2	10	268	12	277	4.4e-59	230.3
SRR10507665|k141_17026_6	satD|HJC70536.1	40.2	209	115	7	20	221	7	212	4.2e-26	120.6
SRR10507665|k141_17033_1	siaM|siaM_53007_bv	99.0	102	1	0	5	106	1	102	4.3e-50	199.1
SRR10507665|k141_84_2	kpsM|kpsM_161_bv	100.0	253	0	0	1	253	9	261	7.4e-133	475.3
SRR10507665|k141_84_3	kpsT|kpsT_13613_bv	45.5	235	128	0	6	240	7	241	2.1e-60	234.6
SRR10507665|k141_51041_6	nanQ|nanQ_2967_uniprot	100.0	147	0	0	1	147	1	147	1.0e-78	294.7
SRR10507665|k141_17084_22	nanQ|nanQ_1747_bv	100.0	154	0	0	1	154	1	154	6.8e-89	328.6
SRR10507665|k141_34137_7	siaP|siaP_237435_bv	99.6	255	1	0	85	339	1	255	2.0e-149	530.8
SRR10507665|k141_34137_8	siaQ|siaQ_957_uniprot	100.0	160	0	0	1	160	1	160	6.4e-90	332.0
SRR10507665|k141_34137_9	siaM|siaM_42530_bv	100.0	423	0	0	1	423	1	423	1.6e-220	767.3
SRR10507665|k141_94_11	nagB|nagB_8888_bv	100.0	243	0	0	1	243	1	243	1.1e-138	494.6
SRR10507665|k141_96_1	siaM|siaM_516539_bv	100.0	100	0	0	1	100	1	100	2.3e-45	183.3
SRR10507665|k141_34175_1	siaT|siaT_66880_uniprot	51.4	329	160	0	1	329	1	329	1.4e-86	322.0
SRR10507665|k141_17125_7	neuB|neuB_19920_bv	47.4	342	167	2	7	335	19	360	8.1e-87	322.8
SRR10507665|k141_17125_13	nanQ|nanQ_1280_uniprot	100.0	150	0	0	1	150	1	150	2.9e-84	313.2
SRR10507665|k141_34215_17	siaP|siaP_30056_bv	92.2	334	26	0	1	334	1	334	4.2e-176	619.4
SRR10507665|k141_34215_18	siaM|siaM_40898_bv	100.0	435	0	0	1	435	1	435	7.0e-224	778.5
SRR10507665|k141_34215_19	siaQ|siaQ_39005_bv	100.0	158	0	0	1	158	1	158	6.3e-82	305.4
SRR10507665|k141_17223_4	nanK|nanK_40_bv	63.4	314	113	2	1	313	1	313	9.3e-109	395.6
SRR10507665|k141_34222_10	nanU|nanU_464377_bv	99.2	487	4	0	15	501	1	487	6.1e-288	991.5
SRR10507665|k141_51237_6	neuB|neuB_4129_bv	56.9	350	147	2	1	350	49	394	2.6e-112	407.5
SRR10507665|k141_51266_2	siaM|siaM_47611_bv	100.0	433	0	0	1	433	1	433	4.9e-185	649.4
SRR10507665|k141_98_48	nanU|nanU_168364_bv	41.9	570	278	15	1	553	3	536	2.0e-111	405.2
SRR10507665|k141_98_57	nanU|nanU_459495_bv	45.4	540	274	9	1	536	1	523	6.4e-126	453.4
SRR10507665|k141_98_191	SIAE|SIAE_11657_bv	100.0	469	0	0	1	469	2	470	1.3e-287	990.3
SRR10507665|k141_98_417	nagB|nagB_5474_bv	100.0	263	0	0	1	263	1	263	1.5e-152	540.8
SRR10507665|k141_51285_11	nanU|nanU_430876_bv	71.6	468	131	1	1	468	1	466	4.9e-194	679.5
SRR10507665|k141_17266_2	siaQ|siaQ_35231_bv	99.4	162	1	0	1	162	1	162	4.1e-84	312.8
SRR10507665|k141_17322_4	SIAE|SIAE_8838_uniprot	100.0	256	0	0	1	256	5	260	5.5e-152	538.9
SRR10507665|k141_51338_128	satD|WP_221652614.1	45.3	254	135	2	3	253	15	267	6.9e-57	223.0
SRR10507665|k141_51338_131	satB|MCB1069314.1	43.1	313	167	3	6	311	4	312	7.2e-61	236.5
SRR10507665|k141_51367_3	siaM|siaM_28702_bv	100.0	425	0	0	1	425	1	425	7.1e-221	768.5
SRR10507665|k141_51367_4	siaQ|siaQ_363339_bv	81.8	176	32	0	1	176	1	176	7.6e-76	285.4
SRR10507665|k141_51438_1	nanU|nanU_412311_bv	80.3	431	85	0	5	435	4	434	1.5e-210	734.2
SRR10507665|k141_51438_15	nanM|nanM_2289_bv	40.5	269	144	6	24	280	36	300	1.2e-48	196.1
SRR10507665|k141_51438_19	nanQ|nanQ_1276_uniprot	100.0	148	0	0	1	148	1	148	4.1e-83	309.3
SRR10507665|k141_51438_20	nanH|nanH_47264_bv	79.4	383	79	0	158	540	3	385	2.8e-182	640.6
SRR10507665|k141_17418_16	nanU|nanU_124334_bv	56.7	550	223	7	23	562	9	553	2.0e-175	617.8
SRR10507665|k141_201_8	nanR|nanR_1411_uniprot	44.8	480	261	2	1	478	1	478	9.8e-110	399.4
SRR10507665|k141_203_14	nagA|nagA_27275_refseq	99.7	377	1	0	1	377	1	377	2.8e-213	743.0
SRR10507665|k141_219_15	nanK|nanK_4445_bv	53.6	293	136	0	1	293	1	293	8.3e-91	335.9
SRR10507665|k141_236_5	nanU|nanU_403585_bv	81.3	571	95	3	4	572	1	561	6.3e-281	968.4
SRR10507665|k141_34682_4	satD|WP_230102398.1	45.3	254	134	4	1	252	5	255	9.1e-49	196.1
SRR10507665|k141_257_2	nanA|nanA_767_refseq	83.1	130	22	0	4	133	3	132	8.0e-56	218.8
SRR10507665|k141_17509_35	nanU|nanU_114568_bv	43.0	646	325	13	3	636	25	639	4.6e-139	497.3
SRR10507665|k141_17509_45	nanU|nanU_263695_bv	65.6	538	181	3	12	549	8	541	4.4e-215	749.6
SRR10507665|k141_17509_47	nanU|nanU_155606_bv	64.3	544	192	2	4	545	13	556	6.8e-200	699.1
SRR10507665|k141_372_1	siaM|siaM_281735_bv	94.4	124	7	0	1	124	1	124	3.0e-55	216.5
SRR10507665|k141_34750_25	satD|PZU31866.1	47.6	233	121	1	21	253	38	269	2.6e-58	228.0
SRR10507665|k141_34750_29	satB|MFN4189717.1	50.3	304	150	1	1	304	1	303	5.0e-75	283.5
SRR10507665|k141_34751_2	siaM|siaM_3412_bv	100.0	347	0	0	1	347	77	423	6.3e-183	642.1
SRR10507665|k141_34820_1	nanE|nanE_1617_bv	100.0	195	0	0	1	195	38	232	2.8e-108	393.3
SRR10507665|k141_34845_4	nanA|nanA_46587_refseq	47.1	119	63	0	1	119	1	119	8.9e-23	108.6
SRR10507665|k141_436_28	nanU|nanU_288776_bv	40.0	577	310	12	4	573	5	552	2.3e-113	411.8
SRR10507665|k141_17625_13	satD|WP_069102428.1	45.3	258	138	2	4	259	13	269	1.3e-60	235.7
SRR10507665|k141_51557_14	nanU|nanU_574169_bv	95.5	529	24	0	1	529	1	529	1.7e-304	1046.6
SRR10507665|k141_51557_21	nanU|nanU_80752_bv	54.4	480	217	2	3	480	6	485	4.5e-155	550.1
SRR10507665|k141_51557_76	nanU|nanU_44722_bv	99.4	516	3	0	15	530	1	516	3.9e-301	1035.4
SRR10507665|k141_51557_170	nanH|nanH_9455_bv	45.5	413	217	5	10	419	14	421	1.8e-112	408.3
SRR10507665|k141_51579_15	nanU|nanU_225845_bv	61.4	526	203	0	1	526	1	526	4.0e-197	689.9
SRR10507665|k141_51615_3	nanU|nanU_413036_bv	67.2	564	184	1	1	563	2	565	2.9e-238	826.6
SRR10507665|k141_35028_4	ompF|ompF_4074_bv	64.3	361	117	5	1	350	1	360	4.3e-131	469.9
SRR10507665|k141_639_31	nanU|nanU_139829_bv	98.3	522	9	0	7	528	8	529	1.9e-303	1043.1
SRR10507665|k141_17755_4	nagA|nagA_6983_bv	100.0	388	0	0	1	388	1	388	1.4e-223	777.3
SRR10507665|k141_17755_5	nagA|nagA_2492_bv	100.0	401	0	0	1	401	1	401	4.6e-230	798.9
SRR10507665|k141_17755_8	nanU|nanU_191178_bv	99.1	531	5	0	5	535	3	533	3.2e-311	1068.9
SRR10507665|k141_17805_9	ompC|ompC_6122_bv	100.0	372	0	0	1	372	1	372	6.0e-216	751.9
SRR10507665|k141_51698_2	siaQ|siaQ_294885_bv	100.0	166	0	0	1	166	1	166	1.1e-84	314.7
SRR10507665|k141_51701_1	siaT|siaT_75287_uniprot	100.0	413	0	0	1	413	17	429	4.3e-223	775.8
SRR10507665|k141_17826_17	nanU|nanU_410087_bv	98.7	466	6	0	39	504	1	466	3.2e-273	942.6
SRR10507665|k141_35102_68	SIAE|SIAE_27145_refseq	100.0	267	0	0	1	267	2	268	6.3e-159	562.0
SRR10507665|k141_35102_83	nanU|nanU_79405_bv	99.8	519	1	0	10	528	1	519	4.3e-308	1058.5
SRR10507665|k141_35104_5	kpsT|kpsT_10521_bv	45.8	240	129	1	8	246	3	242	3.8e-57	223.8
SRR10507665|k141_35104_6	kpsM|kpsM_956_bv	58.2	256	107	0	7	262	8	263	1.0e-76	288.9
SRR10507665|k141_737_8	satD|WP_278012708.1	41.0	212	109	6	20	220	28	234	1.1e-28	129.0
SRR10507665|k141_17877_6	nanK|nanK_28066_bv	44.4	304	158	3	6	309	5	297	7.2e-61	236.5
SRR10507665|k141_749_2	satB|WP_300822023.1	40.1	312	187	0	1	312	1	312	7.8e-63	243.0
SRR10507665|k141_35179_2	nanK|nanK_3632_bv	41.4	280	163	1	3	281	16	295	4.9e-59	230.3
SRR10507665|k141_35267_35	nanQ|nanQ_634_uniprot	100.0	149	0	0	1	149	1	149	3.2e-83	309.7
SRR10507665|k141_854_9	nanU|nanU_230419_bv	95.7	465	20	0	7	471	1	465	1.3e-260	900.6
SRR10507665|k141_51859_4	nagA|nagA_123810_bv	100.0	391	0	0	1	391	1	391	7.9e-227	788.1
SRR10507665|k141_51859_30	nanU|nanU_302044_bv	46.5	568	277	15	2	554	10	565	3.9e-126	454.1
SRR10507665|k141_51859_58	nanU|nanU_291680_bv	42.6	493	266	8	1	490	10	488	1.2e-115	419.1
SRR10507665|k141_51859_99	nanU|nanU_563729_bv	97.8	505	11	0	2	506	1	505	6.5e-298	1024.6
SRR10507665|k141_18054_40	nanU|nanU_632136_bv	51.4	535	246	6	9	541	12	534	1.7e-158	561.6
SRR10507665|k141_18054_81	nanU|nanU_449473_bv	99.8	501	1	0	1	501	4	504	1.1e-300	1033.9
SRR10507665|k141_18130_3	satD|WP_400504934.1	40.9	264	156	0	1	264	1	264	2.4e-59	231.5
SRR10507665|k141_18166_3	nanR|nanR_1299_uniprot	48.4	225	115	1	1	225	1	224	4.7e-54	213.4
SRR10507665|k141_18213_30	nanU|nanU_444742_bv	98.8	493	6	0	1	493	1	493	1.3e-287	990.3
SRR10507665|k141_52013_8	nanK|nanK_7216_bv	43.0	309	164	4	12	317	4	303	3.3e-61	237.7
SRR10507665|k141_52027_3	siaT|siaT_43486_uniprot	100.0	435	0	0	1	435	1	435	3.4e-234	812.8
SRR10507665|k141_52048_1	nanK|nanK_409_bv	41.4	237	131	7	6	239	5	236	7.5e-37	156.4
SRR10507665|k141_52062_1	satD|WP_311409408.1	47.3	262	137	1	22	283	4	264	2.4e-62	241.5
SRR10507665|k141_52088_3	nanU|nanU_223553_bv	40.9	536	296	7	6	536	9	528	6.2e-105	383.6
SRR10507665|k141_35505_5	nanK|nanK_8349_bv	43.0	323	165	5	1	305	1	322	3.2e-69	264.2
SRR10507665|k141_18308_9	nanU|nanU_192445_bv	61.7	538	203	2	1	537	1	536	1.9e-207	724.2
SRR10507665|k141_1287_2	siaP|siaP_225938_bv	52.5	297	139	2	59	354	34	329	1.4e-84	315.5
SRR10507665|k141_1290_1	ompF|ompF_4966_bv	100.0	51	0	0	1	51	2	52	1.5e-21	103.2
SRR10507665|k141_18338_2	kpsM|kpsM_62_bv	59.5	259	105	0	3	261	7	265	5.2e-81	303.1
SRR10507665|k141_52270_21	nanU|nanU_7021_bv	100.0	495	0	0	1	495	1	495	6.2e-293	1008.1
SRR10507665|k141_18382_25	nanQ|nanQ_4741_uniprot	100.0	148	0	0	1	148	1	148	8.6e-81	301.6
SRR10507665|k141_18388_17	siaM|siaM_25544_bv	83.5	425	70	0	1	425	1	425	3.1e-184	646.7
SRR10507665|k141_35597_52	nanU|nanU_509203_bv	99.8	475	1	0	23	497	3	477	6.0e-288	991.5
SRR10507665|k141_35597_140	SIAE|SIAE_85672_bv	50.7	649	249	4	5	648	1	583	2.2e-189	664.5
SRR10507665|k141_18469_1	nagA|nagA_6588_bv	100.0	379	0	0	47	425	1	379	3.6e-225	782.7
SRR10507665|k141_35712_5	nanU|nanU_433961_bv	57.0	563	219	10	5	545	35	596	2.0e-183	644.4
SRR10507665|k141_52418_12	nanU|nanU_484026_bv	44.3	512	260	13	12	516	8	501	1.6e-116	422.2
SRR10507665|k141_18547_49	nagB|nagB_1215_bv	100.0	243	0	0	1	243	1	243	1.5e-138	494.2
SRR10507665|k141_1400_3	SIAE|SIAE_5065_bv	100.0	468	0	0	1	468	1	468	1.2e-274	947.2
SRR10507665|k141_1411_1	nagB|nagB_7780_bv	100.0	183	0	0	1	183	1	183	2.6e-103	376.7
SRR10507665|k141_18577_2	satB|WP_371146800.1	41.0	315	183	2	1	314	1	313	9.7e-58	226.1
SRR10507665|k141_18597_2	siaP|siaP_761140_bv	40.4	319	181	4	8	326	14	323	5.5e-59	230.3
SRR10507665|k141_1445_66	kpsD|kpsD_6685_bv	77.9	800	166	6	1	791	1	798	0.0e+00	1204.1
SRR10507665|k141_35739_11	nanU|nanU_319905_bv	46.8	532	268	8	1	527	1	522	5.7e-127	456.8
SRR10507665|k141_35739_41	nanU|nanU_220822_bv	45.1	608	282	19	5	606	1	562	7.7e-128	459.9
SRR10507665|k141_18670_32	satD|NKY23514.1	44.6	258	142	1	6	263	20	276	3.2e-56	221.1
SRR10507665|k141_18670_35	satB|HQY31891.1	40.9	323	175	4	1	317	1	313	7.5e-58	226.5
SRR10507665|k141_1504_2	neuD|neuD_6013_uniprot	100.0	224	0	0	1	224	1	224	4.4e-105	382.9
SRR10507665|k141_52607_18	nanU|nanU_574553_bv	51.4	523	225	16	10	521	9	513	2.5e-135	484.6
SRR10507665|k141_1558_2	siaP|siaP_364155_bv	65.8	316	106	1	50	365	16	329	1.8e-116	421.4
SRR10507665|k141_1558_4	siaM|siaM_13338_bv	100.0	427	0	0	1	427	1	427	7.6e-223	775.0
SRR10507665|k141_35746_132	nanU|nanU_399565_bv	63.9	563	196	4	8	563	5	567	1.6e-207	724.5
SRR10507665|k141_35746_149	nanU|nanU_635054_bv	51.6	492	229	6	17	506	18	502	1.3e-144	515.4
SRR10507665|k141_18854_17	ompF|ompF_5343_bv	71.1	387	96	6	1	384	1	374	5.9e-150	532.7
SRR10507665|k141_1633_1	nanH|nanH_29594_bv	78.5	307	66	0	35	341	32	338	1.5e-144	514.6
SRR10507665|k141_1642_14	kpsD|kpsD_12088_bv	49.6	821	367	9	1	796	1	799	7.8e-224	779.2
SRR10507665|k141_52746_38	nanQ|nanQ_2529_uniprot	95.9	148	6	0	1	148	1	148	5.8e-77	288.9
SRR10507665|k141_18911_1	SIAE|SIAE_29505_refseq	100.0	278	0	0	23	300	1	278	5.8e-161	568.9
SRR10507665|k141_35839_29	nanU|nanU_311719_bv	55.9	494	208	3	1	491	1	487	2.4e-156	554.3
SRR10507665|k141_35839_34	nanU|nanU_415572_bv	99.7	384	1	0	60	443	11	394	1.1e-223	778.1
SRR10507665|k141_35839_38	nanU|nanU_572409_bv	43.5	462	248	6	69	526	134	586	2.6e-100	368.2
SRR10507665|k141_18922_1	siaM|siaM_142869_bv	88.9	334	37	0	1	334	103	436	2.5e-160	567.0
SRR10507665|k141_35844_13	satD|WP_136453715.1	46.6	264	136	2	1	262	1	261	1.2e-63	245.7
SRR10507665|k141_35844_17	satB|HUX88249.1	42.1	318	177	3	4	319	2	314	3.0e-62	241.1
SRR10507665|k141_52856_1	siaM|siaM_290418_bv	99.0	203	2	0	1	203	1	203	1.3e-103	377.9
SRR10507665|k141_35853_2	siaT|siaT_43946_uniprot	100.0	427	0	0	1	427	1	427	8.8e-187	655.2
SRR10507665|k141_1773_21	nanU|nanU_700_bv	100.0	529	0	0	1	529	1	529	0.0e+00	1101.7
SRR10507665|k141_1803_2	siaM|siaM_59856_bv	100.0	428	0	0	1	428	1	428	4.6e-228	792.3
SRR10507665|k141_35925_6	satD|WP_060565526.1	41.8	225	123	3	34	258	47	263	3.8e-39	164.1
SRR10507665|k141_35925_7	satD|MBM6620729.1	44.0	234	130	1	21	253	36	269	1.1e-46	189.1
SRR10507665|k141_19084_7	nanQ|nanQ_5465_uniprot	100.0	148	0	0	1	148	1	148	5.0e-81	302.4
SRR10507665|k141_52967_4	nanU|nanU_402827_bv	41.4	589	306	18	20	592	18	583	3.8e-111	404.4
SRR10507665|k141_19100_1	siaM|siaM_267063_bv	96.6	58	2	0	2	59	1	58	2.5e-23	109.4
SRR10507665|k141_19126_15	satD|MDF2442142.1	49.3	213	105	1	1	213	54	263	2.2e-53	211.5
SRR10507665|k141_19185_2	nanU|nanU_151621_bv	74.1	544	140	1	1	544	1	543	1.0e-248	861.3
SRR10507665|k141_19318_2	satD|WP_227924124.1	45.9	257	138	1	5	261	11	266	1.8e-62	241.9
SRR10507665|k141_19318_3	satB|HUX88249.1	43.8	313	173	2	1	312	1	311	5.0e-62	240.4
SRR10507665|k141_2009_1	nanK|nanK_10863_bv	42.3	310	167	6	4	311	3	302	9.9e-63	242.7
SRR10507665|k141_53154_2	kpsM|kpsM_209_bv	52.2	270	125	1	5	270	8	277	7.8e-72	272.7
SRR10507665|k141_19413_1	siaP|siaP_682123_bv	53.4	131	61	0	16	146	2	132	4.9e-31	136.3
SRR10507665|k141_36182_4	satD|WP_210229862.1	42.4	264	138	3	2	255	13	272	3.0e-59	231.1
SRR10507665|k141_19479_2	nanK|nanK_22104_bv	71.4	217	62	0	5	221	3	219	8.6e-88	325.9
SRR10507665|k141_19519_2	nanH|nanH_54835_bv	99.8	427	1	0	1	427	1	427	1.4e-261	903.7
SRR10507665|k141_19519_3	nanH|nanH_61381_bv	66.0	418	129	5	28	442	19	426	3.0e-161	570.5
SRR10507665|k141_36300_2	cpsK|cpsK_23_bv	98.6	356	5	0	1	356	1	356	5.0e-212	738.8
SRR10507665|k141_2335_10	neuA|neuA_17178_uniprot	100.0	240	0	0	1	240	1	240	3.0e-136	486.5
SRR10507665|k141_2335_12	neuC|neuC_6611_refseq	100.0	384	0	0	1	384	1	384	7.8e-219	761.5
SRR10507665|k141_2335_13	neuB|neuB_10959_refseq	100.0	335	0	0	1	335	1	335	3.9e-190	666.0
SRR10507665|k141_2335_14	neuD|neuD_3906_uniprot	100.0	213	0	0	1	213	1	213	2.9e-61	237.3
SRR10507665|k141_53289_66	satD|MBF1225435.1	46.9	262	134	2	8	269	13	269	2.9e-60	234.6
SRR10507665|k141_53289_69	satB|EOS39101.1	41.7	300	172	1	1	297	12	311	2.6e-60	234.6
SRR10507665|k141_53294_1	nanK|nanK_17933_bv	100.0	162	0	0	1	162	1	162	1.3e-90	334.3
SRR10507665|k141_19588_3	nanR|nanR_6423_uniprot	48.6	214	110	0	9	222	4	217	1.3e-51	205.3
SRR10507665|k141_53298_13	satD|HJC70536.1	40.0	235	126	7	18	247	9	233	1.8e-30	135.2
SRR10507665|k141_53381_4	nanA|nanA_5008_bv	89.8	245	25	0	1	245	1	245	3.2e-125	449.9
SRR10507665|k141_36337_155	neuA|neuA_13202_uniprot	85.1	215	32	0	1	215	1	215	2.6e-102	373.6
SRR10507665|k141_36337_279	nanR|nanR_6423_uniprot	50.5	214	106	0	9	222	4	217	7.9e-54	212.6
SRR10507665|k141_19596_118	nanU|nanU_183841_bv	100.0	503	0	0	1	503	14	516	6.7e-295	1014.6
SRR10507665|k141_19596_142	nanU|nanU_216147_bv	72.2	479	131	2	1	478	1	478	3.1e-201	703.4
SRR10507665|k141_19596_150	nanU|nanU_151621_bv	69.7	545	159	2	1	541	1	543	2.4e-226	786.9
SRR10507665|k141_19596_163	siaM|siaM_130527_bv	100.0	432	0	0	1	432	2	433	1.5e-218	760.8
SRR10507665|k141_19596_164	siaQ|siaQ_567565_bv	99.4	156	1	0	1	156	1	156	1.0e-76	288.1
SRR10507665|k141_36426_1	nanK|nanK_24808_bv	55.2	96	43	0	18	113	1	96	7.0e-25	115.5
SRR10507665|k141_2549_1	siaM|siaM_457519_bv	74.4	449	110	3	1	444	58	506	1.1e-176	622.1
SRR10507665|k141_2552_2	nagA|nagA_13707_bv	99.7	388	1	0	1	388	1	388	1.2e-222	774.2
SRR10507665|k141_2552_3	nagA|nagA_1332_bv	100.0	390	0	0	1	390	1	390	7.2e-228	791.6
SRR10507665|k141_53423_2	satD|WP_227924124.1	43.4	258	140	1	3	254	11	268	9.8e-58	226.1
SRR10507665|k141_53423_3	satD|WP_119423496.1	40.9	274	148	4	4	270	13	279	9.3e-51	203.0
SRR10507665|k141_53423_5	satB|MDR1520311.1	47.6	317	163	2	1	315	1	316	2.3e-75	284.6
SRR10507665|k141_53441_3	satD|WP_075373884.1	44.2	258	141	3	4	261	17	271	6.5e-57	223.4
SRR10507665|k141_53452_2	siaQ|siaQ_62112_bv	100.0	164	0	0	1	164	1	164	7.5e-86	318.5
SRR10507665|k141_2618_2	kpsT|kpsT_10521_bv	49.8	237	118	1	4	239	2	238	6.3e-65	249.6
SRR10507665|k141_2643_4	nanQ|nanQ_851_bv	100.0	154	0	0	1	154	21	174	2.9e-87	323.2
SRR10507665|k141_2691_13	nanQ|nanQ_55_uniprot	100.0	148	0	0	1	148	1	148	2.9e-81	303.1
SRR10507665|k141_53532_6	siaP|siaP_240855_bv	65.7	245	84	0	1	245	90	334	6.6e-92	339.3
SRR10507665|k141_19622_2	nagB|nagB_80253_bv	84.2	297	16	1	1	266	1	297	3.8e-140	499.6
SRR10507665|k141_36526_1	siaQ|siaQ_333919_bv	100.0	277	0	0	1	277	1	277	6.8e-148	525.4
SRR10507665|k141_36528_39	siaM|siaM_37451_bv	100.0	427	0	0	1	427	1	427	1.3e-227	790.8
SRR10507665|k141_2693_12	nagB|nagB_77352_bv	99.6	250	1	0	1	250	1	250	7.3e-141	501.9
SRR10507665|k141_2693_16	nagA|nagA_16260_bv	100.0	401	0	0	1	401	1	401	1.1e-228	794.3
SRR10507665|k141_2693_88	nagB|nagB_2026_bv	100.0	245	0	0	1	245	1	245	5.9e-135	482.3
SRR10507665|k141_2744_1	nagB|nagB_34104_bv	100.0	240	0	0	1	240	1	240	2.2e-134	480.3
SRR10507665|k141_19811_1	kpsD|kpsD_1121_bv	56.4	495	213	2	1	494	190	682	1.7e-162	574.7
SRR10507665|k141_2820_13	nagB|nagB_8103_bv	100.0	263	0	0	1	263	1	263	1.6e-151	537.3
SRR10507665|k141_19896_1	siaQ|siaQ_424404_bv	99.0	100	1	0	1	100	1	100	4.0e-50	199.1
SRR10507665|k141_19896_2	siaP|siaP_197734_bv	66.7	117	39	0	7	123	1	117	1.6e-43	177.6
SRR10507665|k141_2993_1	nagA|nagA_24896_bv	99.7	379	1	0	1	379	1	379	1.0e-223	777.7
SRR10507665|k141_53796_6	satD|WP_245637405.1	47.8	245	123	3	22	263	30	272	2.4e-59	231.5
SRR10507665|k141_36743_6	siaP|siaP_523080_bv	53.2	316	144	3	14	328	17	329	2.6e-90	334.3
SRR10507665|k141_36743_7	siaT|siaT_19174_uniprot	90.6	425	40	0	1	425	1	425	5.4e-205	715.7
SRR10507665|k141_36743_8	siaQ|siaQ_196187_bv	41.7	144	82	2	3	145	10	152	2.1e-21	104.4
SRR10507665|k141_36743_9	nanQ|nanQ_6632_uniprot	100.0	155	0	0	1	155	1	155	3.2e-86	319.7
SRR10507665|k141_3032_14	nanU|nanU_133699_bv	59.2	458	177	6	11	462	1	454	1.0e-148	528.9
SRR10507665|k141_3032_18	nanU|nanU_572409_bv	42.5	510	275	7	31	540	100	591	3.3e-106	387.9
SRR10507665|k141_20020_2	nanK|nanK_40_bv	59.4	313	125	2	3	314	2	313	4.6e-100	366.7
SRR10507665|k141_53874_2	satB|MCL2228095.1	44.1	311	166	2	1	311	1	303	9.8e-66	252.7
SRR10507665|k141_3231_4	siaM|siaM_2672_bv	100.0	427	0	0	1	427	1	427	8.7e-227	788.1
SRR10507665|k141_20139_82	nagA|nagA_10834_uniprot	100.0	382	0	0	1	382	15	396	1.0e-223	777.7
SRR10507665|k141_54001_13	SIAE|SIAE_14580_bv	100.0	480	0	0	1	480	1	480	3.3e-291	1002.3
SRR10507665|k141_3264_2	neuC|neuC_17588_bv	100.0	380	0	0	1	380	1	380	2.2e-221	770.0
SRR10507665|k141_20209_29	neuA|neuA_114_kegg	100.0	227	0	0	1	227	1	227	1.1e-127	458.0
SRR10507665|k141_20209_30	neuB|neuB_25568_bv	100.0	349	0	0	1	349	1	349	1.1e-203	711.1
SRR10507665|k141_20209_32	neuD|neuD_4483_uniprot	100.0	213	0	0	1	213	1	213	1.8e-55	218.0
SRR10507665|k141_36952_4	nanE|nanE_638_bv	100.0	235	0	0	1	235	1	235	1.6e-129	464.2
SRR10507665|k141_36952_5	nanQ|nanQ_874_uniprot	100.0	154	0	0	1	154	1	154	1.1e-89	331.3
SRR10507665|k141_36952_6	nanK|nanK_13309_bv	63.7	256	93	0	38	293	3	258	8.1e-91	335.9
SRR10507665|k141_36966_4	satB|MDZ7704265.1	42.6	312	179	0	1	312	1	312	1.1e-61	239.2
SRR10507665|k141_36966_7	satD|WP_412956920.1	44.6	260	142	2	2	261	3	260	1.0e-55	219.2
SRR10507665|k141_36970_2	nanK|nanK_22396_bv	42.6	312	178	1	2	312	3	314	5.5e-69	263.5
SRR10507665|k141_20241_1	siaP|siaP_166835_bv	40.2	254	145	3	13	266	12	258	1.0e-44	182.6
SRR10507665|k141_20284_10	nanR|nanR_1411_uniprot	42.7	480	272	3	1	478	1	479	4.7e-104	380.6
SRR10507665|k141_3423_2	satD|WP_136640697.1	40.7	263	153	2	1	262	1	261	3.7e-51	204.1
SRR10507665|k141_20305_31	nanU|nanU_1180_bv	100.0	521	0	0	1	521	1	521	6.4e-312	1071.2
SRR10507665|k141_20308_2	nanH|nanH_33391_bv	60.0	520	205	1	18	534	5	524	6.8e-184	646.0
SRR10507665|k141_20332_3	siaQ|siaQ_480775_bv	55.2	165	70	2	1	164	1	162	3.4e-37	157.1
SRR10507665|k141_20332_4	siaM|siaM_24306_bv	100.0	425	0	0	1	425	1	425	1.1e-221	771.2
SRR10507665|k141_20351_3	neuB|neuB_19920_bv	46.5	359	182	1	1	349	1	359	3.9e-92	340.5
SRR10507665|k141_54250_14	nanU|nanU_232899_bv	48.2	475	224	8	3	468	2	463	6.0e-120	433.3
SRR10507665|k141_3451_50	nanU|nanU_303156_bv	64.1	421	147	4	24	441	1	420	1.9e-152	541.2
SRR10507665|k141_3451_136	nanU|nanU_216814_bv	45.6	570	264	16	9	555	17	563	9.2e-120	433.0
SRR10507665|k141_20461_1	siaM|siaM_22530_bv	100.0	430	0	0	1	430	1	430	2.3e-219	763.5
SRR10507665|k141_20475_7	nanU|nanU_597971_bv	70.8	455	133	0	1	455	1	455	7.9e-194	678.7
SRR10507665|k141_20475_13	nanU|nanU_153088_bv	100.0	490	0	0	1	490	1	490	1.7e-295	1016.5
SRR10507665|k141_20610_13	nanK|nanK_7216_bv	41.0	310	170	5	12	318	4	303	1.4e-56	222.2
SRR10507665|k141_37255_13	nanR|nanR_1299_uniprot	46.7	225	119	1	1	225	1	224	5.7e-52	206.5
SRR10507665|k141_3554_61	nagB|nagB_153266_bv	100.0	270	0	0	1	270	4	273	5.1e-156	552.4
SRR10507665|k141_3554_63	nanU|nanU_236219_bv	100.0	506	0	0	1	506	26	531	4.1e-300	1031.9
SRR10507665|k141_3554_81	nanK|nanK_7216_bv	40.0	320	177	6	8	325	4	310	9.5e-56	219.5
SRR10507665|k141_3554_152	nanU|nanU_10567_bv	100.0	518	0	0	1	518	1	518	0.0e+00	1091.6
SRR10507665|k141_3554_155	nanU|nanU_346838_bv	87.4	525	65	1	1	524	1	525	5.0e-285	981.9
SRR10507665|k141_54502_1	nagB|nagB_14075_bv	100.0	207	0	0	1	207	1	207	1.8e-116	420.6
SRR10507665|k141_54505_3	siaM|siaM_34205_bv	100.0	442	0	0	1	442	1	442	2.9e-233	809.7
SRR10507665|k141_20775_2	nagA|nagA_81729_bv	100.0	391	0	0	1	391	1	391	7.0e-223	775.0
SRR10507665|k141_20775_10	nagB|nagB_18584_bv	100.0	258	0	0	1	258	1	258	3.2e-147	523.1
SRR10507665|k141_54517_6	nanU|nanU_339340_bv	42.4	589	287	19	7	572	8	567	7.5e-109	396.7
SRR10507665|k141_3666_4	nanQ|nanQ_4124_uniprot	86.6	149	20	0	1	149	1	149	3.9e-73	276.2
SRR10507665|k141_20789_32	neuC|neuC_8282_bv	100.0	377	0	0	1	377	1	377	2.0e-219	763.5
SRR10507665|k141_20789_35	neuB|neuB_775_bv	100.0	334	0	0	1	334	1	334	1.0e-190	667.9
SRR10507665|k141_20789_36	neuA|neuA_26556_bv	100.0	231	0	0	1	231	1	231	3.1e-130	466.5
SRR10507665|k141_37397_1	SIAE|SIAE_42385_bv	100.0	329	0	0	1	329	48	376	2.2e-201	703.4
SRR10507665|k141_3686_29	nanU|nanU_118450_bv	42.3	594	290	16	1	584	1	551	3.5e-117	424.5
SRR10507665|k141_3695_2	siaQ|siaQ_411681_bv	62.6	155	58	0	1	155	11	165	4.5e-48	193.0
SRR10507665|k141_37425_1	siaQ|siaQ_138879_bv	100.0	168	0	0	46	213	1	168	8.8e-87	322.0
SRR10507665|k141_20883_7	nanU|nanU_563802_bv	98.9	525	6	0	1	525	1	525	0.0e+00	1102.0
SRR10507665|k141_37543_4	nanU|nanU_24278_bv	43.4	514	270	8	4	515	3	497	1.7e-115	418.7
SRR10507665|k141_37579_2	SIAE|SIAE_23027_refseq	100.0	236	0	0	1	236	18	253	4.5e-140	499.2
SRR10507665|k141_20934_3	nanH|nanH_4924_bv	51.3	357	163	8	9	360	47	397	2.5e-89	331.3
SRR10507665|k141_37630_5	kpsM|kpsM_999_bv	59.5	481	194	1	1	481	12	491	5.1e-151	536.6
SRR10507665|k141_37630_6	kpsT|kpsT_10521_bv	48.5	239	122	1	1	238	2	240	1.5e-63	245.0
SRR10507665|k141_37650_2	siaQ|siaQ_2365_bv	100.0	129	0	0	1	129	46	174	1.8e-66	253.8
SRR10507665|k141_20949_43	nanU|nanU_264951_bv	56.7	443	189	2	5	446	4	444	3.8e-140	500.4
SRR10507665|k141_3945_2	nanR|nanR_1299_uniprot	45.5	224	122	0	1	224	1	224	1.0e-48	195.7
SRR10507665|k141_21063_2	satB|WP_101552959.1	52.6	293	139	0	1	293	11	303	3.0e-80	300.8
SRR10507665|k141_37657_6	nanU|nanU_45386_bv	65.7	461	158	0	1	461	1	461	2.0e-176	620.9
SRR10507665|k141_37657_106	nanU|nanU_631919_bv	99.8	513	1	0	1	513	4	516	0.0e+00	1090.1
SRR10507665|k141_54945_6	siaP|siaP_364512_bv	76.5	340	80	0	1	340	1	340	2.9e-148	526.9
SRR10507665|k141_54945_7	siaQ|siaQ_411681_bv	65.8	155	53	0	2	156	11	165	1.4e-52	208.0
SRR10507665|k141_54945_8	siaM|siaM_14009_bv	100.0	435	0	0	1	435	1	435	1.1e-221	771.2
SRR10507665|k141_37720_3	siaP|siaP_709988_bv	54.2	131	60	0	14	144	1	131	5.7e-32	139.4
SRR10507665|k141_54980_1	nanE|nanE_9791_bv	100.0	227	0	0	1	227	1	227	7.9e-126	451.8
SRR10507665|k141_54980_2	nanK|nanK_28895_bv	53.2	190	87	1	6	195	3	190	4.3e-51	203.4
SRR10507665|k141_21155_2	siaQ|siaQ_497130_bv	86.6	149	20	0	1	149	1	149	6.4e-60	232.3
SRR10507665|k141_4110_4	nagA|nagA_161891_bv	81.8	380	65	1	32	411	1	376	3.4e-180	633.3
SRR10507665|k141_4110_149	kpsM|kpsM_197_bv	100.0	260	0	0	1	260	1	260	9.0e-134	478.4
SRR10507665|k141_4110_150	kpsT|kpsT_10521_bv	46.0	237	127	1	5	240	2	238	3.0e-62	240.7
SRR10507665|k141_55043_11	satD|WP_157242448.1	42.2	251	140	1	27	272	9	259	2.3e-49	198.4
SRR10507665|k141_55043_15	satB|WP_062515624.1	44.2	303	156	3	16	310	15	312	6.3e-65	250.0
SRR10507665|k141_55083_22	satD|WP_223944689.1	46.5	269	142	2	1	268	1	268	2.8e-63	244.6
SRR10507665|k141_55083_25	satB|MFN4189717.1	41.4	336	164	3	1	336	1	303	3.8e-68	260.8
SRR10507665|k141_37883_28	nanU|nanU_252566_bv	58.5	501	196	4	1	495	1	495	1.6e-171	604.7
SRR10507665|k141_55180_9	siaQ|siaQ_939_uniprot	72.2	158	44	0	21	178	31	188	8.1e-57	222.2
SRR10507665|k141_55180_10	siaM|siaM_127456_bv	100.0	427	0	0	1	427	1	427	1.8e-208	727.2
SRR10507665|k141_21160_28	nanK|nanK_17845_bv	47.4	272	140	3	1	270	1	271	1.3e-66	255.4
SRR10507665|k141_21172_17	nanK|nanK_40_bv	52.4	313	147	2	3	314	2	313	3.2e-85	317.4
SRR10507665|k141_38059_9	nanU|nanU_24278_bv	48.8	514	243	10	1	511	1	497	1.0e-133	479.2
SRR10507665|k141_38059_47	nanU|nanU_261372_bv	65.0	528	178	2	17	538	2	528	4.9e-203	709.5
SRR10507665|k141_21194_5	nanU|nanU_157462_bv	100.0	519	0	0	1	519	1	519	1.1e-308	1060.4
SRR10507665|k141_21194_30	nanU|nanU_398453_bv	42.3	501	275	8	9	504	10	501	6.4e-112	406.8
SRR10507665|k141_38124_6	nagA|nagA_153915_bv	100.0	388	0	0	1	388	3	390	1.1e-223	777.7
SRR10507665|k141_38124_7	nagA|nagA_9350_bv	100.0	389	0	0	1	389	1	389	3.9e-226	785.8
SRR10507665|k141_4372_11	nanQ|nanQ_902_bv	100.0	149	0	0	1	149	1	149	6.0e-82	305.4
SRR10507665|k141_55372_11	satB|MCB1069314.1	40.7	248	139	1	1	240	67	314	1.1e-45	185.7
SRR10507665|k141_21266_2	neuD|neuD_3565_refseq	84.9	199	30	0	1	199	15	213	1.8e-70	267.7
SRR10507665|k141_38178_1	siaQ|siaQ_958_bv	100.0	154	0	0	1	154	1	154	3.3e-83	309.7
SRR10507665|k141_38200_1	siaQ|siaQ_184336_bv	93.0	129	9	0	1	129	1	129	1.3e-61	237.7
SRR10507665|k141_38200_2	siaP|siaP_690391_bv	49.5	307	155	0	68	374	25	331	9.4e-84	312.8
SRR10507665|k141_38213_6	nagB|nagB_14371_bv	100.0	243	0	0	1	243	1	243	1.5e-138	494.2
SRR10507665|k141_55407_2	siaQ|siaQ_49802_bv	55.1	178	80	0	2	179	3	180	5.1e-51	203.0
SRR10507665|k141_55429_2	nanU|nanU_88387_bv	55.9	488	214	1	11	497	16	503	1.4e-159	565.1
SRR10507665|k141_55435_1	neuA|neuA_11269_bv	96.6	116	4	0	1	116	1	116	5.2e-59	229.2
SRR10507665|k141_4533_72	nanU|nanU_173864_bv	61.7	561	204	6	5	560	6	560	8.8e-203	708.8
SRR10507665|k141_4533_78	SIAE|SIAE_422_bv	100.0	474	0	0	1	474	1	474	1.6e-285	983.4
SRR10507665|k141_4533_87	nagA|nagA_2682_bv	100.0	395	0	0	1	395	1	395	1.2e-225	784.3
SRR10507665|k141_4533_88	nagB|nagB_2054_bv	100.0	185	0	0	1	185	1	185	4.0e-104	379.4
SRR10507665|k141_21304_108	nanU|nanU_521714_bv	98.9	459	5	0	101	559	1	459	1.5e-279	963.8
SRR10507665|k141_21304_162	nanU|nanU_69728_bv	99.2	516	4	0	1	516	1	516	5.1e-306	1051.6
SRR10507665|k141_4588_1	satB|WP_291384240.1	40.1	267	151	2	2	260	48	313	1.2e-45	185.7
SRR10507665|k141_4588_4	satD|WP_204878079.1	47.5	261	136	1	3	263	14	273	2.3e-62	241.5
SRR10507665|k141_38382_2	siaP|siaP_590789_bv	61.6	307	118	0	36	342	23	329	1.8e-102	374.8
SRR10507665|k141_38424_4	kpsM|kpsM_200_bv	100.0	267	0	0	1	267	1	267	7.5e-144	511.9
SRR10507665|k141_38424_5	kpsT|kpsT_10521_bv	47.6	252	123	2	1	251	2	245	1.5e-61	238.4
SRR10507665|k141_38425_5	nagB|nagB_2437_bv	100.0	270	0	0	1	270	1	270	3.0e-156	553.1
SRR10507665|k141_55634_1	siaP|siaP_562478_bv	98.8	161	2	0	1	161	1	161	2.3e-85	317.0
SRR10507665|k141_38436_3	nanR|nanR_9479_uniprot	100.0	238	0	0	1	238	1	238	1.0e-131	471.5
SRR10507665|k141_38527_2	satD|MDO5722857.1	40.9	264	139	5	1	255	5	260	7.1e-46	186.4
SRR10507665|k141_4774_13	nanU|nanU_438710_bv	58.6	556	216	6	6	547	7	562	9.7e-186	652.1
SRR10507665|k141_55759_36	nanR|nanR_1411_uniprot	42.1	484	280	0	1	484	1	484	1.8e-103	378.6
SRR10507665|k141_55780_2	siaM|siaM_167_bv	100.0	494	0	0	1	494	1	494	2.5e-270	932.9
SRR10507665|k141_4802_1	siaM|siaM_246770_bv	95.7	117	5	0	1	117	5	121	3.7e-55	216.1
SRR10507665|k141_21665_1	SIAE|SIAE_17743_uniprot	59.1	242	98	1	10	251	1	241	1.2e-82	308.5
SRR10507665|k141_21696_19	nanM|nanM_443_uniprot	100.0	340	0	0	1	340	1	340	2.7e-207	723.0
SRR10507665|k141_21696_21	nanH|nanH_20530_bv	94.0	546	33	0	1	546	1	546	9.8e-308	1057.4
SRR10507665|k141_21696_23	SIAE|SIAE_547_bv	100.0	474	0	0	1	474	1	474	4.3e-283	975.3
SRR10507665|k141_21696_25	nanU|nanU_394475_bv	99.8	475	1	0	11	485	1	475	3.2e-278	959.1
SRR10507665|k141_21696_26	nanH|nanH_37027_bv	98.4	322	5	0	48	369	15	336	2.7e-192	673.3
SRR10507665|k141_55831_4	neuB|neuB_19920_bv	48.7	341	165	1	5	335	19	359	5.6e-88	326.6
SRR10507665|k141_55854_1	siaP|siaP_505722_bv	100.0	75	0	0	1	75	1	75	2.1e-35	149.8
SRR10507665|k141_4837_51	nanU|nanU_288776_bv	40.2	575	310	13	4	571	5	552	7.0e-115	416.8
SRR10507665|k141_38739_3	siaT|siaT_61236_uniprot	65.9	449	152	1	5	453	4	451	8.8e-161	568.9
SRR10507665|k141_55932_1	siaT|siaT_47535_uniprot	54.3	352	147	5	2	343	43	390	1.3e-87	325.5
SRR10507665|k141_55957_35	satB|MBO2532523.1	43.8	322	169	2	1	319	1	313	4.5e-71	270.4
SRR10507665|k141_4838_16	nanU|nanU_656288_bv	55.2	556	238	5	3	549	5	558	8.7e-171	602.4
SRR10507665|k141_4838_18	nanU|nanU_1200_bv	43.3	614	276	17	21	598	23	600	7.1e-126	453.4
SRR10507665|k141_4838_30	nanU|nanU_216044_bv	60.1	536	213	1	1	536	1	535	3.3e-191	670.2
SRR10507665|k141_4838_42	nanU|nanU_401273_bv	56.4	587	231	10	16	599	3	567	3.6e-178	627.1
SRR10507665|k141_38868_11	neuD|neuD_2677_uniprot	100.0	214	0	0	1	214	1	214	2.8e-88	327.0
SRR10507665|k141_38978_1	satB|WP_263079827.1	65.2	233	81	0	1	233	76	308	5.0e-83	309.7
SRR10507665|k141_56075_1	siaM|siaM_22171_bv	100.0	428	0	0	1	428	1	428	1.1e-224	781.2
SRR10507665|k141_21950_72	kpsM|kpsM_209_bv	48.1	270	135	1	5	269	8	277	2.0e-72	274.6
SRR10507665|k141_21979_1	siaP|siaP_327914_bv	62.8	180	64	1	4	180	19	198	1.0e-56	221.9
SRR10507665|k141_56194_19	siaM|siaM_9035_bv	100.0	424	0	0	1	424	1	424	3.8e-214	746.1
SRR10507665|k141_56194_20	siaQ|siaQ_480775_bv	52.5	160	76	0	4	163	1	160	5.2e-34	146.4
SRR10507665|k141_56194_30	nanQ|nanQ_5285_uniprot	100.0	154	0	0	1	154	1	154	1.7e-87	323.9
SRR10507665|k141_56194_32	siaM|siaM_21997_bv	100.0	429	0	0	1	429	1	429	1.7e-230	800.4
SRR10507665|k141_56207_1	siaQ|siaQ_462458_bv	80.1	161	32	0	1	161	1	161	1.0e-66	255.0
SRR10507665|k141_39107_80	nanU|nanU_34670_bv	99.7	351	1	0	1	351	131	481	3.7e-207	722.6
SRR10507665|k141_22139_2	nanA|nanA_5138_bv	99.7	305	1	0	1	305	1	305	1.7e-176	620.5
SRR10507665|k141_56239_19	neuA|neuA_10743_uniprot	86.0	228	32	0	1	228	1	228	5.5e-111	402.5
SRR10507665|k141_56239_45	nanK|nanK_22396_bv	44.3	314	175	0	6	319	3	316	7.5e-74	279.6
SRR10507665|k141_56239_46	nanE|nanE_1405_bv	100.0	246	0	0	1	246	1	246	1.5e-143	510.8
SRR10507665|k141_56239_87	nanU|nanU_45837_bv	73.6	550	145	0	1	550	1	550	8.2e-246	851.7
SRR10507665|k141_56246_1	siaM|siaM_547751_bv	98.4	184	3	0	1	184	7	190	4.2e-93	342.8
SRR10507665|k141_5025_1	SIAE|SIAE_36133_bv	96.9	191	6	0	1	191	1	191	2.4e-104	380.2
SRR10507665|k141_39200_6	nanU|nanU_157414_bv	61.8	532	194	3	3	527	40	569	4.7e-198	693.0
SRR10507665|k141_22250_5	nanQ|nanQ_4759_bv	100.0	157	0	0	1	157	1	157	1.2e-88	327.8
SRR10507665|k141_56388_1	nanK|nanK_24160_bv	41.3	310	170	4	6	315	5	302	4.7e-60	233.8
SRR10507665|k141_22321_1	nanA|nanA_9368_uniprot	42.8	138	79	0	3	140	1	138	1.7e-27	124.8
SRR10507665|k141_56416_11	nanU|nanU_110100_bv	51.9	547	251	8	1	539	1	543	1.4e-152	542.0
SRR10507665|k141_56438_10	nanU|nanU_259305_bv	56.1	547	231	5	13	559	6	543	8.3e-177	622.5
SRR10507665|k141_39310_7	satD|WP_227924124.1	48.1	260	134	1	23	282	8	266	5.0e-66	253.8
SRR10507665|k141_39310_8	satB|HMA59673.1	42.2	315	179	2	1	314	1	313	7.2e-61	236.5
SRR10507665|k141_39310_40	nanE|nanE_13583_bv	100.0	228	0	0	1	228	1	228	1.2e-126	454.5
SRR10507665|k141_22433_18	satD|WP_297186591.1	40.2	229	130	2	19	241	30	257	4.5e-39	163.7
SRR10507665|k141_22476_17	satD|WP_339984707.1	45.1	226	118	3	23	243	33	257	4.5e-45	183.7
SRR10507665|k141_39363_1	siaM|siaM_179152_bv	87.3	299	38	0	1	299	19	317	3.3e-140	500.0
SRR10507665|k141_5219_40	nanU|nanU_574553_bv	52.5	514	218	15	20	523	16	513	1.2e-137	492.3
SRR10507665|k141_39448_1	nanA|nanA_46587_refseq	48.6	107	55	0	6	112	5	111	7.2e-24	112.1
SRR10507665|k141_39503_15	nagA|nagA_69839_bv	49.6	391	194	2	1	389	1	390	1.1e-109	399.1
SRR10507665|k141_56594_204	nanQ|nanQ_4390_uniprot	100.0	152	0	0	1	152	6	157	1.8e-86	320.5
SRR10507665|k141_22680_4	satD|WP_129315695.1	41.3	252	145	2	3	251	10	261	6.6e-47	189.9
SRR10507665|k141_5479_1	kpsM|kpsM_163_bv	63.6	258	94	0	1	258	1	258	1.9e-88	327.8
SRR10507665|k141_22870_7	nanU|nanU_199489_bv	97.8	510	11	0	3	512	11	520	2.9e-293	1009.2
SRR10507665|k141_22870_11	nanU|nanU_340690_bv	99.8	496	1	0	8	503	1	496	1.2e-296	1020.4
SRR10507665|k141_56891_2	SIAE|SIAE_10916_bv	100.0	691	0	0	1	691	1	691	0.0e+00	1458.4
SRR10507665|k141_56897_14	siaM|siaM_30461_bv	100.0	390	0	0	1	390	1	390	4.1e-191	669.5
SRR10507665|k141_39848_2	nanK|nanK_707_uniprot	55.3	349	154	1	51	397	3	351	7.6e-108	392.9
SRR10507665|k141_5582_4	nanU|nanU_68107_bv	99.8	534	1	0	5	538	18	551	0.0e+00	1099.0
SRR10507665|k141_5582_41	nanQ|nanQ_32_uniprot	100.0	146	0	0	1	146	1	146	3.9e-78	292.7
SRR10507665|k141_56928_27	satB|WP_053206816.1	40.8	316	182	3	1	314	1	313	4.1e-56	220.7
SRR10507665|k141_39962_25	satD|WP_124824862.1	41.8	237	120	9	19	248	38	263	1.2e-29	132.5
SRR10507665|k141_39962_67	siaQ|siaQ_989_uniprot	75.7	173	42	0	1	173	1	173	2.5e-71	270.4
SRR10507665|k141_39962_68	siaM|siaM_50322_bv	100.0	434	0	0	1	434	1	434	1.1e-229	797.7
SRR10507665|k141_39962_71	siaP|siaP_644031_bv	62.9	237	88	0	99	335	1	237	3.9e-89	330.5
SRR10507665|k141_56999_42	nanU|nanU_303156_bv	64.5	422	147	3	16	434	1	422	2.0e-154	547.7
SRR10507665|k141_23207_26	nanU|nanU_94083_bv	43.1	613	298	14	22	617	22	600	1.1e-132	476.1
SRR10507665|k141_23207_28	nanU|nanU_210329_bv	58.5	561	223	7	5	563	2	554	3.6e-188	660.2
SRR10507665|k141_57009_38	SIAE|SIAE_12166_uniprot	100.0	470	0	0	1	470	64	533	2.7e-290	999.2
SRR10507665|k141_57009_41	nanA|nanA_5930_refseq	100.0	301	0	0	1	301	1	301	3.6e-171	602.8
SRR10507665|k141_57009_150	kpsT|kpsT_10521_bv	48.1	239	123	1	3	240	2	240	2.0e-61	238.0
SRR10507665|k141_57009_151	kpsM|kpsM_245_uniprot	47.0	270	128	5	5	272	15	271	9.6e-54	212.6
SRR10507665|k141_57009_166	neuA|neuA_10379_uniprot	100.0	255	0	0	1	255	1	255	7.4e-149	528.5
SRR10507665|k141_57009_170	neuC|neuC_2017_refseq	100.0	399	0	0	1	399	1	399	5.5e-215	748.8
SRR10507665|k141_57009_171	neuB|neuB_64173_bv	100.0	331	0	0	1	331	1	331	1.6e-180	634.0
SRR10507665|k141_40170_2	satB|WP_367356721.1	42.1	285	165	0	18	302	28	312	3.5e-65	250.8
SRR10507665|k141_57069_9	siaQ|siaQ_269984_bv	43.3	141	80	0	11	151	15	155	1.8e-20	101.3
SRR10507665|k141_57069_10	siaM|siaM_6755_bv	100.0	424	0	0	1	424	1	424	1.4e-213	744.2
SRR10507665|k141_57069_34	kpsM|kpsM_209_bv	50.9	269	126	2	7	270	10	277	1.5e-70	268.5
SRR10507665|k141_40229_1	neuA|neuA_11269_bv	97.4	116	3	0	1	116	1	116	3.6e-60	233.0
SRR10507665|k141_57094_6	SIAE|SIAE_85672_bv	55.1	663	213	6	1	658	1	583	5.5e-204	713.0
SRR10507665|k141_57169_2	siaQ|siaQ_90918_bv	57.8	187	76	1	2	185	1	187	1.1e-48	195.3
SRR10507665|k141_23466_10	SIAE|SIAE_9715_bv	100.0	473	0	0	1	473	1	473	6.8e-289	994.6
SRR10507665|k141_23466_39	nanU|nanU_317722_bv	69.1	501	154	1	6	506	7	506	2.0e-206	720.7
SRR10507665|k141_57187_5	nanQ|nanQ_137_bv	100.0	154	0	0	1	154	1	154	1.3e-87	324.3
SRR10507665|k141_40235_16	siaQ|siaQ_8446_bv	100.0	176	0	0	1	176	1	176	1.1e-90	334.7
SRR10507665|k141_40235_17	siaM|siaM_51844_bv	100.0	329	0	0	1	329	1	329	1.0e-163	578.2
SRR10507665|k141_40237_2	siaQ|siaQ_26143_bv	100.0	162	0	0	1	162	1	162	1.0e-82	308.1
SRR10507665|k141_40237_3	siaM|siaM_6439_bv	99.8	422	1	0	1	422	1	422	1.2e-217	757.7
SRR10507665|k141_23468_19	satB|MCD6321403.1	46.6	309	164	1	1	309	1	308	1.2e-76	288.9
SRR10507665|k141_23468_22	satD|WP_294441299.1	41.4	268	148	3	3	262	14	280	7.9e-55	216.5
SRR10507665|k141_40331_8	nanQ|nanQ_841_uniprot	100.0	148	0	0	1	148	1	148	9.2e-83	308.1
SRR10507665|k141_40338_4	nagB|nagB_8445_bv	100.0	241	0	0	1	241	1	241	4.0e-136	486.1
SRR10507665|k141_6189_16	nanK|nanK_28066_bv	44.7	304	157	3	6	309	5	297	3.9e-59	230.7
SRR10507665|k141_6218_3	nagA|nagA_6474_bv	98.9	372	4	0	1	372	1	372	1.7e-215	750.4
SRR10507665|k141_40386_1	nanK|nanK_28066_bv	45.2	279	138	4	6	284	4	267	5.5e-60	233.4
SRR10507665|k141_6265_13	kpsM|kpsM_848_bv	100.0	255	0	0	1	255	1	255	1.8e-139	497.3
SRR10507665|k141_6265_14	kpsT|kpsT_9718_bv	47.0	200	106	0	45	244	45	244	2.4e-48	194.5
SRR10507665|k141_57308_40	nanU|nanU_536296_bv	98.9	529	6	0	1	529	1	529	0.0e+00	1098.2
SRR10507665|k141_57308_48	nagB|nagB_74529_bv	99.6	263	1	0	1	263	1	263	1.3e-151	537.7
SRR10507665|k141_57357_17	nanQ|nanQ_4054_bv	100.0	150	0	0	1	150	1	150	1.2e-82	307.8
SRR10507665|k141_57357_20	nanQ|nanQ_1105_uniprot	100.0	154	0	0	1	154	1	154	4.4e-88	325.9
SRR10507665|k141_6358_1	siaM|siaM_351049_bv	98.7	157	2	0	1	157	9	165	5.7e-75	282.3
SRR10507665|k141_40551_1	siaM|siaM_59280_bv	100.0	346	0	0	1	346	1	346	1.8e-182	640.6
SRR10507665|k141_40551_2	siaQ|siaQ_226247_bv	43.1	153	83	2	1	151	1	151	4.2e-26	120.2
SRR10507665|k141_23674_2	satD|WP_285297560.1	46.9	239	125	2	20	258	35	271	1.6e-55	218.8
SRR10507665|k141_6391_12	SIAE|SIAE_8155_uniprot	100.0	289	0	0	1	289	1	289	3.6e-168	592.8
SRR10507665|k141_6391_14	SIAE|SIAE_21883_bv	53.7	324	150	0	11	334	6	329	8.8e-102	372.9
SRR10507665|k141_40657_1	siaM|siaM_12966_bv	99.6	228	1	0	1	228	75	302	9.6e-116	418.3
SRR10507665|k141_40662_1	siaP|siaP_729970_bv	81.4	113	16	2	1	111	1	110	2.5e-41	170.2
SRR10507665|k141_57414_10	nanU|nanU_140524_bv	49.4	522	234	10	13	515	5	515	3.2e-127	457.6
SRR10507665|k141_57421_7	nanU|nanU_160383_bv	45.5	488	258	4	2	485	3	486	1.8e-111	405.2
SRR10507665|k141_57423_1	ompC|ompC_4305_bv	99.7	349	1	0	1	349	5	353	6.0e-202	705.3
SRR10507665|k141_6406_21	satB|MDY5021696.1	44.3	316	164	2	1	308	1	312	1.6e-60	235.3
SRR10507665|k141_6408_1	satD|WP_422456227.1	48.6	214	107	2	1	214	54	264	1.2e-51	205.7
SRR10507665|k141_6453_3	satD|WP_207616619.1	44.8	268	148	0	1	268	1	268	1.8e-62	241.9
SRR10507665|k141_6453_6	satB|MFN4189717.1	40.8	336	166	3	1	336	1	303	5.0e-68	260.4
SRR10507665|k141_40795_2	satB|WP_209510972.1	43.8	235	131	1	2	236	71	304	1.1e-45	185.7
SRR10507665|k141_40840_65	nanA|nanA_23184_bv	90.0	301	30	0	1	301	1	301	8.7e-157	555.1
SRR10507665|k141_40840_66	nagB|nagB_2328_bv	100.0	250	0	0	1	250	1	250	3.5e-143	509.6
SRR10507665|k141_40840_67	nagA|nagA_7160_bv	100.0	373	0	0	1	373	1	373	3.7e-213	742.7
SRR10507665|k141_40894_2	siaM|siaM_421803_bv	100.0	203	0	0	1	203	1	203	1.2e-101	371.3
SRR10507665|k141_57561_132	siaP|siaP_241475_bv	40.4	314	182	4	35	347	22	331	5.9e-56	220.3
SRR10507665|k141_57561_133	siaQ|siaQ_55477_bv	100.0	169	0	0	1	169	1	169	1.2e-89	331.3
SRR10507665|k141_57561_134	siaM|siaM_158160_bv	100.0	387	0	0	42	428	42	428	1.5e-207	724.2
SRR10507665|k141_57561_174	siaM|siaM_2682_bv	100.0	432	0	0	1	432	1	432	3.8e-222	772.7
SRR10507665|k141_23882_109	nanU|nanU_628088_bv	91.5	484	41	0	26	509	1	484	4.2e-268	925.6
SRR10507665|k141_57588_1	siaM|siaM_46235_bv	98.2	274	4	1	1	274	41	313	7.4e-139	495.4
SRR10507665|k141_6583_7	nanU|nanU_453965_bv	42.5	590	289	15	3	575	8	564	4.2e-115	417.5
SRR10507665|k141_6590_7	nanU|nanU_41354_bv	95.0	461	23	0	1	461	1	461	3.1e-263	909.4
SRR10507665|k141_40952_2	nagB|nagB_199830_bv	100.0	240	0	0	1	240	1	240	3.6e-137	489.6
SRR10507665|k141_23893_7	nanU|nanU_553723_bv	99.2	519	4	0	1	519	1	519	1.0e-306	1053.9
SRR10507665|k141_40956_3	nanU|nanU_548226_bv	61.9	514	191	4	1	511	1	512	8.0e-195	682.2
SRR10507665|k141_57647_4	nanU|nanU_98900_bv	71.8	553	154	2	1	551	4	556	1.0e-240	834.7
SRR10507665|k141_6591_65	satD|WP_141820517.1	40.5	222	128	3	25	242	44	265	1.7e-33	145.2
SRR10507665|k141_40989_1	nanA|nanA_20781_bv	83.6	225	37	0	1	225	1	225	2.5e-108	393.7
SRR10507665|k141_23909_1	nanU|nanU_586567_bv	42.4	542	269	16	4	523	6	526	3.1e-109	397.9
SRR10507665|k141_6635_5	satB|MCL2228095.1	57.8	308	129	1	1	308	1	307	2.6e-91	337.8
SRR10507665|k141_6657_2	nanU|nanU_628049_bv	62.4	510	188	2	1	508	1	508	7.7e-190	665.6
SRR10507665|k141_24037_53	satB|MCC6943710.1	46.8	314	166	1	1	314	1	313	3.9e-75	283.9
SRR10507665|k141_24037_56	satD|WP_421084386.1	48.4	256	131	1	7	262	35	289	3.9e-62	240.7
SRR10507665|k141_24037_65	satB|WP_263079827.1	43.2	331	158	2	2	332	3	303	1.1e-64	249.2
SRR10507665|k141_24037_69	satD|WP_081170876.1	44.2	258	139	4	4	260	24	277	1.0e-54	216.1
SRR10507665|k141_24037_84	satD|WP_069102428.1	44.8	232	125	2	30	259	39	269	5.5e-56	220.3
SRR10507665|k141_57807_23	nanU|nanU_404061_bv	40.2	465	252	10	19	475	10	456	1.1e-76	289.7
SRR10507665|k141_24065_43	nanU|nanU_573757_bv	63.5	496	175	3	16	505	10	505	8.5e-189	662.1
SRR10507665|k141_57815_1	nanE|nanE_18455_bv	100.0	102	0	0	1	102	13	114	2.3e-53	209.9
SRR10507665|k141_57815_2	nanQ|nanQ_806_bv	100.0	149	0	0	1	149	1	149	3.7e-84	312.8
SRR10507665|k141_57815_3	nanK|nanK_13707_bv	53.1	288	135	0	1	288	1	288	3.8e-80	300.4
SRR10507665|k141_41234_1	satD|WP_227924124.1	46.5	243	123	4	1	239	1	240	5.4e-53	209.9
SRR10507665|k141_57927_2	siaQ|siaQ_407971_bv	82.3	158	28	0	2	159	1	158	5.4e-73	275.8
SRR10507665|k141_24242_4	nagB|nagB_7107_bv	100.0	205	0	0	1	205	36	240	1.1e-115	417.9
SRR10507665|k141_41342_2	siaP|siaP_99094_bv	83.7	245	40	0	95	339	1	245	1.2e-114	415.2
SRR10507665|k141_41342_3	siaQ|siaQ_25443_bv	100.0	167	0	0	1	167	1	167	2.2e-85	317.0
SRR10507665|k141_41342_4	siaM|siaM_16046_bv	100.0	435	0	0	1	435	1	435	2.1e-228	793.5
SRR10507665|k141_6729_5	nanU|nanU_644597_bv	56.3	497	196	8	13	492	5	497	8.6e-154	545.8
SRR10507665|k141_6729_264	nanK|nanK_7216_bv	41.6	310	168	5	12	318	4	303	7.7e-58	226.5
SRR10507665|k141_6729_305	nanU|nanU_480321_bv	53.7	492	213	6	11	494	2	486	3.0e-146	520.8
SRR10507665|k141_58082_3	siaM|siaM_38989_bv	100.0	426	0	0	1	426	1	426	4.6e-220	765.8
SRR10507665|k141_6756_8	ompF|ompF_3972_bv	100.0	359	0	0	1	359	2	360	8.1e-210	731.5
SRR10507665|k141_58092_5	siaM|siaM_17224_bv	100.0	433	0	0	1	433	1	433	5.3e-224	778.9
SRR10507665|k141_58092_6	siaQ|siaQ_3735_bv	100.0	166	0	0	1	166	1	166	1.5e-81	304.3
SRR10507665|k141_24358_3	satD|WP_069102428.1	48.2	222	113	2	1	222	50	269	2.0e-54	214.9
SRR10507665|k141_41447_5	satD|WP_269928877.1	40.1	212	114	7	18	220	33	240	1.1e-23	112.5
SRR10507665|k141_58123_1	siaP|siaP_225938_bv	55.8	240	105	1	4	242	57	296	6.9e-72	272.7
SRR10507665|k141_58180_8	nanU|nanU_122390_bv	60.1	484	173	6	16	486	4	480	3.3e-158	560.5
SRR10507665|k141_6790_28	neuA|neuA_20931_uniprot	100.0	228	0	0	1	228	1	228	1.0e-128	461.5
SRR10507665|k141_24467_1	satD|MFC2360929.1	52.4	227	105	2	1	226	49	273	4.6e-56	220.3
SRR10507665|k141_6841_10	nanQ|nanQ_214_uniprot	99.3	149	1	0	1	149	1	149	2.3e-81	303.5
SRR10507665|k141_6841_70	satD|WP_105569089.1	41.1	241	136	4	9	243	19	259	9.3e-40	166.0
SRR10507665|k141_6841_82	satD|WP_271417843.1	43.4	267	124	3	18	284	30	269	1.2e-56	222.6
SRR10507665|k141_6841_85	satB|WP_209510972.1	40.3	305	179	2	1	303	1	304	2.3e-56	221.5
SRR10507665|k141_41633_71	nanK|nanK_542_bv	42.5	306	155	8	2	293	1	299	1.8e-53	211.8
SRR10507665|k141_6886_3	siaM|siaM_437106_bv	71.2	219	63	0	2	220	22	240	6.5e-77	289.3
SRR10507665|k141_41690_6	nanE|nanE_10512_bv	100.0	236	0	0	1	236	1	236	2.5e-127	456.8
SRR10507665|k141_24553_56	neuD|neuD_10055_uniprot	100.0	215	0	0	1	215	1	215	1.0e-74	282.0
SRR10507665|k141_24553_112	nanU|nanU_438710_bv	58.0	562	221	7	4	550	1	562	2.2e-185	651.0
SRR10507665|k141_24553_172	nanU|nanU_71096_bv	45.7	602	300	13	8	596	18	605	2.6e-136	488.0
SRR10507665|k141_58388_9	nanU|nanU_601173_bv	99.1	562	5	0	1	562	12	573	0.0e+00	1150.2
SRR10507665|k141_58388_31	nanK|nanK_7216_bv	41.7	309	168	4	12	317	4	303	4.0e-59	230.7
SRR10507665|k141_41746_15	nanQ|nanQ_1451_bv	100.0	151	0	0	1	151	1	151	1.9e-83	310.5
SRR10507665|k141_24649_1	kpsD|kpsD_6597_bv	61.5	278	102	2	23	300	1	273	1.6e-89	331.6
SRR10507665|k141_58394_2	nanU|nanU_86622_bv	57.0	525	211	7	1	520	1	515	6.7e-165	582.8
SRR10507665|k141_58417_19	nanR|nanR_1411_uniprot	44.1	481	266	2	1	480	1	479	1.6e-120	435.3
SRR10507665|k141_58445_2	nanU|nanU_332844_bv	54.2	530	216	8	1	528	10	514	1.6e-161	571.6
SRR10507665|k141_58446_2	siaT|siaT_55802_uniprot	100.0	429	0	0	1	429	1	429	2.8e-233	809.7
SRR10507665|k141_58452_2	nanU|nanU_486073_bv	88.8	516	58	0	19	534	2	517	6.9e-274	944.9
SRR10507665|k141_24729_34	nagA|nagA_2770_bv	100.0	398	0	0	1	398	1	398	2.7e-230	799.7
SRR10507665|k141_24729_35	nagB|nagB_2062_bv	100.0	255	0	0	1	255	1	255	5.0e-145	515.8
SRR10507665|k141_41987_3	nanK|nanK_28066_bv	42.9	308	162	4	6	313	4	297	2.3e-59	231.5
SRR10507665|k141_58599_3	satD|KFC16516.1	44.8	259	135	3	2	254	15	271	2.9e-62	241.1
SRR10507665|k141_7003_34	nanU|nanU_194521_bv	99.8	517	1	0	1	517	1	517	3.6e-312	1072.0
SRR10507665|k141_24879_20	satD|CEA06890.1	44.8	270	144	2	1	270	1	265	3.3e-59	231.1
SRR10507665|k141_58623_1	kpsE|kpsE_6650_bv	100.0	386	0	0	1	386	1	386	8.7e-210	731.5
SRR10507665|k141_42032_30	siaT|siaT_55831_uniprot	100.0	430	0	0	1	430	1	430	1.1e-232	807.7
SRR10507665|k141_42032_31	siaQ|siaQ_238479_bv	46.9	147	76	1	1	145	1	147	4.5e-33	143.3
SRR10507665|k141_7194_5	nanU|nanU_318479_bv	71.4	511	138	3	16	518	7	517	2.6e-226	786.9
SRR10507665|k141_7196_14	nanU|nanU_433760_bv	74.3	491	124	1	14	504	1	489	3.4e-222	773.1
SRR10507665|k141_58937_11	nanR|nanR_6426_uniprot	49.1	218	111	0	11	228	69	286	7.1e-50	199.5
SRR10507665|k141_42233_2	neuA|neuA_35393_bv	71.8	177	50	0	57	233	1	177	3.4e-71	270.4
SRR10507665|k141_7245_63	nanQ|nanQ_2529_uniprot	96.6	148	5	0	1	148	1	148	2.0e-77	290.4
SRR10507665|k141_25215_10	nanU|nanU_114568_bv	51.3	618	286	11	8	618	28	637	6.6e-175	616.3
SRR10507665|k141_42240_1	nanU|nanU_127155_bv	100.0	516	0	0	1	516	1	516	6.0e-307	1054.7
SRR10507665|k141_58990_2	siaP|siaP_512058_bv	66.0	159	54	0	2	160	64	222	1.6e-56	221.1
SRR10507665|k141_25267_2	neuA|neuA_16147_bv	77.0	226	52	0	10	235	1	226	3.6e-97	356.7
SRR10507665|k141_42290_4	nanE|nanE_272_bv	100.0	234	0	0	1	234	1	234	1.6e-129	464.2
SRR10507665|k141_25307_1	satD|WP_255793737.1	45.3	258	132	2	8	259	13	267	5.7e-61	236.9
SRR10507665|k141_59106_18	satB|MFN4189717.1	47.4	304	159	1	1	304	1	303	6.3e-78	293.1
SRR10507665|k141_59106_21	satD|WP_066299715.1	47.7	256	133	1	5	260	11	265	8.0e-63	243.0
SRR10507665|k141_42362_32	siaQ|siaQ_484843_bv	93.4	183	12	0	1	183	1	183	3.2e-85	316.6
SRR10507665|k141_42362_33	siaM|siaM_18443_bv	100.0	438	0	0	1	438	1	438	7.8e-231	801.6
SRR10507665|k141_25446_11	neuC|neuC_12214_bv	100.0	380	0	0	1	380	1	380	1.4e-220	767.3
SRR10507665|k141_25446_12	neuA|neuA_11267_uniprot	100.0	226	0	0	1	226	1	226	3.0e-125	449.9
SRR10507665|k141_59248_1	siaP|siaP_233095_bv	99.3	150	1	0	1	150	4	153	2.5e-80	300.1
SRR10507665|k141_25458_25	satD|GAB3535684.1	40.5	210	119	5	19	223	30	238	7.6e-31	136.3
SRR10507665|k141_7359_153	satD|WP_387145101.1	40.8	238	128	8	2	227	3	239	1.5e-29	132.1
SRR10507665|k141_42556_3	satB|WP_263079827.1	49.5	309	155	1	1	309	1	308	4.0e-80	300.4
SRR10507665|k141_42576_110	nagB|nagB_68661_bv	100.0	249	0	0	1	249	1	249	1.2e-140	501.1
SRR10507665|k141_42576_198	siaP|siaP_749558_bv	73.9	307	80	0	45	351	52	358	8.7e-132	472.2
SRR10507665|k141_42576_199	siaQ|siaQ_487633_bv	47.4	154	80	1	3	156	2	154	1.5e-30	134.8
SRR10507665|k141_42576_200	siaM|siaM_31489_bv	100.0	425	0	0	1	425	1	425	1.8e-224	780.4
SRR10507665|k141_7489_27	siaM|siaM_95253_bv	100.0	425	0	0	1	425	1	425	2.7e-220	766.5
SRR10507665|k141_42826_2	siaM|siaM_9481_bv	100.0	431	0	0	1	431	1	431	7.7e-231	801.6
SRR10507665|k141_7546_126	satD|WP_311358684.1	49.2	264	126	4	3	263	12	270	1.7e-65	251.9
SRR10507665|k141_7546_130	satB|HMA59673.1	42.9	315	177	2	3	317	2	313	7.5e-66	253.1
SRR10507665|k141_7546_152	satD|MDN5900612.1	40.1	232	122	7	22	247	49	269	9.8e-32	139.4
SRR10507665|k141_42952_2	siaP|siaP_392175_bv	80.5	128	10	1	1	128	22	134	1.2e-49	198.0
SRR10507665|k141_42988_1	siaM|siaM_6133_bv	100.0	432	0	0	54	485	1	432	2.1e-232	807.0
SRR10507665|k141_7615_38	nanU|nanU_628889_bv	99.8	527	1	0	13	539	1	527	9.5e-313	1073.9
SRR10507665|k141_7615_55	nanU|nanU_477395_bv	99.8	577	1	0	12	588	1	577	0.0e+00	1213.0
SRR10507665|k141_7697_1	siaP|siaP_353133_bv	79.0	257	52	1	54	308	1	257	2.1e-113	411.0
SRR10507665|k141_26006_5	nanK|nanK_7216_bv	40.0	310	174	3	8	314	4	304	9.9e-58	226.1
SRR10507665|k141_59653_97	siaP|siaP_133032_bv	45.7	302	164	0	48	349	32	333	7.1e-73	276.6
SRR10507665|k141_59653_98	siaQ|siaQ_181624_bv	100.0	161	0	0	1	161	1	161	8.2e-85	315.1
SRR10507665|k141_59653_99	siaM|siaM_37761_bv	100.0	422	0	0	1	422	1	422	2.7e-220	766.5
SRR10507665|k141_43042_2	nanQ|nanQ_295_bv	100.0	151	0	0	1	151	1	151	1.1e-83	311.2
SRR10507665|k141_7738_5	nanU|nanU_104928_bv	99.8	428	1	0	105	532	1	428	2.3e-253	876.7
SRR10507665|k141_59691_4	siaP|siaP_42431_bv	43.4	316	178	1	40	354	25	340	8.6e-71	269.6
SRR10507665|k141_59691_6	siaM|siaM_6131_bv	100.0	428	0	0	1	428	1	428	9.0e-224	778.1
SRR10507665|k141_59692_1	nanQ|nanQ_6831_uniprot	75.2	157	39	0	1	157	1	157	8.8e-68	258.5
SRR10507665|k141_59692_3	siaP|siaP_387218_bv	50.0	278	139	0	56	333	2	279	2.5e-75	284.6
SRR10507665|k141_59692_4	siaQ|siaQ_216400_bv	70.4	159	47	0	1	159	1	159	1.2e-56	221.5
SRR10507665|k141_26091_1	satD|WP_124933466.1	43.8	192	107	1	1	192	77	267	1.1e-42	175.6
SRR10507665|k141_43107_1	neuB|neuB_25951_bv	100.0	333	0	0	1	333	20	352	5.2e-195	682.2
SRR10507665|k141_26123_1	nanA|nanA_30428_bv	77.5	71	16	0	1	71	12	82	1.0e-26	120.9
SRR10507665|k141_59748_1	siaQ|siaQ_967_uniprot	79.6	147	30	0	2	148	25	171	5.3e-62	239.2
SRR10507665|k141_59748_2	siaM|siaM_2556_bv	100.0	386	0	0	1	386	1	386	3.5e-203	709.5
SRR10507665|k141_7787_1	satD|WP_073715496.1	41.6	185	90	6	7	173	6	190	1.5e-23	111.7
SRR10507665|k141_59770_1	nagA|nagA_4504_bv	100.0	388	0	0	1	388	1	388	6.3e-224	778.5
SRR10507665|k141_59774_2	satD|MBF1159079.1	40.3	216	113	7	16	220	26	236	2.1e-30	134.8
SRR10507665|k141_26188_1	kpsD|kpsD_9803_bv	97.2	107	3	0	2	108	23	129	2.7e-55	216.5
SRR10507665|k141_7830_53	SIAE|SIAE_16573_refseq	99.3	287	2	0	1	287	1	287	2.0e-166	587.0
SRR10507665|k141_7841_6	nagA|nagA_34758_bv	100.0	379	0	0	1	379	1	379	6.1e-224	778.5
SRR10507665|k141_26196_107	nanK|nanK_10126_bv	100.0	277	0	0	1	277	26	302	4.4e-155	549.3
SRR10507665|k141_59842_199	satD|WP_144591788.1	40.1	207	115	4	17	216	31	235	1.6e-27	125.2
SRR10507665|k141_59842_264	nanK|nanK_299_bv	41.9	241	119	6	74	298	70	305	2.8e-38	161.4
SRR10507665|k141_59842_268	nanU|nanU_345231_bv	51.8	550	251	9	2	547	3	542	1.6e-156	555.1
SRR10507665|k141_8064_3	nanU|nanU_330600_bv	56.2	463	182	5	23	480	11	457	2.3e-143	511.1
SRR10507665|k141_8096_1	satD|WP_237208654.1	40.1	237	127	8	1	231	66	293	8.2e-30	132.9
SRR10507665|k141_43410_44	nanK|nanK_40_bv	55.4	314	137	3	4	316	2	313	1.5e-93	345.1
SRR10507665|k141_43410_98	satD|WP_284859990.1	44.2	260	134	4	6	258	17	272	2.2e-54	214.9
SRR10507665|k141_59950_2	nagB|nagB_83351_bv	94.7	246	13	0	1	246	1	246	4.8e-129	462.6
SRR10507665|k141_26363_1	nanR|nanR_1411_uniprot	44.2	437	243	1	1	437	15	450	1.2e-95	352.4
SRR10507665|k141_8187_16	satB|WP_263079827.1	49.8	283	140	1	1	283	27	307	5.3e-74	280.0
SRR10507665|k141_43511_2	satB|WP_263079827.1	49.3	219	111	0	1	219	1	219	7.0e-47	189.5
SRR10507665|k141_60179_1	nanR|nanR_6426_uniprot	49.1	218	111	0	3	220	69	286	5.6e-52	206.5
SRR10507665|k141_8343_21	nanU|nanU_261372_bv	61.6	529	194	3	17	538	2	528	2.6e-196	687.2
SRR10507665|k141_26521_30	satB|WP_263079827.1	61.3	313	116	1	1	313	1	308	4.8e-105	383.3
SRR10507665|k141_26575_3	nanR|nanR_1411_uniprot	49.4	480	238	4	1	477	1	478	3.1e-119	431.0
SRR10507665|k141_43666_44	nanU|nanU_71571_bv	44.1	675	356	13	1	667	1	662	6.7e-157	556.6
SRR10507665|k141_8378_27	SIAE|SIAE_3817_bv	100.0	462	0	0	1	462	1	462	2.5e-280	966.1
SRR10507665|k141_26657_7	siaM|siaM_43703_bv	100.0	422	0	0	1	422	1	422	1.0e-219	764.6
SRR10507665|k141_26657_8	siaQ|siaQ_811_uniprot	40.4	141	84	0	20	160	1	141	3.5e-27	123.6
SRR10507665|k141_26657_11	siaM|siaM_35309_bv	100.0	422	0	0	1	422	1	422	2.0e-220	766.9
SRR10507665|k141_26657_12	siaQ|siaQ_811_uniprot	42.6	141	81	0	20	160	1	141	7.4e-25	115.9
SRR10507665|k141_43726_5	nanU|nanU_71096_bv	44.5	609	310	11	2	597	12	605	8.6e-140	499.6
SRR10507665|k141_26741_2	satD|KFC16516.1	48.3	234	119	2	19	252	40	271	3.9e-59	230.7
SRR10507665|k141_26741_5	satB|WP_263079827.1	55.0	307	138	0	1	307	1	307	4.7e-89	330.1
SRR10507665|k141_43796_1	nanQ|nanQ_7303_uniprot	100.0	121	0	0	1	121	42	162	4.0e-68	259.2
SRR10507665|k141_43799_1	neuB|neuB_928_bv	99.7	295	1	0	1	295	1	295	3.6e-164	579.7
SRR10507665|k141_43799_2	neuD|neuD_1104_uniprot	100.0	206	0	0	1	206	1	206	1.6e-53	211.5
SRR10507665|k141_60345_46	nanU|nanU_590222_bv	53.3	570	233	9	1	545	1	562	5.1e-163	576.6
SRR10507665|k141_60345_87	nanU|nanU_354010_bv	92.2	510	39	1	1	509	5	514	1.5e-281	970.3
SRR10507665|k141_26897_2	siaP|siaP_743439_bv	100.0	105	0	0	1	105	20	124	1.3e-51	204.1
SRR10507665|k141_43911_1	siaQ|siaQ_175057_bv	78.7	150	32	0	1	150	1	150	7.6e-61	235.3
SRR10507665|k141_60399_3	nanK|nanK_7216_bv	43.5	324	158	7	7	328	4	304	2.5e-59	231.5
SRR10507665|k141_8618_3	nagB|nagB_14171_bv	100.0	241	0	0	1	241	1	241	2.9e-134	479.9
SRR10507665|k141_8643_1	nanK|nanK_28070_bv	72.3	224	58	2	15	235	1	223	1.4e-89	331.6
SRR10507665|k141_43922_41	nanU|nanU_378182_bv	45.8	548	272	10	16	548	3	540	5.5e-125	450.3
SRR10507665|k141_43922_47	nanU|nanU_134655_bv	100.0	501	0	0	1	501	1	501	8.2e-301	1034.2
SRR10507665|k141_26942_6	satB|MCD6321403.1	54.5	308	140	0	1	308	1	308	2.0e-87	324.7
SRR10507665|k141_26942_9	satD|WP_152813345.1	46.5	256	130	2	5	254	7	261	6.6e-62	240.0
SRR10507665|k141_8688_12	nanU|nanU_516586_bv	64.2	503	162	6	1	503	1	485	4.8e-184	646.4
SRR10507665|k141_27015_4	nanU|nanU_276194_bv	47.6	506	247	6	3	497	4	502	9.4e-132	472.6
SRR10507665|k141_43972_6	satD|WP_124933466.1	47.6	250	129	1	13	262	20	267	1.2e-58	229.2
SRR10507665|k141_43972_77	nagB|nagB_19879_bv	100.0	246	0	0	1	246	1	246	2.5e-141	503.4
SRR10507665|k141_27027_4	siaQ|siaQ_76954_bv	100.0	202	0	0	1	202	1	202	6.4e-111	402.1
SRR10507665|k141_27027_5	siaM|siaM_5114_bv	100.0	428	0	0	1	428	1	428	1.4e-221	770.8
SRR10507665|k141_8882_62	nagB|nagB_46513_bv	100.0	241	0	0	1	241	1	241	4.0e-136	486.1
SRR10507665|k141_27142_2	nanU|nanU_167691_bv	61.2	407	155	3	1	406	116	520	1.9e-146	521.2
SRR10507665|k141_60746_2	nanU|nanU_77815_bv	66.1	508	162	5	1	502	2	505	1.5e-190	667.9
SRR10507665|k141_27210_1	siaP|siaP_108089_bv	47.6	187	98	0	2	188	59	245	6.9e-43	176.0
SRR10507665|k141_60765_4	nanU|nanU_348730_bv	62.0	571	204	5	11	572	1	567	6.6e-206	719.2
SRR10507665|k141_43978_90	siaM|siaM_27580_bv	100.0	432	0	0	1	432	1	432	1.6e-228	793.9
SRR10507665|k141_43978_93	nanR|nanR_1645_uniprot	52.1	236	113	0	5	240	9	244	1.5e-66	255.0
SRR10507665|k141_27234_2	siaQ|siaQ_592382_bv	100.0	171	0	0	1	171	1	171	5.2e-90	332.4
SRR10507665|k141_60840_1	kpsM|kpsM_209_bv	48.1	270	137	2	5	271	8	277	3.4e-67	257.3
SRR10507665|k141_8976_15	nanQ|nanQ_6198_uniprot	100.0	149	0	0	1	149	1	149	1.3e-84	314.3
SRR10507665|k141_8994_1	siaP|siaP_563715_bv	98.2	109	2	0	14	122	1	109	1.4e-57	224.2
SRR10507665|k141_60890_3	satB|WP_101552959.1	43.6	305	172	0	13	317	1	305	3.9e-70	267.3
SRR10507665|k141_27319_3	nanU|nanU_415551_bv	81.7	436	80	0	11	446	1	436	2.5e-208	726.9
SRR10507665|k141_27346_17	satD|MBP8920704.1	44.5	263	144	2	12	273	6	267	4.1e-59	230.7
SRR10507665|k141_60898_30	nanU|nanU_525574_bv	82.4	562	98	1	19	580	5	565	2.0e-287	989.9
SRR10507665|k141_60898_106	nanU|nanU_353922_bv	63.0	519	187	4	8	524	19	534	5.5e-191	669.5
SRR10507665|k141_44249_2	siaM|siaM_65930_bv	100.0	429	0	0	1	429	1	429	6.7e-227	788.5
SRR10507665|k141_44249_3	siaQ|siaQ_151783_bv	94.1	169	10	0	1	169	1	169	4.2e-84	312.8
SRR10507665|k141_44249_4	siaP|siaP_685834_bv	74.0	273	71	0	1	273	54	326	8.9e-116	418.7
SRR10507665|k141_9142_1	satD|WP_062009075.1	41.4	222	130	0	11	232	23	244	5.0e-43	176.8
SRR10507665|k141_9142_4	satB|HYI23826.1	41.5	316	176	2	1	308	1	315	4.6e-60	233.8
SRR10507665|k141_61029_2	satD|WP_413450927.1	42.4	191	103	3	1	186	1	189	2.5e-37	157.5
SRR10507665|k141_44255_5	siaM|siaM_102413_bv	100.0	426	0	0	1	426	1	426	4.3e-218	759.2
SRR10507665|k141_44255_6	siaQ|siaQ_55477_bv	53.5	155	72	0	4	158	2	156	1.5e-38	161.4
SRR10507665|k141_44255_7	siaP|siaP_366207_bv	44.1	281	155	1	69	349	48	326	4.7e-61	237.3
SRR10507665|k141_27370_65	nanU|nanU_230315_bv	100.0	510	0	0	4	513	18	527	8.3e-309	1060.8
SRR10507665|k141_27370_88	nanU|nanU_256107_bv	40.8	576	296	19	6	564	1	548	5.2e-102	374.0
SRR10507665|k141_27370_139	nanU|nanU_497957_bv	75.9	486	116	1	11	496	2	486	1.1e-220	768.1
SRR10507665|k141_27370_147	nanU|nanU_317574_bv	100.0	511	0	0	1	511	6	516	1.1e-308	1060.4
SRR10507665|k141_9192_41	nagB|nagB_4320_bv	100.0	269	0	0	1	269	1	269	2.5e-155	550.1
SRR10507665|k141_44335_88	satB|MCL2228095.1	53.4	307	143	0	1	307	1	307	1.2e-87	325.5
SRR10507665|k141_44335_91	satD|WP_210229862.1	44.6	258	132	3	4	253	16	270	1.4e-56	222.2
SRR10507665|k141_44335_160	nanK|nanK_40_bv	41.9	322	168	8	1	312	1	313	1.7e-65	251.9
SRR10507665|k141_44359_1	kpsT|kpsT_5664_bv	43.8	203	110	2	3	201	21	223	2.4e-41	171.0
SRR10507665|k141_44382_1	siaM|siaM_3570_bv	100.0	92	0	0	1	92	1	92	5.7e-35	148.7
SRR10507665|k141_44382_2	siaQ|siaQ_39004_bv	100.0	167	0	0	1	167	1	167	1.0e-85	318.2
SRR10507665|k141_44382_3	siaP|siaP_99094_bv	99.6	253	1	0	97	349	1	253	6.0e-141	502.7
SRR10507665|k141_61280_2	nanA|nanA_3241_bv	100.0	305	0	0	1	305	1	305	1.3e-176	620.9
SRR10507665|k141_44428_1	nagA|nagA_4091_bv	100.0	358	0	0	1	358	1	358	8.6e-212	738.0
SRR10507665|k141_27600_11	nanU|nanU_253382_bv	98.5	522	8	0	1	522	2	523	1.8e-303	1043.1
SRR10507665|k141_27600_14	nagB|nagB_173245_bv	49.6	236	119	0	1	236	1	236	6.5e-62	239.6
SRR10507665|k141_44474_2	neuA|neuA_11023_uniprot	43.6	211	117	2	6	215	3	212	3.2e-41	171.0
SRR10507665|k141_44476_7	SIAE|SIAE_100471_bv	98.7	473	6	0	1	473	1	473	1.2e-288	993.8
SRR10507665|k141_44476_12	nanU|nanU_295053_bv	98.2	543	10	0	1	543	1	543	0.0e+00	1119.4
SRR10507665|k141_9433_7	nanQ|nanQ_1914_uniprot	100.0	150	0	0	1	150	1	150	3.5e-82	306.2
SRR10507665|k141_9480_10	SIAE|SIAE_1290_bv	100.0	692	0	0	1	692	1	692	0.0e+00	1442.9
SRR10507665|k141_9480_12	nanH|nanH_20964_bv	88.0	399	48	0	145	543	1	399	3.8e-203	709.9
SRR10507665|k141_9481_2	nanQ|nanQ_1006_bv	100.0	93	0	0	1	93	1	93	1.4e-49	197.2
SRR10507665|k141_27740_2	neuD|neuD_6715_uniprot	67.3	217	71	0	2	218	3	219	1.0e-42	175.6
SRR10507665|k141_9492_16	nanA|nanA_11995_bv	59.3	297	121	0	1	297	1	297	2.2e-102	374.4
SRR10507665|k141_9492_17	satD|WP_069102428.1	43.4	267	145	3	1	267	9	269	3.8e-55	217.6
SRR10507665|k141_61348_22	nanU|nanU_28472_bv	60.8	576	216	4	1	576	1	566	2.3e-206	720.7
SRR10507665|k141_61348_55	nanU|nanU_97494_bv	40.5	556	294	17	3	545	22	553	1.7e-102	375.6
SRR10507665|k141_61363_1	nanE|nanE_3127_bv	100.0	234	0	0	1	234	1	234	1.4e-133	477.6
SRR10507665|k141_44585_3	nanK|nanK_40_bv	53.0	313	146	1	3	315	2	313	5.3e-88	326.6
SRR10507665|k141_44586_2	nanA|nanA_20162_bv	70.3	303	90	0	1	303	1	303	1.3e-128	461.5
SRR10507665|k141_61390_4	nanU|nanU_597991_bv	64.7	595	207	3	13	605	1	594	1.0e-244	848.2
SRR10507665|k141_61390_19	nanU|nanU_534055_bv	43.4	603	317	12	10	595	1	596	3.4e-128	461.1
SRR10507665|k141_9592_4	nanQ|nanQ_3304_uniprot	100.0	150	0	0	1	150	1	150	8.7e-81	301.6
SRR10507665|k141_9592_7	nanA|nanA_51497_refseq	100.0	291	0	0	1	291	1	291	5.3e-167	589.0
SRR10507665|k141_27888_17	nanU|nanU_592457_bv	50.8	524	233	12	1	510	1	513	2.6e-132	474.6
SRR10507665|k141_61415_2	nanU|nanU_293373_bv	67.5	486	157	1	28	513	1	485	6.4e-192	672.5
SRR10507665|k141_44677_15	nanK|nanK_575_uniprot	42.0	288	165	1	4	289	5	292	1.2e-65	252.3
SRR10507665|k141_61437_1	nanK|nanK_22814_bv	46.3	309	152	2	24	319	10	317	1.7e-70	268.5
SRR10507665|k141_9642_16	nanU|nanU_79795_bv	60.7	535	203	5	2	535	3	531	1.8e-181	637.9
SRR10507665|k141_27972_6	nagA|nagA_16993_bv	99.7	376	1	0	1	376	1	376	1.6e-216	753.8
SRR10507665|k141_9651_3	siaP|siaP_142457_bv	97.8	268	6	0	106	373	1	268	4.9e-149	529.6
SRR10507665|k141_9651_4	siaQ|siaQ_282843_bv	48.9	176	88	1	2	175	1	176	5.3e-45	183.0
SRR10507665|k141_9651_5	siaM|siaM_5787_bv	100.0	430	0	0	1	430	1	430	7.2e-213	741.9
SRR10507665|k141_28077_1	siaP|siaP_99094_bv	85.4	247	36	0	54	300	1	247	2.0e-116	421.0
SRR10507665|k141_28077_2	siaQ|siaQ_10885_bv	100.0	118	0	0	1	118	1	118	6.2e-58	225.3
SRR10507665|k141_44798_7	nanU|nanU_92424_bv	100.0	521	0	0	1	521	1	521	0.0e+00	1075.8
SRR10507665|k141_44798_8	nanH|nanH_15173_bv	99.7	394	1	0	147	540	1	394	4.9e-235	815.8
SRR10507665|k141_44798_10	SIAE|SIAE_31893_bv	100.0	691	0	0	1	691	1	691	0.0e+00	1442.2
SRR10507665|k141_44798_11	nanM|nanM_2289_bv	99.4	310	2	0	1	310	1	310	1.7e-184	647.5
SRR10507665|k141_44798_37	nanU|nanU_184248_bv	47.2	513	255	10	4	507	5	510	2.6e-121	438.0
SRR10507665|k141_44798_95	nanU|nanU_525511_bv	52.8	561	233	10	6	555	19	558	9.4e-165	582.4
SRR10507665|k141_28148_2	nanQ|nanQ_830_uniprot	100.0	151	0	0	1	151	1	151	2.2e-68	260.4
SRR10507665|k141_9879_7	nanK|nanK_17982_bv	99.1	234	2	0	1	234	1	234	3.3e-132	473.4
SRR10507665|k141_9879_8	nanQ|nanQ_7137_uniprot	100.0	151	0	0	1	151	1	151	1.3e-87	324.3
SRR10507665|k141_9879_10	nanA|nanA_30477_bv	99.7	305	1	0	1	305	1	305	3.0e-173	609.8
SRR10507665|k141_9879_11	nanE|nanE_554_bv	100.0	228	0	0	1	228	1	228	8.7e-125	448.4
SRR10507665|k141_61567_15	nanU|nanU_517875_bv	50.2	548	261	8	3	541	11	555	3.3e-146	520.8
SRR10507665|k141_61567_82	nanU|nanU_73051_bv	92.0	485	39	0	12	496	3	487	1.2e-272	940.6
SRR10507665|k141_61567_116	SIAE|SIAE_26525_refseq	100.0	479	0	0	1	479	1	479	4.4e-288	991.9
SRR10507665|k141_61567_124	SIAE|SIAE_85672_bv	83.3	648	45	1	1	648	1	585	0.0e+00	1084.3
SRR10507665|k141_61567_144	SIAE|SIAE_3306_bv	100.0	477	0	0	1	477	1	477	1.6e-285	983.4
SRR10507665|k141_9907_6	nanU|nanU_412311_bv	99.6	543	2	0	4	546	3	545	0.0e+00	1125.5
SRR10507665|k141_28219_36	nagA|nagA_2756_bv	100.0	387	0	0	1	387	1	387	9.6e-225	781.2
SRR10507665|k141_45085_1	nanA|nanA_9790_uniprot	50.5	105	52	0	1	105	15	119	2.2e-22	107.1
SRR10507665|k141_28276_6	nanU|nanU_415551_bv	59.2	436	175	2	1	436	4	436	3.2e-144	513.8
SRR10507665|k141_45103_2	nanE|nanE_1616_bv	100.0	234	0	0	1	234	1	234	8.1e-134	478.4
SRR10507665|k141_45103_3	nanQ|nanQ_442_bv	100.0	154	0	0	1	154	1	154	4.9e-87	322.4
SRR10507665|k141_45103_4	nanA|nanA_5494_bv	99.0	307	3	0	1	307	1	307	8.0e-174	611.7
SRR10507665|k141_45103_23	satD|WP_136640697.1	48.9	262	131	1	18	276	2	263	4.3e-64	247.3
SRR10507665|k141_45130_9	nanA|nanA_2279_bv	100.0	305	0	0	1	305	1	305	7.4e-180	631.7
SRR10507665|k141_45130_10	nanE|nanE_28416_bv	100.0	227	0	0	1	227	3	229	9.9e-129	461.5
SRR10507665|k141_45130_11	nanK|nanK_20513_bv	71.9	224	63	0	64	287	1	224	8.3e-91	335.9
SRR10507665|k141_45130_16	satD|WP_227924124.1	43.7	268	146	3	5	272	4	266	8.3e-58	226.5
SRR10507665|k141_45131_1	nanR|nanR_1299_uniprot	40.0	170	102	0	1	170	54	223	2.2e-27	124.4
SRR10507665|k141_61747_53	neuA|neuA_11023_uniprot	67.4	215	70	0	5	219	3	217	4.4e-84	313.2
SRR10507665|k141_61750_2	siaQ|siaQ_366544_bv	50.6	154	76	0	1	154	1	154	8.4e-32	139.0
SRR10507665|k141_61750_3	siaP|siaP_643409_bv	45.1	113	62	0	1	113	18	130	4.6e-26	119.4
SRR10507665|k141_45193_1	siaQ|siaQ_989_uniprot	79.7	172	35	0	1	172	1	172	5.3e-74	279.3
SRR10507665|k141_45193_2	siaM|siaM_66231_bv	100.0	430	0	0	1	430	1	430	2.6e-223	776.5
SRR10507665|k141_45193_3	siaP|siaP_639380_bv	57.7	281	112	3	1	280	1	275	1.9e-83	311.6
SRR10507665|k141_10124_23	nanU|nanU_216044_bv	60.5	539	207	5	1	537	1	535	8.2e-190	665.6
SRR10507665|k141_10165_10	nanC|nanC_214_bv	100.0	238	0	0	1	238	4	241	2.8e-142	506.5
SRR10507665|k141_10165_11	nanM|nanM_52_bv	100.0	368	0	0	1	368	1	368	9.2e-217	754.6
SRR10507665|k141_10165_12	SIAE|SIAE_26902_refseq	100.0	326	0	0	1	326	1	326	2.1e-201	703.4
SRR10507665|k141_10203_2	siaP|siaP_745430_bv	41.8	340	185	2	4	342	3	330	7.4e-75	283.1
SRR10507665|k141_61768_46	nanU|nanU_73415_bv	40.3	608	314	20	23	623	18	583	2.2e-106	388.7
SRR10507665|k141_45268_2	nanQ|nanQ_873_uniprot	100.0	149	0	0	1	149	1	149	1.2e-85	317.8
SRR10507665|k141_45268_3	nanE|nanE_2483_bv	99.6	231	1	0	1	231	1	231	7.2e-127	455.3
SRR10507665|k141_45268_4	nanK|nanK_20668_bv	100.0	211	0	0	85	295	1	211	3.3e-116	420.2
SRR10507665|k141_28460_40	satD|GAB3794624.1	44.1	238	118	3	3	226	5	241	3.7e-46	187.2
SRR10507665|k141_61839_1	nagA|nagA_7793_bv	95.1	243	12	0	1	243	88	330	3.9e-131	469.5
SRR10507665|k141_10348_3	kpsD|kpsD_1302_bv	53.6	783	356	5	21	801	20	797	1.7e-239	831.2
SRR10507665|k141_10381_1	siaM|siaM_6132_bv	100.0	335	0	0	1	335	1	335	2.5e-181	636.7
SRR10507665|k141_10390_4	satD|HJC70536.1	40.6	207	115	6	21	221	7	211	3.0e-24	114.4
SRR10507665|k141_62040_1	satD|WP_084256447.1	47.4	194	101	1	3	196	75	267	4.6e-45	183.7
SRR10507665|k141_10457_8	nanK|nanK_325_bv	79.9	314	63	0	1	314	1	314	7.0e-141	502.3
SRR10507665|k141_45565_5	nanU|nanU_272740_bv	43.6	583	302	14	1	568	5	575	3.4e-117	424.5
SRR10507665|k141_45593_9	nanU|nanU_94083_bv	49.0	670	261	15	1	659	1	600	1.4e-167	592.0
SRR10507665|k141_45593_11	nanU|nanU_485165_bv	44.5	555	283	13	13	561	17	552	6.7e-126	453.4
SRR10507665|k141_10534_2	satD|WP_255793737.1	44.9	256	134	2	4	253	13	267	1.6e-58	228.8
SRR10507665|k141_62090_108	satD|WP_009277834.1	40.4	213	120	6	21	227	31	242	1.8e-30	135.2
SRR10507665|k141_62144_1	nagA|nagA_1833_bv	100.0	373	0	0	1	373	7	379	7.6e-219	761.5
SRR10507665|k141_45626_10	satB|MCL2228095.1	47.2	309	161	2	1	309	1	307	1.5e-74	282.0
SRR10507665|k141_45626_13	satD|WP_150381745.1	46.1	256	131	2	4	253	16	270	1.1e-59	232.6
SRR10507665|k141_45626_14	nanQ|nanQ_4507_uniprot	93.3	150	10	0	1	150	1	150	4.8e-79	295.8
SRR10507665|k141_45689_2	nanH|nanH_41230_bv	47.3	520	244	12	2	509	51	552	1.1e-132	475.7
SRR10507665|k141_45694_3	neuD|neuD_7525_uniprot	100.0	194	0	0	1	194	1	194	2.2e-44	181.0
SRR10507665|k141_45697_2	kpsM|kpsM_209_bv	51.1	268	128	1	77	341	10	277	2.4e-70	268.1
SRR10507665|k141_62164_4	nanQ|nanQ_3310_uniprot	100.0	149	0	0	1	149	1	149	3.2e-83	309.7
SRR10507665|k141_28704_2	satD|WP_249736668.1	41.8	220	120	6	4	217	34	251	1.8e-29	131.7
SRR10507665|k141_10713_37	nanU|nanU_453965_bv	41.1	593	309	10	1	583	2	564	3.9e-121	437.6
SRR10507665|k141_45761_2	nanU|nanU_28295_bv	69.9	535	161	0	25	559	1	535	1.6e-228	794.3
SRR10507665|k141_45813_7	neuD|neuD_1094_uniprot	100.0	208	0	0	1	208	1	208	8.6e-79	295.4
SRR10507665|k141_45847_2	satD|WP_290472920.1	50.0	232	115	1	7	238	6	236	1.1e-56	222.2
SRR10507665|k141_45989_1	siaP|siaP_221709_bv	97.5	119	3	0	1	119	1	119	8.9e-57	221.9
SRR10507665|k141_46005_1	satD|WP_124824862.1	40.6	197	110	6	3	193	51	246	1.9e-23	111.7
SRR10507665|k141_29001_11	nanK|nanK_7216_bv	40.1	309	173	4	12	317	4	303	8.5e-57	223.0
SRR10507665|k141_10970_2	satD|WP_252575097.1	47.0	266	137	2	1	266	5	266	8.2e-63	243.0
SRR10507665|k141_10970_3	satB|HUX88249.1	44.1	313	172	2	1	312	1	311	1.4e-61	238.8
SRR10507665|k141_46043_2	siaM|siaM_4698_bv	100.0	444	0	0	1	444	1	444	3.4e-234	812.8
SRR10507665|k141_62473_2	siaQ|siaQ_10889_bv	100.0	131	0	0	1	131	1	131	3.0e-69	263.1
SRR10507665|k141_46078_1	siaP|siaP_377459_bv	82.0	211	37	1	29	239	4	213	9.3e-93	342.0
SRR10507665|k141_62500_2	neuD|neuD_6179_uniprot	48.4	215	111	0	1	215	2	216	4.3e-33	143.7
SRR10507665|k141_62550_2	nanR|nanR_64_bv	93.5	263	17	0	1	263	1	263	1.7e-132	474.2
SRR10507665|k141_62550_3	nanA|nanA_5472_bv	100.0	297	0	0	1	297	1	297	5.4e-167	589.0
SRR10507665|k141_62550_4	nanT|nanT_4300_bv	100.0	496	0	0	1	496	11	506	1.2e-283	977.2
SRR10507665|k141_62550_5	nanE|nanE_8421_bv	100.0	229	0	0	1	229	33	261	8.8e-125	448.4
SRR10507665|k141_62550_6	nanK|nanK_24479_bv	100.0	291	0	0	1	291	16	306	3.8e-157	556.2
SRR10507665|k141_62550_7	nanQ|nanQ_2138_bv	100.0	154	0	0	1	154	1	154	3.5e-85	316.2
SRR10507665|k141_11132_2	satD|WP_227924124.1	48.0	256	132	1	5	260	12	266	4.1e-67	257.3
SRR10507665|k141_62632_1	siaM|siaM_83488_bv	100.0	409	0	0	1	409	1	409	4.3e-207	722.6
SRR10507665|k141_62632_2	siaQ|siaQ_152276_bv	100.0	163	0	0	1	163	1	163	2.0e-83	310.5
SRR10507665|k141_62658_2	satD|MDU7946413.1	44.2	260	141	3	3	261	10	266	9.9e-56	219.2
SRR10507665|k141_62695_1	satD|WP_259978670.1	45.0	231	126	1	2	232	30	259	4.9e-55	216.9
SRR10507665|k141_29061_35	nanK|nanK_28066_bv	44.3	305	156	4	6	310	4	294	9.0e-64	246.1
SRR10507665|k141_29075_3	satD|WP_129626403.1	40.0	220	124	7	1	214	48	265	1.1e-31	139.0
SRR10507665|k141_46215_22	SIAE|SIAE_3029_bv	100.0	489	0	0	1	489	1	489	3.5e-296	1018.8
SRR10507665|k141_11367_9	nanK|nanK_7216_bv	40.8	309	171	4	12	317	4	303	4.5e-58	227.3
SRR10507665|k141_46262_1	siaM|siaM_271356_bv	100.0	135	0	0	1	135	1	135	8.8e-64	245.0
SRR10507665|k141_11402_4	kpsD|kpsD_1302_bv	53.8	786	356	5	5	788	17	797	7.9e-242	839.0
SRR10507665|k141_11402_14	neuB|neuB_900_bv	100.0	346	0	0	1	346	1	346	5.1e-201	702.2
SRR10507665|k141_46352_2	nanK|nanK_28066_bv	43.5	308	160	4	6	313	4	297	1.2e-60	235.7
SRR10507665|k141_62764_15	nanR|nanR_3642_bv	40.1	222	122	5	1	218	3	217	1.8e-33	145.2
SRR10507665|k141_46424_3	satB|WP_209510972.1	59.7	308	123	1	1	308	1	307	3.1e-101	370.5
SRR10507665|k141_46424_6	satD|WP_179899760.1	48.2	257	125	3	4	254	13	267	1.2e-63	245.7
SRR10507665|k141_29403_2	satB|MBI5878579.1	42.9	312	175	1	1	309	1	312	3.7e-65	250.8
SRR10507665|k141_46426_39	nanK|nanK_28066_bv	45.5	312	155	4	3	314	1	297	6.9e-64	246.5
SRR10507665|k141_46426_89	nanR|nanR_1299_uniprot	50.7	225	110	1	1	225	1	224	4.1e-58	226.9
SRR10507665|k141_46426_95	siaM|siaM_138840_bv	100.0	429	0	0	1	429	1	429	2.6e-223	776.5
SRR10507665|k141_46426_124	siaM|siaM_5105_bv	100.0	426	0	0	1	426	1	426	6.0e-228	792.0
SRR10507665|k141_46426_125	siaQ|siaQ_234611_bv	74.4	168	43	0	1	168	1	168	2.5e-63	243.8
SRR10507665|k141_11540_10	nanU|nanU_422891_bv	99.4	489	3	0	14	502	21	509	1.9e-294	1013.1
SRR10507665|k141_11555_3	satD|WP_149083920.1	41.4	210	108	7	17	216	30	234	3.7e-27	124.0
SRR10507665|k141_11555_12	satD|KFC16516.1	49.0	243	119	3	16	258	34	271	9.9e-58	226.1
SRR10507665|k141_11561_2	kpsT|kpsT_10521_bv	45.9	233	124	2	9	240	7	238	4.4e-58	226.9
SRR10507665|k141_11561_3	neuD|neuD_2237_refseq	99.5	211	1	0	1	211	1	211	8.6e-119	428.3
SRR10507665|k141_46486_17	nanU|nanU_444742_bv	77.9	488	107	1	1	487	6	493	2.6e-227	790.0
SRR10507665|k141_11586_14	nanU|nanU_592890_bv	99.6	484	2	0	1	484	1	484	3.2e-286	985.7
SRR10507665|k141_62955_2	satB|MEZ4522357.1	41.7	319	179	2	1	319	1	312	4.6e-63	243.8
SRR10507665|k141_62955_3	satD|HLR28547.1	47.2	233	122	1	28	260	33	264	5.2e-54	213.8
SRR10507665|k141_62961_7	satD|WP_227924124.1	48.7	236	117	1	32	267	35	266	7.4e-56	219.9
SRR10507665|k141_62961_8	nanQ|nanQ_3302_uniprot	100.0	149	0	0	1	149	1	149	3.5e-82	306.2
SRR10507665|k141_62961_9	nanA|nanA_11885_bv	82.0	305	55	0	1	305	1	305	3.9e-144	513.1
SRR10507665|k141_62966_2	satD|WP_144831408.1	41.8	232	124	4	9	229	4	235	2.7e-42	174.5
SRR10507665|k141_29550_11	nanQ|nanQ_663_uniprot	100.0	148	0	0	1	148	1	148	2.7e-82	306.6
SRR10507665|k141_29550_16	nanU|nanU_330353_bv	93.7	521	33	0	1	521	1	521	1.9e-295	1016.5
SRR10507665|k141_29550_25	nanU|nanU_403585_bv	88.4	533	61	1	12	543	29	561	4.0e-285	982.2
SRR10507665|k141_11662_2	siaQ|siaQ_298229_bv	78.0	150	33	0	11	160	11	160	4.0e-63	243.0
SRR10507665|k141_29557_5	nagA|nagA_612_bv	100.0	385	0	0	1	385	1	385	6.4e-229	795.0
SRR10507665|k141_29557_23	satD|WP_271417843.1	46.3	257	116	4	24	280	35	269	4.3e-59	230.7
SRR10507665|k141_11706_6	nanU|nanU_10752_bv	99.3	553	4	0	1	553	1	553	0.0e+00	1129.4
SRR10507665|k141_11714_2	nanU|nanU_211315_bv	100.0	528	0	0	1	528	1	528	2.7e-310	1065.8
SRR10507665|k141_46719_38	ompF|ompF_7800_bv	69.7	393	101	6	1	381	1	387	8.2e-152	538.9
SRR10507665|k141_63046_1	nagB|nagB_1759_bv	100.0	224	0	0	1	224	1	224	1.3e-128	461.1
SRR10507665|k141_46740_7	nanA|nanA_5625_bv	100.0	285	0	0	1	285	21	305	3.7e-165	582.8
SRR10507665|k141_29700_21	siaM|siaM_2109_bv	100.0	433	0	0	1	433	1	433	6.3e-225	781.9
SRR10507665|k141_29700_22	siaQ|siaQ_16147_bv	100.0	167	0	0	1	167	1	167	5.7e-81	302.4
SRR10507665|k141_29700_30	siaM|siaM_9479_bv	100.0	435	0	0	1	435	1	435	3.2e-200	699.9
SRR10507665|k141_29700_31	siaQ|siaQ_411681_bv	52.9	155	73	0	1	155	11	165	1.1e-41	171.8
SRR10507665|k141_29700_32	siaP|siaP_18193_bv	100.0	346	0	0	1	346	1	346	9.9e-189	661.4
SRR10507665|k141_29700_42	satD|WP_071213958.1	40.8	213	118	4	16	221	28	239	9.3e-31	136.0
SRR10507665|k141_29730_4	siaM|siaM_90486_bv	100.0	424	0	0	1	424	1	424	8.7e-211	734.9
SRR10507665|k141_11785_7	nanU|nanU_277433_bv	99.1	528	5	0	54	581	1	528	0.0e+00	1095.1
SRR10507665|k141_63130_3	nanU|nanU_96286_bv	41.1	545	291	13	2	522	3	541	4.6e-113	410.6
SRR10507665|k141_29784_3	nanU|nanU_522014_bv	51.6	566	251	13	1	553	1	556	2.0e-151	538.1
SRR10507665|k141_11991_16	siaM|siaM_242217_bv	100.0	435	0	0	1	435	1	435	5.6e-213	742.3
SRR10507665|k141_11991_17	siaQ|siaQ_11754_bv	100.0	165	0	0	1	165	1	165	7.6e-86	318.5
SRR10507665|k141_11991_18	siaP|siaP_126597_bv	57.1	240	103	0	91	330	1	240	8.6e-81	302.8
SRR10507665|k141_46818_127	siaQ|siaQ_989_uniprot	77.2	171	39	0	1	171	1	171	3.9e-72	273.1
SRR10507665|k141_46818_128	siaM|siaM_27576_bv	100.0	431	0	0	1	431	1	431	3.9e-227	789.3
SRR10507665|k141_46818_130	siaP|siaP_644031_bv	67.9	237	76	0	99	335	1	237	1.3e-92	342.0
SRR10507665|k141_46818_255	nanK|nanK_22902_bv	44.8	306	169	0	1	306	1	306	1.8e-75	285.0
SRR10507665|k141_46818_256	nagB|nagB_13069_bv	71.4	241	69	0	1	241	1	241	1.1e-96	355.1
SRR10507665|k141_46832_22	nagB|nagB_62438_bv	46.6	219	113	3	14	229	24	241	1.6e-49	198.4
SRR10507665|k141_46844_1	siaP|siaP_449607_bv	66.7	261	86	1	65	325	33	292	3.4e-98	360.5
SRR10507665|k141_46858_1	nanA|nanA_2360_bv	100.0	276	0	0	1	276	31	306	4.0e-156	552.7
SRR10507665|k141_63450_2	nagA|nagA_12974_bv	100.0	325	0	0	1	325	67	391	6.7e-187	655.2
SRR10507665|k141_12002_72	SIAE|SIAE_19013_uniprot	98.9	357	4	0	4	360	1	357	1.6e-208	727.6
SRR10507665|k141_12055_5	nagA|nagA_10867_uniprot	100.0	379	0	0	1	379	7	385	2.9e-226	786.2
SRR10507665|k141_12057_5	ompF|ompF_42_bv	100.0	237	0	0	1	237	1	237	4.3e-135	482.6
SRR10507665|k141_12057_6	ompF|ompF_7971_bv	100.0	23	0	0	1	23	1	23	8.6e-07	53.1
SRR10507665|k141_46962_20	satD|WP_443424392.1	40.0	210	121	3	17	221	38	247	3.9e-29	130.6
SRR10507665|k141_12098_2	kpsM|kpsM_968_bv	50.5	220	107	2	1	219	1	219	1.7e-48	194.9
SRR10507665|k141_63707_1	siaM|siaM_363190_bv	97.2	361	10	0	1	361	76	436	9.7e-187	654.8
SRR10507665|k141_47084_3	siaP|siaP_363964_bv	75.0	312	78	0	52	363	23	334	2.1e-136	487.6
SRR10507665|k141_47084_5	siaM|siaM_11737_bv	100.0	428	0	0	1	428	1	428	2.1e-220	766.9
SRR10507665|k141_30212_1	satB|WP_379235424.1	40.5	316	178	4	15	330	7	312	2.6e-56	221.5
SRR10507665|k141_47109_3	nanU|nanU_619691_bv	100.0	464	0	0	75	538	7	470	8.0e-278	958.0
SRR10507665|k141_63759_10	nanU|nanU_28472_bv	55.4	574	246	3	1	572	1	566	1.7e-185	651.4
SRR10507665|k141_47110_30	nanU|nanU_566500_bv	88.5	480	55	0	32	511	1	480	1.7e-253	877.1
SRR10507665|k141_47110_63	nanU|nanU_247095_bv	50.4	488	216	10	3	484	1	468	2.6e-126	454.5
SRR10507665|k141_47127_3	nanU|nanU_619586_bv	57.4	498	205	5	10	505	1	493	2.2e-160	567.8
SRR10507665|k141_30273_8	nanU|nanU_133031_bv	41.3	578	304	14	3	556	5	571	1.1e-104	382.9
SRR10507665|k141_30273_63	nanU|nanU_263213_bv	61.8	516	191	2	5	517	1	513	1.1e-188	661.8
SRR10507665|k141_30273_86	nanU|nanU_24278_bv	45.9	518	245	16	3	506	1	497	9.0e-114	412.9
SRR10507665|k141_30287_7	siaP|siaP_241302_bv	53.5	282	131	0	76	357	3	284	9.6e-86	319.3
SRR10507665|k141_30287_9	siaM|siaM_64182_bv	100.0	426	0	0	1	426	1	426	2.9e-214	746.5
SRR10507665|k141_63898_16	satD|WP_049168700.1	42.0	262	148	2	4	264	21	279	9.1e-54	213.0
SRR10507665|k141_12437_16	nagB|nagB_178655_bv	100.0	241	0	0	1	241	9	249	9.5e-138	491.5
SRR10507665|k141_30385_2	nanT|nanT_12471_bv	47.3	387	200	3	6	391	14	397	8.1e-89	329.7
SRR10507665|k141_30395_1	kpsM|kpsM_261_bv	100.0	240	0	0	1	240	1	240	4.4e-135	482.6
SRR10507665|k141_64001_2	satB|MFN4189717.1	44.7	304	167	1	1	304	1	303	2.9e-75	284.3
SRR10507665|k141_47353_26	nanU|nanU_91253_bv	70.2	598	164	6	4	598	1	587	1.2e-245	851.3
SRR10507665|k141_47353_30	nanU|nanU_556657_bv	50.5	604	272	11	21	617	1	584	1.6e-160	568.5
SRR10507665|k141_30471_8	SIAE|SIAE_7121_bv	100.0	522	0	0	1	522	1	522	0.0e+00	1075.8
SRR10507665|k141_12517_28	satD|WP_294441299.1	46.1	256	131	2	6	255	19	273	1.8e-59	231.9
SRR10507665|k141_12517_31	satB|WP_263079827.1	53.1	307	144	0	1	307	1	307	4.0e-88	327.0
SRR10507665|k141_64172_2	neuB|neuB_4129_bv	57.5	355	148	2	11	365	43	394	5.5e-113	409.8
SRR10507665|k141_12571_1	siaM|siaM_111883_bv	100.0	398	0	0	1	398	17	414	2.2e-216	753.4
SRR10507665|k141_47593_12	nanU|nanU_447203_bv	42.8	676	335	20	19	683	3	637	5.3e-133	477.2
SRR10507665|k141_47593_17	nagB|nagB_3155_bv	100.0	270	0	0	1	270	1	270	7.8e-157	555.1
SRR10507665|k141_30630_12	nanQ|nanQ_827_uniprot	100.0	152	0	0	1	152	1	152	1.7e-84	313.9
SRR10507665|k141_30638_1	nanA|nanA_14117_refseq	54.5	112	51	0	16	127	3	114	1.4e-31	137.9
SRR10507665|k141_47660_5	siaM|siaM_4007_bv	100.0	430	0	0	1	430	1	430	2.3e-235	816.6
SRR10507665|k141_47660_6	siaQ|siaQ_545706_bv	79.4	160	33	0	33	192	1	160	9.9e-69	261.9
SRR10507665|k141_12717_35	SIAE|SIAE_45363_bv	61.3	571	183	3	1	571	1	533	1.9e-205	717.6
SRR10507665|k141_64344_3	satD|HJG53471.1	40.5	190	107	3	28	213	37	224	5.6e-26	120.2
SRR10507665|k141_47694_5	siaM|siaM_136596_bv	100.0	427	0	0	1	427	1	427	2.9e-230	799.7
SRR10507665|k141_64363_2	nanU|nanU_444296_bv	42.0	541	286	12	1	527	3	529	4.2e-98	360.9
SRR10507665|k141_64363_5	nanU|nanU_399850_bv	44.8	536	267	12	1	521	7	528	5.1e-112	407.1
SRR10507665|k141_47763_19	nagB|nagB_90072_bv	100.0	256	0	0	1	256	1	256	2.6e-146	520.0
SRR10507665|k141_47763_20	nagA|nagA_16014_bv	100.0	398	0	0	1	398	1	398	1.4e-234	813.9
SRR10507665|k141_30739_3	nagB|nagB_80253_bv	89.2	297	1	1	1	266	1	297	2.2e-148	526.9
SRR10507665|k141_13031_2	siaQ|siaQ_17272_bv	100.0	175	0	0	1	175	1	175	9.8e-92	338.2
SRR10507665|k141_13031_3	siaM|siaM_23665_bv	100.0	424	0	0	1	424	1	424	8.9e-224	778.1
SRR10507665|k141_64605_2	nanA|nanA_27086_bv	99.7	307	1	0	1	307	22	328	6.6e-176	618.6
SRR10507665|k141_30787_18	nagA|nagA_95214_bv	100.0	379	0	0	1	379	3	381	1.5e-225	783.9
SRR10507665|k141_30787_21	siaM|siaM_75029_bv	100.0	434	0	0	1	434	1	434	2.7e-223	776.5
SRR10507665|k141_30787_22	siaQ|siaQ_30509_bv	100.0	176	0	0	1	176	1	176	8.3e-91	335.1
SRR10507665|k141_30787_23	siaP|siaP_129413_bv	73.3	262	70	0	78	339	16	277	1.1e-115	418.7
SRR10507665|k141_30787_84	nanK|nanK_9083_bv	40.9	286	155	6	6	291	5	276	7.3e-47	189.9
SRR10507665|k141_30787_132	SIAE|SIAE_5871_refseq	99.2	247	2	0	1	247	1	247	8.5e-142	505.0
SRR10507665|k141_30787_139	siaQ|siaQ_11850_bv	97.0	166	5	0	1	166	1	166	6.7e-82	305.4
SRR10507665|k141_30787_140	siaM|siaM_47036_bv	100.0	433	0	0	1	433	1	433	1.3e-225	784.3
SRR10507665|k141_47922_1	satD|WP_278717006.1	40.0	205	115	6	24	221	46	249	3.3e-28	127.5
SRR10507665|k141_30905_19	nanU|nanU_547060_bv	66.1	475	160	1	1	475	1	474	3.3e-182	640.2
SRR10507665|k141_13115_18	nanU|nanU_123241_bv	80.8	501	96	0	11	511	1	501	3.2e-244	846.3
SRR10507665|k141_13115_77	nanU|nanU_339340_bv	40.5	578	298	16	18	577	18	567	3.4e-101	371.3
SRR10507665|k141_13115_112	nanU|nanU_235265_bv	45.3	459	234	5	3	447	4	459	4.0e-105	384.0
SRR10507665|k141_48032_1	siaP|siaP_529008_bv	83.6	122	20	0	1	122	19	140	6.1e-56	218.8
SRR10507665|k141_48032_2	siaQ|siaQ_46191_bv	100.0	168	0	0	1	168	1	168	1.5e-84	314.3
SRR10507665|k141_48089_10	nagB|nagB_73579_bv	100.0	245	0	0	1	245	1	245	3.2e-141	503.1
SRR10507665|k141_48089_11	nagB|nagB_6094_bv	100.0	253	0	0	1	253	1	253	8.1e-148	525.0
SRR10507665|k141_48089_13	siaM|siaM_253543_bv	100.0	434	0	0	1	434	1	434	7.7e-215	748.4
SRR10507665|k141_48089_17	nagA|nagA_19237_bv	100.0	397	0	0	1	397	1	397	2.6e-241	836.3
SRR10507665|k141_64767_2	SIAE|SIAE_26355_refseq	100.0	240	0	0	1	240	28	267	1.8e-141	503.8
SRR10507665|k141_48099_6	nanU|nanU_114568_bv	43.2	622	333	11	2	610	24	638	2.0e-144	515.0
SRR10507665|k141_13276_12	satB|OPL08662.1	58.0	312	126	2	1	312	1	307	5.6e-93	343.2
SRR10507665|k141_48110_14	nanU|nanU_649704_bv	64.7	529	178	6	12	534	13	538	1.9e-199	697.6
SRR10507665|k141_64831_3	satD|WP_271417843.1	42.8	283	136	4	3	285	13	269	4.0e-60	234.2
SRR10507665|k141_13306_2	siaM|siaM_285099_bv	99.2	132	1	0	1	132	1	132	1.1e-60	234.6
SRR10507665|k141_31032_4	satD|WP_443367469.1	40.4	208	119	3	18	220	41	248	1.8e-29	131.7
SRR10507665|k141_48237_15	SIAE|SIAE_84968_bv	92.0	477	38	0	1	477	5	481	1.6e-269	930.2
SRR10507665|k141_13307_41	nanU|nanU_313707_bv	54.3	540	243	3	14	552	9	545	2.9e-166	587.4
SRR10507665|k141_13307_97	nanU|nanU_156911_bv	65.0	509	169	3	4	503	1	509	4.3e-193	676.4
SRR10507665|k141_13392_5	siaM|siaM_40897_bv	99.7	303	1	0	1	303	130	432	1.1e-162	574.7
SRR10507665|k141_65069_10	nanU|nanU_96286_bv	41.5	564	275	14	18	568	19	540	3.2e-112	407.9
SRR10507665|k141_13445_1	siaQ|siaQ_393318_bv	78.6	140	30	0	1	140	19	158	3.1e-56	219.9
SRR10507665|k141_13445_2	siaM|siaM_486661_bv	99.5	424	2	0	1	424	1	424	2.3e-219	763.5
SRR10507665|k141_48464_4	kpsT|kpsT_10521_bv	49.2	244	123	1	5	247	2	245	6.4e-65	249.6
SRR10507665|k141_48464_5	kpsM|kpsM_932_bv	51.1	268	120	4	20	287	2	258	1.6e-62	241.9
SRR10507665|k141_48484_1	satD|WP_332488897.1	46.6	262	126	2	1	249	1	261	4.3e-57	223.8
SRR10507665|k141_31255_42	nanU|nanU_305779_bv	60.5	598	231	3	1	598	1	593	1.4e-214	748.0
SRR10507665|k141_65139_3	satD|WP_373777344.1	40.0	240	128	8	11	244	32	261	3.3e-32	141.0
SRR10507665|k141_13504_2	nagB|nagB_1558_bv	100.0	243	0	0	1	243	1	243	1.2e-135	484.6
SRR10507665|k141_65201_45	satD|WP_069102428.1	45.1	266	141	4	4	269	9	269	1.1e-59	232.6
SRR10507665|k141_65226_22	satD|WP_207616619.1	40.3	216	129	0	14	229	32	247	5.8e-40	166.8
SRR10507665|k141_48662_5	nanR|nanR_1645_uniprot	100.0	247	0	0	1	247	1	247	3.0e-139	496.5
SRR10507665|k141_48676_3	satB|WP_263079827.1	64.9	308	108	0	1	308	1	308	1.7e-107	391.3
SRR10507665|k141_48676_6	satD|WP_400504934.1	46.1	256	131	2	5	254	10	264	6.6e-62	240.0
SRR10507665|k141_31367_57	nanU|nanU_580564_bv	99.8	483	1	0	10	492	12	494	6.2e-277	954.9
SRR10507665|k141_31367_63	nanE|nanE_2690_bv	100.0	234	0	0	1	234	1	234	1.2e-134	481.1
SRR10507665|k141_31367_76	nanU|nanU_302020_bv	40.7	573	300	17	19	583	4	544	1.8e-105	385.6
SRR10507665|k141_31367_91	nanU|nanU_514330_bv	99.4	469	2	1	7	475	1	468	1.0e-276	954.1
SRR10507665|k141_31367_109	nanU|nanU_338056_bv	92.6	554	41	0	14	567	1	554	0.0e+00	1094.0
SRR10507665|k141_31367_111	nanU|nanU_562513_bv	46.5	578	294	4	12	580	10	581	3.3e-136	487.6
SRR10507665|k141_48688_12	SIAE|SIAE_323_bv	100.0	473	0	0	1	473	1	473	2.6e-288	992.6
SRR10507665|k141_48700_1	satD|WP_227924124.1	46.9	211	112	0	1	211	52	262	1.1e-52	208.8
SRR10507665|k141_31459_1	siaM|siaM_378572_bv	94.4	143	8	0	1	143	1	143	1.2e-60	234.6
SRR10507665|k141_31459_2	siaQ|siaQ_2795_bv	100.0	167	0	0	1	167	1	167	1.0e-85	318.2
SRR10507665|k141_31459_3	siaP|siaP_99094_bv	87.6	251	31	0	105	355	1	251	5.2e-124	446.4
SRR10507665|k141_65443_3	satD|WP_136640697.1	40.1	252	149	1	7	258	8	257	6.5e-47	189.9
SRR10507665|k141_65443_6	satB|HMA59673.1	40.4	314	175	3	6	311	3	312	1.0e-51	206.1
SRR10507665|k141_65481_5	satD|WP_373777344.1	40.9	225	125	7	23	240	39	262	2.3e-35	151.4
SRR10507665|k141_48883_5	nanU|nanU_266727_bv	99.8	506	1	0	1	506	11	516	1.7e-301	1036.6
SRR10507665|k141_31555_1	nanK|nanK_25298_bv	93.6	140	9	0	1	140	32	171	7.6e-71	268.5
SRR10507665|k141_48937_13	nanU|nanU_255842_bv	99.8	507	1	0	1	507	14	520	6.1e-304	1044.6
SRR10507665|k141_48940_1	nanE|nanE_21903_bv	100.0	181	0	0	1	181	60	240	2.9e-99	363.2
SRR10507665|k141_65529_6	nanU|nanU_223470_bv	62.4	564	184	8	43	606	20	555	5.6e-203	709.5
SRR10507665|k141_14104_3	nanR|nanR_1411_uniprot	41.4	485	279	2	1	482	1	483	6.0e-99	363.6
SRR10507665|k141_49000_3	nanK|nanK_28066_bv	41.7	242	132	1	8	249	65	297	1.7e-41	171.8
SRR10507665|k141_65579_1	nanK|nanK_3632_bv	43.8	283	158	1	87	368	16	298	1.1e-63	246.1
SRR10507665|k141_49063_3	kpsD|kpsD_1302_bv	53.0	802	369	6	3	802	2	797	4.0e-241	836.6
SRR10507665|k141_49064_6	siaM|siaM_18784_bv	100.0	424	0	0	1	424	1	424	8.6e-227	788.1
SRR10507665|k141_49064_7	siaQ|siaQ_120781_bv	92.7	192	14	0	1	192	1	192	6.4e-92	339.0
SRR10507665|k141_65611_29	satD|WP_207616619.1	44.3	264	144	2	1	263	5	266	2.2e-60	235.0
SRR10507665|k141_65611_32	satB|OPL08662.1	40.9	318	174	1	1	318	1	304	6.2e-60	233.4
SRR10507665|k141_65636_1	SIAE|SIAE_32912_refseq	98.4	314	5	0	80	393	1	314	3.0e-181	636.7
SRR10507665|k141_31759_5	kpsD|kpsD_12100_bv	54.3	818	359	5	1	806	2	816	1.6e-253	877.9
SRR10507665|k141_49152_1	nanA|nanA_7899_bv	72.8	250	68	0	1	250	42	291	2.1e-108	394.0
SRR10507665|k141_31760_96	SIAE|SIAE_19383_bv	100.0	687	0	0	1	687	1	687	0.0e+00	1453.0
SRR10507665|k141_31760_98	nanU|nanU_151621_bv	79.0	543	114	0	1	543	1	543	4.4e-260	899.0
SRR10507665|k141_14396_14	SIAE|SIAE_2932_bv	100.0	474	0	0	1	474	1	474	8.6e-292	1004.2
SRR10507665|k141_14468_1	siaP|siaP_11826_bv	60.5	129	51	0	19	147	1	129	2.2e-42	174.1
SRR10507665|k141_49380_7	kpsM|kpsM_139_bv	99.6	243	1	0	1	243	1	243	1.3e-126	454.5
SRR10507665|k141_32005_1	siaM|siaM_5808_bv	100.0	425	0	0	1	425	1	425	4.0e-224	779.2
SRR10507665|k141_32005_2	siaQ|siaQ_501631_bv	51.0	155	76	0	1	155	1	155	2.5e-39	164.1
SRR10507665|k141_32005_3	siaP|siaP_302285_bv	98.3	288	5	0	54	341	1	288	5.6e-160	565.8
SRR10507665|k141_65969_3	satD|ODT68859.1	40.4	223	127	6	22	238	37	259	7.8e-30	133.3
SRR10507665|k141_49592_3	satB|WP_294084976.1	47.3	313	157	2	1	305	1	313	2.7e-73	277.7
SRR10507665|k141_14651_12	satD|WP_417218302.1	41.6	226	128	4	18	239	38	263	1.8e-36	155.2
SRR10507665|k141_32104_1	nanK|nanK_29780_bv	98.5	204	3	0	1	204	1	204	2.0e-111	404.1
SRR10507665|k141_32104_2	nanE|nanE_3313_bv	99.1	229	2	0	6	234	1	229	1.2e-124	448.0
SRR10507665|k141_14717_1	nanA|nanA_9368_uniprot	47.1	138	73	0	3	140	1	138	6.9e-30	132.9
SRR10507665|k141_14774_2	siaM|siaM_7073_bv	100.0	382	0	0	1	382	1	382	9.2e-204	711.4
SRR10507665|k141_66115_1	siaM|siaM_216987_bv	97.4	154	4	0	1	154	1	154	2.3e-73	276.9
SRR10507665|k141_66115_2	siaQ|siaQ_127718_bv	100.0	167	0	0	1	167	1	167	6.7e-82	305.4
SRR10507665|k141_66115_3	siaP|siaP_346130_bv	82.1	67	12	0	2	68	23	89	9.0e-25	114.4
SRR10507665|k141_66117_1	nanK|nanK_12783_bv	78.4	125	27	0	1	125	16	140	7.0e-52	205.3
SRR10507665|k141_49756_3	siaP|siaP_129413_bv	72.1	265	74	0	77	341	16	280	5.1e-113	409.8
SRR10507665|k141_49756_4	siaQ|siaQ_18191_bv	100.0	172	0	0	1	172	1	172	1.5e-89	330.9
SRR10507665|k141_49756_5	siaM|siaM_87354_bv	100.0	433	0	0	1	433	1	433	3.2e-221	769.6
SRR10507665|k141_32252_3	ompF|ompF_307_bv	73.2	392	84	6	1	377	1	386	2.1e-160	567.4
SRR10507665|k141_14840_1	nanR|nanR_3642_bv	40.9	225	116	6	1	218	3	217	1.2e-32	142.5
SRR10507665|k141_32257_1	nagB|nagB_50770_bv	96.1	128	5	0	1	128	1	128	1.4e-68	260.8
SRR10507665|k141_32301_2	satD|QLB21668.1	40.7	246	143	2	4	247	19	263	2.8e-42	174.5
SRR10507665|k141_49932_6	satD|WP_380818105.1	44.1	263	131	2	1	248	3	264	2.0e-53	211.5
SRR10507665|k141_66280_3	siaP|siaP_598204_bv	45.4	304	164	1	59	362	70	371	1.9e-73	278.5
SRR10507665|k141_66280_4	siaQ|siaQ_37453_bv	100.0	170	0	0	1	170	1	170	8.3e-88	325.1
SRR10507665|k141_32412_2	nanT|nanT_1111_uniprot	99.0	306	3	0	1	306	124	429	5.6e-167	589.0
SRR10507665|k141_14946_3	SIAE|SIAE_67366_bv	47.2	634	176	3	12	645	10	484	4.4e-166	587.0
SRR10507665|k141_32492_2	siaM|siaM_34563_bv	100.0	429	0	0	1	429	1	429	6.9e-208	725.3
SRR10507665|k141_32492_3	siaQ|siaQ_427091_bv	100.0	169	0	0	19	187	1	169	5.7e-90	332.4
SRR10507665|k141_32492_4	siaP|siaP_225938_bv	44.2	308	172	0	33	340	24	331	6.2e-66	253.4
SRR10507665|k141_15002_1	satD|WP_204567430.1	40.9	220	121	4	20	230	37	256	1.9e-33	145.2
SRR10507665|k141_15009_3	kpsT|kpsT_10521_bv	49.8	237	118	1	11	246	2	238	8.8e-62	239.2
SRR10507665|k141_15069_1	siaM|siaM_109674_bv	99.3	151	1	0	1	151	29	179	1.4e-73	277.7
SRR10507665|k141_15080_2	satB|WP_263079827.1	47.7	306	160	0	1	306	1	306	1.4e-77	292.0
SRR10507665|k141_50166_8	nanQ|nanQ_662_uniprot	100.0	159	0	0	1	159	1	159	9.5e-94	344.7
SRR10507665|k141_15114_21	nagA|nagA_56835_bv	100.0	381	0	0	1	381	1	381	3.8e-226	785.8
SRR10507665|k141_15116_1	satD|WP_046440496.1	42.5	200	112	1	1	197	44	243	3.2e-38	160.6
SRR10507665|k141_50185_1	nanH|nanH_23335_bv	64.9	168	58	1	14	181	1	167	2.5e-58	227.6
SRR10507665|k141_50192_7	kpsM|kpsM_209_bv	48.3	271	135	2	5	271	8	277	1.8e-68	261.5
SRR10507665|k141_50243_6	siaM|siaM_21359_bv	100.0	427	0	0	1	427	1	427	8.1e-225	781.6
SRR10507665|k141_66614_12	nanU|nanU_444742_bv	76.5	485	113	1	4	487	9	493	9.6e-222	771.5
SRR10507665|k141_66614_36	nanU|nanU_28295_bv	99.8	535	1	0	25	559	1	535	0.0e+00	1105.1
SRR10507665|k141_15280_2	siaQ|siaQ_366544_bv	100.0	168	0	0	1	168	1	168	2.8e-88	326.6
SRR10507665|k141_15280_3	siaM|siaM_27246_bv	100.0	428	0	0	1	428	1	428	9.7e-194	678.3
SRR10507665|k141_32788_1	nanK|nanK_5729_bv	40.8	201	106	3	6	195	3	201	6.7e-36	152.9
SRR10507665|k141_15310_5	nanK|nanK_7216_bv	43.1	327	161	6	4	328	1	304	3.4e-61	237.7
SRR10507665|k141_32819_2	kpsM|kpsM_162_bv	100.0	258	0	0	1	258	1	258	1.2e-135	484.6
SRR10507665|k141_15367_2	siaQ|siaQ_562825_bv	98.7	158	2	0	1	158	1	158	2.3e-84	313.5
SRR10507665|k141_15367_3	siaP|siaP_278922_bv	56.4	94	40	1	1	94	34	126	3.4e-22	106.3
SRR10507665|k141_32866_1	siaP|siaP_512058_bv	78.2	170	37	0	1	170	53	222	1.5e-76	287.7
SRR10507665|k141_32866_2	siaQ|siaQ_809_uniprot	100.0	176	0	0	1	176	1	176	1.7e-96	354.0
SRR10507665|k141_32866_3	siaM|siaM_534192_bv	100.0	193	0	0	1	193	1	193	7.4e-88	325.5
SRR10507665|k141_15463_2	siaQ|siaQ_462458_bv	69.9	153	46	0	1	153	1	153	1.1e-51	205.3
SRR10507665|k141_15463_3	siaM|siaM_530274_bv	98.0	250	5	0	1	250	1	250	9.5e-125	448.4
SRR10507665|k141_15509_2	satD|WP_271417843.1	48.8	211	99	3	1	206	63	269	4.9e-50	200.3
SRR10507665|k141_50551_2	siaM|siaM_164730_bv	100.0	200	0	0	1	200	1	200	6.5e-100	365.5
SRR10507665|k141_66711_157	nanU|nanU_73235_bv	100.0	510	0	0	1	510	1	510	1.7e-306	1053.1
SRR10507665|k141_66721_3	satD|WP_271417843.1	47.4	232	121	1	1	232	39	269	6.8e-61	236.5
SRR10507665|k141_66732_9	nanU|nanU_403585_bv	60.4	550	211	5	4	548	14	561	1.1e-186	655.2
SRR10507665|k141_15547_2	nagA|nagA_15549_bv	100.0	390	0	0	1	390	1	390	4.1e-231	802.4
SRR10507665|k141_15547_8	nagB|nagB_17718_bv	100.0	253	0	0	1	253	1	253	5.8e-146	518.8
SRR10507665|k141_33048_5	satB|WP_044748530.1	42.0	312	181	0	1	312	1	312	1.9e-69	265.0
SRR10507665|k141_33048_8	satD|WP_366180156.1	47.1	263	132	5	3	263	17	274	2.1e-55	218.4
SRR10507665|k141_66828_7	nanU|nanU_363656_bv	56.2	625	224	12	1	621	1	579	1.2e-187	658.7
SRR10507665|k141_50697_1	nagB|nagB_159319_bv	43.0	135	77	0	8	142	4	138	3.1e-25	117.1
SRR10507665|k141_33095_15	satD|WP_108832684.1	45.7	269	135	3	2	269	12	270	8.7e-60	233.0
SRR10507665|k141_33095_22	nanQ|nanQ_4393_uniprot	100.0	150	0	0	1	150	17	166	9.3e-83	308.1
SRR10507665|k141_50754_1	siaP|siaP_418419_bv	81.2	192	36	0	50	241	2	193	1.9e-85	317.8
SRR10507665|k141_66858_2	nagA|nagA_4377_bv	100.0	332	0	0	1	332	1	332	1.3e-193	677.6
SRR10507665|k141_50868_3	nanU|nanU_124174_bv	75.7	526	125	3	1	523	2	527	1.6e-238	827.4
SRR10507665|k141_50874_5	nagB|nagB_3271_bv	83.7	233	38	0	1	233	1	233	6.7e-115	415.6
SRR10507665|k141_50874_6	nanK|nanK_539_uniprot	100.0	313	0	0	1	313	1	313	1.4e-181	637.5
SRR10507665|k141_50902_1	nanK|nanK_16441_bv	41.0	210	120	3	2	209	7	214	8.0e-40	166.0
SRR10507665|k141_66987_3	SIAE|SIAE_80929_bv	64.2	95	33	1	6	99	2	96	9.8e-28	124.8
SRR10507665|k141_15862_1	nanK|nanK_24050_bv	77.4	137	31	0	1	137	9	145	4.7e-57	222.6
SRR10507665|k141_15874_1	satB|WP_263079827.1	44.9	245	134	1	1	245	1	244	4.0e-51	203.8
SRR10507665|k141_15876_4	neuD|neuD_7528_uniprot	100.0	222	0	0	1	222	1	222	1.5e-73	278.1
SRR10507665|k141_15896_1	SIAE|SIAE_1843_bv	43.2	259	143	3	3	259	76	332	8.6e-57	223.0
SRR10507665|k141_15914_1	siaP|siaP_692901_bv	85.4	157	23	0	24	180	5	161	7.1e-77	288.9
SRR10507665|k141_33370_55	nanU|nanU_574902_bv	99.8	500	1	0	1	500	2	501	5.8e-299	1028.1
SRR10507665|k141_33370_59	SIAE|SIAE_890_bv	100.0	687	0	0	1	687	1	687	0.0e+00	1438.7
SRR10507665|k141_33370_62	nanM|nanM_3259_bv	42.1	363	194	6	44	406	6	352	3.4e-71	271.2
SRR10507665|k141_33370_66	nagA|nagA_61378_bv	100.0	387	0	0	1	387	57	443	1.5e-225	783.9
SRR10507665|k141_67110_2	satD|HLT83775.1	46.4	233	124	1	25	257	32	263	5.1e-54	213.8
SRR10507665|k141_15964_1	nanU|nanU_597971_bv	99.8	443	1	0	1	443	14	456	2.6e-258	892.9
SRR10507665|k141_33387_50	satD|WP_242721802.1	43.0	258	136	4	6	256	19	272	1.1e-50	202.6
SRR10507665|k141_67173_2	siaQ|siaQ_586250_bv	42.0	169	98	0	1	169	1	169	4.1e-31	136.7
SRR10507665|k141_16141_2	nanA|nanA_9368_uniprot	42.4	132	76	0	6	137	2	133	1.6e-25	117.9
SRR10507665|k141_33493_21	kpsM|kpsM_380_bv	54.6	284	126	1	4	287	2	282	3.6e-83	310.5
SRR10507665|k141_33493_39	kpsD|kpsD_13595_bv	55.1	830	340	6	1	830	1	797	6.3e-258	892.5
SRR10507665|k141_33493_66	neuA|neuA_10131_uniprot	100.0	230	0	0	1	230	1	230	3.9e-133	476.1
SRR10507665|k141_33534_2	siaM|siaM_468905_bv	99.7	291	1	0	1	291	1	291	2.6e-150	533.5
SRR10507665|k141_16221_1	nanR|nanR_1299_uniprot	45.5	200	108	1	1	200	1	199	1.7e-39	164.9
SRR10507665|k141_33545_1	nanK|nanK_28066_bv	43.3	312	162	4	3	314	1	297	1.9e-61	238.4
SRR10507665|k141_67339_6	nanH|nanH_16860_bv	100.0	347	0	0	1	347	1	347	2.4e-214	746.5
SRR10507665|k141_67339_7	nanA|nanA_2588_bv	100.0	288	0	0	1	288	1	288	8.3e-165	581.6
SRR10507665|k141_67348_8	nanU|nanU_634927_bv	100.0	488	0	0	9	496	12	499	2.7e-288	992.6
SRR10507665|k141_16353_1	nanR|nanR_1411_uniprot	50.3	374	183	2	1	373	1	372	2.0e-94	348.2
SRR10507665|k141_16354_2	cpsK|cpsK_23_bv	85.7	356	51	0	1	356	1	356	7.8e-189	661.8
SRR10507665|k141_33674_1	kpsM|kpsM_956_bv	61.3	217	84	0	1	217	21	237	2.8e-67	257.3
SRR10507665|k141_16381_2	ompF|ompF_4074_bv	65.1	361	115	4	1	351	1	360	4.9e-135	483.0
SRR10507665|k141_16386_3	satB|HYU19386.1	41.5	316	182	2	1	316	1	313	5.7e-66	253.4
SRR10507665|k141_67415_6	nanU|nanU_151621_bv	68.0	525	167	1	19	543	20	543	2.2e-219	763.8
SRR10507665|k141_33797_1	siaT|siaT_44013_uniprot	99.5	429	2	0	1	429	1	429	9.6e-234	811.2
SRR10507665|k141_33842_2	nanU|nanU_88387_bv	42.9	501	275	6	12	505	7	503	5.8e-113	410.2
SRR10507665|k141_16451_20	nanU|nanU_254119_bv	99.0	509	5	0	1	509	8	516	5.7e-302	1038.1
SRR10507665|k141_33939_31	nanR|nanR_9292_uniprot	43.9	228	116	4	9	228	19	242	8.2e-39	162.9
SRR10507665|k141_33943_1	siaP|siaP_494293_bv	44.1	204	98	2	3	190	1	204	1.1e-43	178.7
SRR10507665|k141_33953_19	nanU|nanU_114568_bv	49.6	613	298	7	10	615	30	638	8.8e-172	605.9
SRR10507665|k141_33974_2	siaQ|siaQ_543916_bv	60.5	162	64	0	1	162	1	162	1.8e-47	191.0
SRR10507665|k141_16632_2	nanE|nanE_4587_uniprot	100.0	237	0	0	1	237	3	239	4.1e-133	476.1
SRR10507665|k141_16860_6	nanU|nanU_554903_bv	53.7	534	232	6	12	534	14	543	1.3e-166	588.6
SRR10507665|k141_16892_4	satB|HYI23826.1	40.2	316	180	2	1	308	1	315	1.3e-54	215.7
SRR10507665|k141_16893_3	nanH|nanH_4924_bv	51.3	357	163	7	23	374	47	397	5.8e-89	330.1
SRR10507665|k141_16984_2	siaM|siaM_111130_bv	100.0	435	0	0	1	435	1	435	1.7e-225	783.9
SRR10507665|k141_67934_20	kpsD|kpsD_13695_bv	63.6	800	285	3	1	800	28	821	9.0e-294	1011.5
SRR10507665|k141_67947_17	siaM|siaM_133397_bv	100.0	435	0	0	1	435	1	435	2.0e-223	776.9
SRR10507665|k141_67947_18	siaQ|siaQ_21193_bv	100.0	167	0	0	1	167	1	167	5.9e-86	318.9
SRR10507665|k141_67947_19	siaP|siaP_26827_bv	88.6	245	28	0	91	335	1	245	7.8e-122	439.1
SRR10507666|k141_25935_8	nanK|nanK_325_bv	79.9	314	63	0	1	314	1	314	7.0e-141	502.3
SRR10507666|k141_38918_19	nanQ|nanQ_1757_bv	96.8	155	5	0	1	155	1	155	2.5e-83	310.1
SRR10507666|k141_38918_20	siaQ|siaQ_196187_bv	41.7	144	82	2	3	145	10	152	2.1e-21	104.4
SRR10507666|k141_38918_21	siaT|siaT_19174_uniprot	90.6	425	40	0	1	425	1	425	3.2e-205	716.5
SRR10507666|k141_38918_22	siaP|siaP_523080_bv	53.2	316	144	3	14	328	17	329	2.6e-90	334.3
SRR10507666|k141_25951_24	SIAE|SIAE_23672_refseq	100.0	608	0	0	1	608	1	608	0.0e+00	1133.6
SRR10507666|k141_26078_35	kpsD|kpsD_13695_bv	54.7	685	307	2	60	742	138	821	9.2e-216	752.3
SRR10507666|k141_13059_53	nanQ|nanQ_3361_uniprot	99.3	148	1	0	1	148	1	148	7.3e-80	298.5
SRR10507666|k141_13118_1	nanU|nanU_548917_bv	47.3	459	236	5	1	458	27	480	2.4e-113	411.4
SRR10507666|k141_26199_6	nanU|nanU_517737_bv	45.4	454	232	9	8	456	1	443	3.6e-93	344.4
SRR10507666|k141_13138_3	nanU|nanU_428403_bv	69.7	492	149	0	3	494	4	495	6.2e-208	725.7
SRR10507666|k141_39162_18	siaQ|siaQ_175057_bv	77.9	163	36	0	1	163	1	163	2.0e-67	257.3
SRR10507666|k141_39162_19	siaM|siaM_24379_bv	100.0	427	0	0	1	427	1	427	2.4e-221	770.0
SRR10507666|k141_26362_7	nanU|nanU_378455_bv	50.1	541	255	10	4	533	2	538	1.5e-143	511.9
SRR10507666|k141_26362_11	nanQ|nanQ_7778_uniprot	98.6	148	2	0	1	148	1	148	1.7e-81	303.9
SRR10507666|k141_26366_4	nanE|nanE_1707_bv	100.0	249	0	0	1	249	1	249	7.0e-144	511.9
SRR10507666|k141_64_87	satD|HJG53471.1	40.5	190	107	3	28	213	37	224	7.3e-26	119.8
SRR10507666|k141_64_261	ompF|ompF_9889_bv	98.8	328	0	1	1	324	2	329	1.6e-185	650.6
SRR10507666|k141_64_416	satB|MFN4189717.1	44.4	304	168	1	1	304	1	303	1.4e-74	282.0
SRR10507666|k141_64_542	siaT|siaT_3434_uniprot	100.0	436	0	0	1	436	1	436	3.7e-209	729.6
SRR10507666|k141_64_543	siaQ|siaQ_46_uniprot	46.3	149	76	1	1	149	1	145	5.5e-30	132.9
SRR10507666|k141_64_581	nagB|nagB_80253_bv	84.2	297	16	1	1	266	1	297	3.8e-140	499.6
SRR10507666|k141_64_582	nagA|nagA_54888_bv	100.0	382	0	0	1	382	21	402	1.4e-220	767.3
SRR10507666|k141_13366_1	siaQ|siaQ_314201_bv	99.2	121	1	0	1	121	2	122	2.1e-61	236.9
SRR10507666|k141_39409_2	nanC|nanC_182_uniprot	100.0	72	0	0	1	72	17	88	6.1e-40	164.9
SRR10507666|k141_26410_54	nanU|nanU_140902_bv	99.8	489	1	0	1	489	1	489	1.9e-294	1013.1
SRR10507666|k141_26410_62	SIAE|SIAE_32812_refseq	100.0	265	0	0	1	265	1	265	6.7e-153	542.0
SRR10507666|k141_117_7	SIAE|SIAE_2082_bv	100.0	690	0	0	1	690	1	690	0.0e+00	1450.6
SRR10507666|k141_117_15	nanU|nanU_151621_bv	75.9	543	131	0	1	543	1	543	6.6e-256	885.2
SRR10507666|k141_117_87	neuD|neuD_298_bv	100.0	210	0	0	1	210	1	210	1.5e-46	188.3
SRR10507666|k141_117_88	neuB|neuB_8687_refseq	100.0	335	0	0	1	335	1	335	3.0e-190	666.4
SRR10507666|k141_117_89	neuC|neuC_8874_refseq	100.0	384	0	0	1	384	1	384	5.6e-217	755.4
SRR10507666|k141_117_91	neuA|neuA_581_bv	100.0	228	0	0	1	228	1	228	2.8e-123	443.4
SRR10507666|k141_39544_2	nanK|nanK_6215_bv	40.8	255	143	5	2	250	4	256	1.4e-45	185.7
SRR10507666|k141_13492_2	nanU|nanU_318479_bv	71.4	511	138	3	16	518	7	517	2.6e-226	786.9
SRR10507666|k141_142_6	nanU|nanU_98380_bv	72.4	576	155	4	11	585	1	573	3.9e-254	879.4
SRR10507666|k141_13506_43	nanU|nanU_216933_bv	40.5	524	276	7	18	539	3	492	1.4e-104	382.5
SRR10507666|k141_39718_1	ompF|ompF_3282_bv	64.8	142	47	1	1	139	4	145	3.6e-49	196.4
SRR10507666|k141_26521_16	siaP|siaP_99094_bv	83.7	245	40	0	95	339	1	245	1.2e-114	415.2
SRR10507666|k141_26521_17	siaQ|siaQ_147279_bv	100.0	167	0	0	1	167	1	167	1.0e-85	318.2
SRR10507666|k141_26521_18	siaM|siaM_16046_bv	100.0	435	0	0	1	435	1	435	2.1e-228	793.5
SRR10507666|k141_26530_2	nanA|nanA_43723_refseq	93.9	114	7	0	1	114	1	114	2.4e-55	216.9
SRR10507666|k141_26563_5	nanU|nanU_363656_bv	62.4	593	206	8	1	590	1	579	5.2e-206	719.5
SRR10507666|k141_26563_30	nanU|nanU_566500_bv	94.2	480	28	0	32	511	1	480	4.9e-269	928.7
SRR10507666|k141_212_94	satD|WP_271417843.1	46.3	257	116	4	24	280	35	269	4.3e-59	230.7
SRR10507666|k141_212_112	nagA|nagA_32211_bv	99.7	385	1	0	1	385	1	385	3.2e-228	792.7
SRR10507666|k141_13639_44	nanU|nanU_133699_bv	97.4	455	11	1	10	464	1	454	2.8e-255	882.9
SRR10507666|k141_13683_17	siaM|siaM_266458_bv	100.0	364	0	0	1	364	60	423	4.5e-192	672.5
SRR10507666|k141_13727_2	nanU|nanU_70254_bv	46.7	525	252	13	11	523	1	509	8.7e-120	433.0
SRR10507666|k141_26644_1	nanK|nanK_26820_bv	99.7	295	1	0	1	295	1	295	5.0e-165	582.4
SRR10507666|k141_26644_2	nanA|nanA_27086_bv	100.0	307	0	0	1	307	22	328	5.0e-176	619.0
SRR10507666|k141_39865_64	nanU|nanU_460596_bv	43.8	491	268	6	2	485	1	490	3.2e-108	394.4
SRR10507666|k141_260_63	nanU|nanU_270480_bv	42.7	560	284	14	5	555	12	543	4.6e-111	404.1
SRR10507666|k141_13805_5	siaM|siaM_322533_bv	94.1	321	19	0	1	321	9	329	3.8e-166	586.3
SRR10507666|k141_13845_2	nanK|nanK_7216_bv	43.5	324	158	7	7	328	4	304	2.5e-59	231.5
SRR10507666|k141_13876_2	nanK|nanK_22902_bv	43.8	315	177	0	1	315	1	315	2.2e-76	288.1
SRR10507666|k141_13876_3	nagB|nagB_13069_bv	71.8	241	68	0	1	241	1	241	2.9e-97	357.1
SRR10507666|k141_39913_42	nanQ|nanQ_373_bv	100.0	151	0	0	1	151	1	151	8.5e-84	311.6
SRR10507666|k141_39913_76	siaP|siaP_696401_bv	43.9	244	119	4	1	243	1	227	1.1e-51	206.1
SRR10507666|k141_39913_77	siaQ|siaQ_298229_bv	78.0	150	33	0	11	160	11	160	4.0e-63	243.0
SRR10507666|k141_39913_78	siaT|siaT_75287_uniprot	100.0	429	0	0	1	429	1	429	1.2e-228	794.3
SRR10507666|k141_39936_25	kpsM|kpsM_380_bv	54.6	284	126	1	4	287	2	282	3.6e-83	310.5
SRR10507666|k141_39936_43	kpsD|kpsD_13595_bv	54.9	830	341	6	1	830	1	797	6.3e-258	892.5
SRR10507666|k141_13999_2	nanU|nanU_53127_bv	52.6	532	235	6	8	536	15	532	1.8e-165	584.7
SRR10507666|k141_375_48	nanU|nanU_6501_bv	93.8	512	32	0	1	512	11	522	1.8e-287	989.9
SRR10507666|k141_375_51	nanU|nanU_572409_bv	42.0	459	253	6	72	526	137	586	9.4e-98	359.8
SRR10507666|k141_375_88	nanU|nanU_110287_bv	80.4	510	96	3	1	507	1	509	2.5e-249	863.2
SRR10507666|k141_375_91	nanU|nanU_599085_bv	100.0	537	0	0	1	537	3	539	0.0e+00	1104.4
SRR10507666|k141_375_96	nagA|nagA_3038_bv	100.0	388	0	0	1	388	1	388	8.2e-224	778.1
SRR10507666|k141_375_97	nagA|nagA_8875_bv	100.0	386	0	0	1	386	1	386	2.4e-220	766.5
SRR10507666|k141_39952_5	nanU|nanU_357702_bv	96.9	508	16	0	1	508	4	511	2.1e-296	1019.6
SRR10507666|k141_39952_24	nanU|nanU_77020_bv	49.1	585	272	10	1	574	1	570	1.0e-161	572.4
SRR10507666|k141_26900_26	nagA|nagA_10867_uniprot	100.0	379	0	0	1	379	7	385	2.9e-226	786.2
SRR10507666|k141_14168_1	nanH|nanH_65604_bv	99.1	464	4	0	1	464	132	595	3.9e-281	968.8
SRR10507666|k141_40015_20	satD|MBF1225435.1	46.9	262	134	2	8	269	13	269	2.9e-60	234.6
SRR10507666|k141_40015_23	satB|EOS39101.1	41.7	300	172	1	1	297	12	311	2.6e-60	234.6
SRR10507666|k141_475_85	nanU|nanU_317574_bv	100.0	511	0	0	1	511	6	516	1.1e-308	1060.4
SRR10507666|k141_475_93	nanU|nanU_497957_bv	75.7	486	117	1	11	496	2	486	2.4e-220	766.9
SRR10507666|k141_40084_3	siaM|siaM_61459_bv	100.0	426	0	0	1	426	1	426	4.3e-226	785.8
SRR10507666|k141_40084_4	siaQ|siaQ_484243_bv	80.0	170	34	0	1	170	1	170	1.8e-74	280.8
SRR10507666|k141_40084_5	siaP|siaP_279185_bv	99.1	110	1	0	9	118	1	110	1.1e-54	214.5
SRR10507666|k141_501_3	nanU|nanU_18478_bv	96.7	541	18	0	1	541	1	541	5.5e-311	1068.1
SRR10507666|k141_40091_32	siaQ|siaQ_3733_bv	100.0	160	0	0	1	160	1	160	9.6e-86	318.2
SRR10507666|k141_40091_33	siaM|siaM_2231_bv	100.0	434	0	0	1	434	1	434	4.0e-227	789.3
SRR10507666|k141_40091_116	nanR|nanR_4806_bv	40.6	224	120	5	1	219	3	218	3.0e-33	144.4
SRR10507666|k141_538_16	nanU|nanU_327941_bv	100.0	551	0	0	1	551	1	551	0.0e+00	1133.2
SRR10507666|k141_27022_26	nanU|nanU_230315_bv	99.8	510	1	0	4	513	18	527	7.1e-308	1057.7
SRR10507666|k141_27041_15	nanU|nanU_270808_bv	96.3	493	18	0	1	493	1	493	3.2e-281	969.1
SRR10507666|k141_569_45	siaP|siaP_129413_bv	73.3	262	70	0	78	339	16	277	1.1e-115	418.7
SRR10507666|k141_569_46	siaQ|siaQ_30509_bv	100.0	176	0	0	1	176	1	176	8.3e-91	335.1
SRR10507666|k141_569_47	siaM|siaM_75029_bv	100.0	434	0	0	1	434	1	434	2.7e-223	776.5
SRR10507666|k141_569_50	nagA|nagA_95214_bv	100.0	379	0	0	1	379	3	381	1.5e-225	783.9
SRR10507666|k141_609_5	nagB|nagB_89976_bv	56.3	213	91	1	35	247	1	211	9.6e-61	235.7
SRR10507666|k141_612_2	nanU|nanU_194521_bv	99.8	517	1	0	1	517	1	517	3.6e-312	1072.0
SRR10507666|k141_612_42	nanU|nanU_298447_bv	98.2	544	10	0	1	544	1	544	0.0e+00	1124.4
SRR10507666|k141_14377_36	nanE|nanE_856_bv	100.0	235	0	0	1	235	1	235	9.0e-133	474.9
SRR10507666|k141_740_1	satD|WP_237222188.1	40.2	266	137	7	1	252	25	282	1.1e-38	162.9
SRR10507666|k141_27138_77	siaM|siaM_9035_bv	100.0	424	0	0	1	424	1	424	3.8e-214	746.1
SRR10507666|k141_27138_78	siaQ|siaQ_480775_bv	52.5	160	76	0	4	163	1	160	5.2e-34	146.4
SRR10507666|k141_27138_88	nanQ|nanQ_5285_uniprot	100.0	154	0	0	1	154	1	154	1.7e-87	323.9
SRR10507666|k141_27138_90	siaM|siaM_21997_bv	100.0	429	0	0	1	429	1	429	1.7e-230	800.4
SRR10507666|k141_27138_112	siaQ|siaQ_3735_bv	100.0	166	0	0	1	166	1	166	1.5e-81	304.3
SRR10507666|k141_27138_113	siaM|siaM_61452_bv	100.0	433	0	0	1	433	1	433	2.0e-223	776.9
SRR10507666|k141_27193_2	siaM|siaM_416529_bv	100.0	430	0	0	1	430	3	432	2.4e-200	700.3
SRR10507666|k141_27329_4	siaM|siaM_34088_bv	100.0	433	0	0	1	433	1	433	1.5e-213	744.2
SRR10507666|k141_27329_5	siaQ|siaQ_284184_bv	100.0	166	0	0	1	166	1	166	1.3e-88	327.8
SRR10507666|k141_767_2	siaM|siaM_25544_bv	83.5	425	70	0	1	425	1	425	3.1e-184	646.7
SRR10507666|k141_767_18	nanR|nanR_1299_uniprot	46.7	225	119	1	1	225	1	224	9.7e-52	205.7
SRR10507666|k141_767_45	nanK|nanK_28066_bv	43.3	312	162	4	3	314	1	297	1.9e-61	238.4
SRR10507666|k141_40386_48	nanU|nanU_203213_bv	97.4	504	13	0	5	508	2	505	6.9e-295	1014.6
SRR10507666|k141_40406_3	SIAE|SIAE_15570_uniprot	46.7	508	266	3	1	505	1	506	5.3e-130	466.8
SRR10507666|k141_14495_36	satD|WP_290245837.1	45.1	257	141	0	4	260	13	269	1.4e-56	222.2
SRR10507666|k141_14495_39	satB|WP_092993682.1	45.3	333	161	3	1	333	1	312	1.5e-69	265.4
SRR10507666|k141_27341_28	siaM|siaM_2556_bv	100.0	431	0	0	1	431	1	431	1.4e-227	790.8
SRR10507666|k141_27341_29	siaQ|siaQ_967_uniprot	78.1	155	34	0	1	155	17	171	4.6e-64	246.1
SRR10507666|k141_27341_47	satD|WP_245637405.1	47.3	245	124	3	22	263	30	272	7.0e-59	229.9
SRR10507666|k141_27341_51	satB|MCL2228095.1	44.4	311	165	2	1	311	1	303	3.4e-66	254.2
SRR10507666|k141_27367_1	nanA|nanA_10102_uniprot	44.4	144	80	0	1	144	12	155	8.8e-33	142.1
SRR10507666|k141_40566_1	satD|WP_144591788.1	40.1	207	115	4	17	216	31	235	1.6e-27	125.2
SRR10507666|k141_831_4	nagB|nagB_1605_bv	100.0	270	0	0	1	270	1	270	4.6e-157	555.8
SRR10507666|k141_831_77	nanU|nanU_256145_bv	75.0	544	133	2	1	543	4	545	4.3e-255	882.5
SRR10507666|k141_14599_73	kpsD|kpsD_4989_bv	70.5	787	221	5	37	814	14	798	0.0e+00	1111.3
SRR10507666|k141_14599_95	nanU|nanU_14067_bv	58.4	466	187	4	25	486	30	492	2.7e-160	567.4
SRR10507666|k141_40658_1	SIAE|SIAE_3029_bv	99.8	489	1	0	1	489	1	489	1.7e-295	1016.5
SRR10507666|k141_843_3	satD|RRG00069.1	43.1	260	142	1	2	255	10	269	1.9e-56	221.9
SRR10507666|k141_843_6	satB|MCL2228095.1	46.4	308	164	1	1	308	1	307	2.2e-73	278.1
SRR10507666|k141_14663_2	satD|MDR2257110.1	48.3	234	120	1	21	254	41	273	2.1e-55	218.4
SRR10507666|k141_14663_5	satB|WP_263079827.1	48.2	309	159	1	1	309	1	308	1.5e-71	271.9
SRR10507666|k141_27510_3	satB|MFN4189717.1	40.8	336	166	3	1	336	1	303	5.0e-68	260.4
SRR10507666|k141_27510_6	satD|WP_207616619.1	45.1	268	147	0	1	268	1	268	3.7e-63	244.2
SRR10507666|k141_27567_33	siaQ|siaQ_484843_bv	93.4	183	12	0	1	183	1	183	3.2e-85	316.6
SRR10507666|k141_27567_34	siaM|siaM_18443_bv	100.0	438	0	0	1	438	1	438	7.8e-231	801.6
SRR10507666|k141_27569_11	nagB|nagB_33528_bv	100.0	254	0	0	1	254	1	254	3.7e-148	526.2
SRR10507666|k141_870_5	nanM|nanM_3259_bv	44.9	345	175	5	30	374	19	348	1.1e-71	272.7
SRR10507666|k141_870_8	SIAE|SIAE_95504_bv	100.0	689	0	0	1	689	1	689	0.0e+00	1449.1
SRR10507666|k141_870_12	nanU|nanU_444739_bv	99.8	474	1	0	31	504	1	474	1.4e-284	980.3
SRR10507666|k141_870_90	nanU|nanU_256145_bv	99.3	542	4	0	1	542	4	545	0.0e+00	1134.0
SRR10507666|k141_870_93	nanU|nanU_42577_bv	77.5	537	119	2	1	537	2	536	1.6e-249	864.0
SRR10507666|k141_14833_1	nanA|nanA_1129_bv	100.0	241	0	0	1	241	65	305	3.3e-138	493.0
SRR10507666|k141_27614_22	nanK|nanK_7216_bv	41.4	309	169	4	12	317	4	303	7.7e-58	226.5
SRR10507666|k141_40828_27	satB|WP_053206816.1	40.8	316	182	3	1	314	1	313	4.1e-56	220.7
SRR10507666|k141_14969_8	nanR|nanR_9292_uniprot	43.6	227	118	4	9	228	19	242	1.1e-38	162.5
SRR10507666|k141_40924_22	satD|WP_136453715.1	46.6	264	136	2	1	262	1	261	1.2e-63	245.7
SRR10507666|k141_40924_26	satB|HUX88249.1	42.1	318	177	3	4	319	2	314	3.0e-62	241.1
SRR10507666|k141_992_102	nanT|nanT_1111_uniprot	98.1	429	8	0	1	429	1	429	4.8e-233	808.9
SRR10507666|k141_992_130	siaQ|siaQ_81209_bv	63.3	150	55	0	1	150	1	150	1.1e-47	191.8
SRR10507666|k141_992_131	siaM|siaM_4626_bv	100.0	421	0	0	1	421	1	421	1.1e-226	787.7
SRR10507666|k141_992_192	siaQ|siaQ_226247_bv	43.1	153	83	2	1	151	1	151	4.2e-26	120.2
SRR10507666|k141_992_193	siaM|siaM_59280_bv	100.0	436	0	0	1	436	1	436	2.3e-235	816.6
SRR10507666|k141_992_194	siaP|siaP_745430_bv	45.7	300	162	1	44	342	31	330	1.1e-75	285.8
SRR10507666|k141_992_243	satB|WP_263079827.1	61.3	313	116	1	1	313	1	308	4.8e-105	383.3
SRR10507666|k141_992_246	satD|WP_255793737.1	45.7	258	131	2	8	259	13	267	3.3e-61	237.7
SRR10507666|k141_992_261	satD|WP_294441299.1	43.7	261	139	3	3	256	14	273	4.0e-59	230.7
SRR10507666|k141_992_263	satB|WP_263079827.1	50.5	309	151	1	1	309	1	307	9.9e-82	305.8
SRR10507666|k141_1005_63	nanQ|nanQ_2907_uniprot	96.0	149	6	0	1	149	1	149	1.0e-81	304.7
SRR10507666|k141_27831_1	SIAE|SIAE_63972_bv	49.5	652	148	3	11	662	14	484	1.2e-177	625.5
SRR10507666|k141_27831_4	nanU|nanU_91253_bv	58.4	594	237	6	1	591	1	587	4.9e-204	713.0
SRR10507666|k141_27831_8	nanU|nanU_556657_bv	48.0	625	277	15	3	621	2	584	9.2e-153	542.7
SRR10507666|k141_40994_2	nanU|nanU_402827_bv	41.1	564	293	18	5	552	43	583	7.1e-104	380.2
SRR10507666|k141_15135_20	siaM|siaM_6793_bv	100.0	431	0	0	1	431	1	431	1.8e-211	737.3
SRR10507666|k141_15161_4	neuA|neuA_17703_uniprot	99.5	215	1	0	1	215	1	215	6.5e-122	438.7
SRR10507666|k141_1021_220	nanQ|nanQ_374_uniprot	100.0	208	0	0	1	208	1	208	1.7e-119	430.6
SRR10507666|k141_15321_1	nagA|nagA_3600_bv	98.3	242	4	0	1	242	30	271	4.4e-135	482.6
SRR10507666|k141_41107_1	satB|MGC9321065.1	40.3	233	139	0	3	235	53	285	3.3e-50	200.7
SRR10507666|k141_28063_21	nagB|nagB_2026_bv	100.0	245	0	0	1	245	1	245	5.9e-135	482.3
SRR10507666|k141_41113_7	neuA|neuA_34995_bv	94.3	228	13	0	1	228	1	228	1.8e-122	440.7
SRR10507666|k141_41113_9	neuC|neuC_2596_refseq	99.7	384	1	0	1	384	1	384	8.1e-216	751.5
SRR10507666|k141_41113_10	neuB|neuB_9042_refseq	95.2	335	16	0	1	335	1	335	1.1e-181	637.9
SRR10507666|k141_41113_11	neuD|neuD_598_bv	100.0	213	0	0	1	213	1	213	3.7e-61	236.9
SRR10507666|k141_1071_35	nanU|nanU_587755_bv	70.3	455	125	4	46	491	1	454	9.7e-198	691.8
SRR10507666|k141_41221_2	nagB|nagB_5474_bv	100.0	263	0	0	1	263	1	263	1.5e-152	540.8
SRR10507666|k141_41256_2	satB|MDR1520311.1	44.8	297	163	1	1	297	18	313	2.4e-69	264.6
SRR10507666|k141_28258_10	kpsE|kpsE_720_bv	100.0	371	0	0	1	371	12	382	2.3e-199	696.8
SRR10507666|k141_28258_11	kpsD|kpsD_11_bv	100.0	558	0	0	1	558	1	558	0.0e+00	1078.9
SRR10507666|k141_41324_1	SIAE|SIAE_59477_bv	91.7	108	9	0	32	139	1	108	3.5e-52	206.5
SRR10507666|k141_1181_3	nagB|nagB_186080_bv	84.7	249	2	1	1	249	1	213	9.2e-112	405.2
SRR10507666|k141_15632_23	satD|WP_149083920.1	41.4	210	108	7	17	216	30	234	3.7e-27	124.0
SRR10507666|k141_15632_32	satD|KFC16516.1	49.0	243	119	3	16	258	34	271	9.9e-58	226.1
SRR10507666|k141_15632_35	satB|WP_263079827.1	55.7	307	135	1	1	307	1	306	5.5e-90	333.2
SRR10507666|k141_41403_36	nanU|nanU_573757_bv	63.5	496	175	3	16	505	10	505	8.5e-189	662.1
SRR10507666|k141_1268_23	neuD|neuD_6715_uniprot	64.7	218	77	0	3	220	5	222	6.2e-51	203.0
SRR10507666|k141_1268_91	nagA|nagA_2424_bv	100.0	383	0	0	1	383	1	383	3.4e-222	772.7
SRR10507666|k141_28259_207	ompF|ompF_60602_refseq	97.8	368	4	1	1	364	1	368	8.2e-210	731.5
SRR10507666|k141_28259_520	nanK|nanK_707_uniprot	55.3	349	154	1	51	397	3	351	1.7e-107	391.7
SRR10507666|k141_1277_36	nanR|nanR_320_uniprot	100.0	259	0	0	1	259	1	259	1.4e-139	497.7
SRR10507666|k141_41628_2	satD|WP_102240344.1	43.7	261	139	3	2	257	6	263	1.3e-54	215.7
SRR10507666|k141_28272_99	nanU|nanU_485807_bv	99.2	493	4	0	1	493	1	493	2.1e-288	993.0
SRR10507666|k141_15842_53	SIAE|SIAE_64512_bv	56.1	651	268	5	1	634	1	650	6.7e-223	775.8
SRR10507666|k141_41674_6	nagA|nagA_1103_bv	100.0	379	0	0	1	379	1	379	6.5e-226	785.0
SRR10507666|k141_1349_73	nanU|nanU_17066_bv	100.0	541	0	0	1	541	1	541	0.0e+00	1132.9
SRR10507666|k141_15924_2	satD|WP_278821704.1	40.2	234	136	3	18	247	32	265	8.6e-37	156.4
SRR10507666|k141_41711_27	kpsD|kpsD_12100_bv	50.5	858	399	7	1	858	1	832	7.8e-243	842.4
SRR10507666|k141_41711_42	kpsM|kpsM_242_bv	50.9	289	134	2	2	290	1	281	7.5e-81	302.8
SRR10507666|k141_28449_2	neuA|neuA_27992_uniprot	100.0	221	0	0	1	221	1	221	4.9e-133	475.7
SRR10507666|k141_15984_9	nanK|nanK_7216_bv	41.3	310	169	5	12	318	4	303	1.7e-57	225.3
SRR10507666|k141_28468_9	nanA|nanA_8957_bv	74.2	291	75	0	1	291	1	291	3.0e-130	466.8
SRR10507666|k141_28468_34	satD|WP_003847251.1	42.2	230	129	1	25	250	35	264	3.9e-43	177.6
SRR10507666|k141_1527_1	nanE|nanE_330_bv	100.0	206	0	0	1	206	1	206	1.2e-112	407.9
SRR10507666|k141_1542_1	nagB|nagB_5530_bv	99.6	264	1	0	1	264	1	264	6.3e-151	535.4
SRR10507666|k141_1600_5	siaP|siaP_595670_bv	41.0	290	171	0	62	351	30	319	1.1e-60	236.1
SRR10507666|k141_28516_3	satB|WP_263079827.1	55.0	307	138	0	1	307	1	307	1.8e-88	328.2
SRR10507666|k141_28516_13	siaM|siaM_21349_bv	100.0	433	0	0	1	433	1	433	8.8e-227	788.1
SRR10507666|k141_1648_29	nanU|nanU_415551_bv	61.6	437	167	1	7	443	1	436	1.6e-151	538.1
SRR10507666|k141_16125_2	neuB|neuB_17552_bv	100.0	262	0	0	1	262	1	262	9.0e-142	505.0
SRR10507666|k141_1672_9	satD|WP_227924124.1	45.1	255	134	1	4	252	12	266	1.6e-60	235.3
SRR10507666|k141_1672_12	satB|MDR1520311.1	52.7	315	148	1	1	315	1	314	1.5e-85	318.5
SRR10507666|k141_1672_23	satD|HLR28547.1	44.7	255	134	2	5	253	11	264	1.5e-58	228.8
SRR10507666|k141_1672_27	satB|MFN4189717.1	49.7	304	152	1	1	304	1	303	1.2e-73	278.9
SRR10507666|k141_28584_38	nanU|nanU_628889_bv	99.8	527	1	0	13	539	1	527	9.5e-313	1073.9
SRR10507666|k141_28584_56	nanU|nanU_477395_bv	99.3	577	4	0	12	588	1	577	0.0e+00	1209.1
SRR10507666|k141_41798_107	nanU|nanU_383909_bv	58.3	600	239	8	1	598	1	591	9.4e-195	682.2
SRR10507666|k141_41798_128	nanU|nanU_69323_bv	42.4	575	297	16	11	572	4	557	3.0e-105	384.8
SRR10507666|k141_41798_137	nanU|nanU_339340_bv	41.3	564	299	15	21	573	25	567	9.0e-102	373.2
SRR10507666|k141_41798_201	nanU|nanU_210717_bv	66.3	499	161	6	14	509	4	498	5.2e-186	652.9
SRR10507666|k141_41807_3	nanK|nanK_17845_bv	47.4	268	138	3	1	266	5	271	3.1e-65	250.8
SRR10507666|k141_16286_5	nanU|nanU_320579_bv	40.8	573	280	12	14	581	15	533	1.7e-95	352.4
SRR10507666|k141_28639_6	kpsM|kpsM_163_bv	64.7	258	91	0	1	258	1	258	1.9e-88	327.8
SRR10507666|k141_41836_7	SIAE|SIAE_69807_bv	100.0	473	0	0	1	473	3	475	1.2e-290	1000.3
SRR10507666|k141_16297_142	nanR|nanR_3543_uniprot	40.8	213	124	1	21	231	34	246	3.0e-30	134.4
SRR10507666|k141_16297_143	nanR|nanR_5995_uniprot	54.1	229	103	1	1	227	19	247	3.1e-61	237.3
SRR10507666|k141_1741_4	nanU|nanU_415572_bv	99.0	384	4	0	60	443	11	394	7.0e-223	775.4
SRR10507666|k141_1741_7	nanU|nanU_572409_bv	43.5	462	248	6	69	526	134	586	2.6e-100	368.2
SRR10507666|k141_1767_1	nanC|nanC_2870_bv	82.1	151	26	1	1	151	3	152	2.1e-67	257.3
SRR10507666|k141_16305_4	nagB|nagB_19879_bv	100.0	246	0	0	1	246	1	246	2.5e-141	503.4
SRR10507666|k141_16305_75	satD|WP_124933466.1	47.6	250	129	1	13	262	20	267	1.2e-58	229.2
SRR10507666|k141_28930_5	siaP|siaP_363964_bv	75.0	312	78	0	52	363	23	334	2.1e-136	487.6
SRR10507666|k141_28930_7	siaM|siaM_11737_bv	100.0	428	0	0	1	428	1	428	2.1e-220	766.9
SRR10507666|k141_42114_3	nanU|nanU_430414_bv	45.3	616	300	10	24	630	24	611	2.7e-144	514.6
SRR10507666|k141_42116_2	nanE|nanE_1990_bv	100.0	207	0	0	1	207	26	232	1.1e-113	411.4
SRR10507666|k141_42143_2	neuD|neuD_4195_uniprot	88.5	209	24	0	1	209	1	209	4.3e-86	319.7
SRR10507666|k141_2020_1	nanQ|nanQ_2291_uniprot	74.0	150	39	0	1	150	1	150	1.5e-64	247.7
SRR10507666|k141_16441_19	satD|WP_069102428.1	45.3	258	138	2	4	259	13	269	1.3e-60	235.7
SRR10507666|k141_2074_34	nanU|nanU_192388_bv	62.0	582	212	7	1	578	1	577	2.9e-209	730.3
SRR10507666|k141_2077_2	satD|WP_295893293.1	40.8	206	119	3	20	222	28	233	1.9e-31	138.3
SRR10507666|k141_2081_1	kpsD|kpsD_13620_bv	97.8	232	5	0	1	232	47	278	3.3e-125	450.3
SRR10507666|k141_29167_6	nanQ|nanQ_214_uniprot	100.0	149	0	0	1	149	1	149	6.0e-82	305.4
SRR10507666|k141_2145_3	SIAE|SIAE_11176_bv	99.8	410	1	0	1	410	6	415	1.1e-250	867.5
SRR10507666|k141_2192_2	neuA|neuA_11269_bv	88.8	116	13	0	1	116	1	116	1.7e-53	210.7
SRR10507666|k141_2208_2	siaP|siaP_40398_bv	100.0	274	0	0	1	274	1	274	2.0e-160	567.0
SRR10507666|k141_16574_6	satD|WP_171483497.1	40.8	228	127	6	17	238	45	270	6.4e-33	143.3
SRR10507666|k141_29275_4	nanH|nanH_19059_bv	99.8	433	1	0	119	551	1	433	9.7e-263	907.9
SRR10507666|k141_29309_1	nanA|nanA_367_bv	100.0	216	0	0	1	216	1	216	4.5e-123	442.6
SRR10507666|k141_29309_2	nanE|nanE_31455_bv	100.0	227	0	0	1	227	3	229	2.7e-126	453.4
SRR10507666|k141_29335_2	nagA|nagA_154166_bv	64.3	375	133	1	11	385	1	374	1.9e-148	527.7
SRR10507666|k141_29369_1	neuA|neuA_11023_uniprot	61.6	159	60	1	13	171	3	160	2.7e-54	213.8
SRR10507666|k141_2282_2	SIAE|SIAE_88384_bv	100.0	473	0	0	1	473	5	477	8.8e-289	994.2
SRR10507666|k141_2287_35	nanR|nanR_6426_uniprot	47.8	228	119	0	1	228	59	286	1.5e-52	208.4
SRR10507666|k141_16618_18	nanK|nanK_9083_bv	40.9	286	155	6	6	291	5	276	7.3e-47	189.9
SRR10507666|k141_16618_67	SIAE|SIAE_219_refseq	98.8	247	3	0	1	247	1	247	1.7e-142	507.3
SRR10507666|k141_16618_74	siaQ|siaQ_11850_bv	96.4	166	6	0	1	166	1	166	2.5e-81	303.5
SRR10507666|k141_16618_75	siaM|siaM_47036_bv	100.0	433	0	0	1	433	1	433	1.3e-225	784.3
SRR10507666|k141_42432_81	siaM|siaM_5114_bv	100.0	428	0	0	1	428	1	428	1.4e-221	770.8
SRR10507666|k141_42432_82	siaQ|siaQ_76954_bv	100.0	202	0	0	1	202	1	202	6.4e-111	402.1
SRR10507666|k141_42432_108	nanA|nanA_11995_bv	59.3	297	121	0	1	297	1	297	2.2e-102	374.4
SRR10507666|k141_42432_109	satD|WP_069102428.1	43.4	267	145	3	1	267	9	269	3.8e-55	217.6
SRR10507666|k141_42432_182	nanQ|nanQ_137_bv	100.0	154	0	0	1	154	1	154	1.3e-87	324.3
SRR10507666|k141_42432_243	siaM|siaM_98681_bv	100.0	429	0	0	1	429	1	429	6.7e-227	788.5
SRR10507666|k141_42432_244	siaQ|siaQ_151783_bv	93.5	169	11	0	1	169	1	169	3.3e-84	313.2
SRR10507666|k141_42432_245	siaP|siaP_685834_bv	73.6	303	80	0	68	370	24	326	6.1e-128	459.5
SRR10507666|k141_29680_1	nanH|nanH_11194_bv	62.3	621	234	0	3	623	2	622	2.2e-231	803.9
SRR10507666|k141_16727_13	satB|MCL2228095.1	47.2	309	161	2	1	309	1	307	1.5e-74	282.0
SRR10507666|k141_16727_16	satD|WP_150381745.1	46.1	256	131	2	4	253	16	270	1.1e-59	232.6
SRR10507666|k141_16727_17	nanQ|nanQ_4507_uniprot	93.3	150	10	0	1	150	1	150	4.8e-79	295.8
SRR10507666|k141_29725_17	siaQ|siaQ_120781_bv	92.7	192	14	0	1	192	1	192	6.4e-92	339.0
SRR10507666|k141_29725_18	siaM|siaM_18784_bv	100.0	424	0	0	1	424	1	424	8.6e-227	788.1
SRR10507666|k141_42655_1	satB|MCF8482462.1	43.6	273	133	1	1	273	59	310	3.0e-50	201.1
SRR10507666|k141_2310_170	neuD|neuD_2237_refseq	100.0	211	0	0	1	211	1	211	6.6e-119	428.7
SRR10507666|k141_2310_171	kpsT|kpsT_10521_bv	45.7	234	125	2	9	241	7	239	2.6e-58	227.6
SRR10507666|k141_2310_172	kpsM|kpsM_603_bv	99.2	260	2	0	1	260	1	260	1.3e-135	484.6
SRR10507666|k141_2310_383	siaM|siaM_82086_bv	100.0	425	0	0	1	425	1	425	1.2e-223	777.7
SRR10507666|k141_2310_384	siaQ|siaQ_501631_bv	51.0	155	76	0	1	155	1	155	2.5e-39	164.1
SRR10507666|k141_2310_385	siaP|siaP_302285_bv	98.6	288	4	0	54	341	1	288	6.6e-161	568.9
SRR10507666|k141_29930_9	satD|WP_290245837.1	48.2	193	97	2	8	199	9	199	1.1e-46	188.7
SRR10507666|k141_16882_2	satD|WP_422456227.1	48.7	197	98	2	2	198	71	264	2.8e-47	191.0
SRR10507666|k141_42768_1	nanQ|nanQ_54_uniprot	100.0	153	0	0	1	153	47	199	3.1e-86	319.7
SRR10507666|k141_29961_6	nanU|nanU_353922_bv	61.8	537	198	5	1	533	1	534	2.5e-191	670.6
SRR10507666|k141_2410_3	siaP|siaP_772_refseq	47.2	299	152	3	72	366	33	329	4.9e-77	290.4
SRR10507666|k141_2410_4	siaQ|siaQ_557415_bv	99.4	161	1	0	1	161	1	161	3.8e-82	306.2
SRR10507666|k141_2410_5	siaM|siaM_6169_bv	100.0	423	0	0	1	423	1	423	3.3e-218	759.6
SRR10507666|k141_30153_8	nanK|nanK_325_bv	54.2	310	139	2	5	314	4	310	1.1e-85	318.9
SRR10507666|k141_2498_17	satD|WP_049168700.1	42.0	262	148	2	4	264	21	279	9.1e-54	213.0
SRR10507666|k141_16965_146	nanU|nanU_71571_bv	44.1	675	356	13	1	667	1	662	6.7e-157	556.6
SRR10507666|k141_2503_33	nanU|nanU_313103_bv	52.4	536	250	4	2	534	1	534	1.1e-162	575.5
SRR10507666|k141_30263_4	nanK|nanK_40_bv	55.4	314	137	3	4	316	2	313	1.5e-93	345.1
SRR10507666|k141_17053_28	siaT|siaT_55802_uniprot	95.6	429	19	0	1	429	1	429	1.8e-224	780.4
SRR10507666|k141_17053_33	siaP|siaP_108089_bv	46.1	245	131	1	95	338	1	245	2.0e-56	221.9
SRR10507666|k141_2536_4	kpsM|kpsM_209_bv	51.0	206	98	1	5	207	72	277	1.8e-52	208.0
SRR10507666|k141_17069_9	neuA|neuA_10379_uniprot	100.0	255	0	0	1	255	1	255	7.4e-149	528.5
SRR10507666|k141_17069_13	neuC|neuC_2019_refseq	99.5	399	2	0	1	399	1	399	4.0e-226	785.8
SRR10507666|k141_17069_14	neuB|neuB_64173_bv	100.0	331	0	0	1	331	1	331	1.6e-180	634.0
SRR10507666|k141_2564_18	nanR|nanR_1299_uniprot	40.8	218	124	2	10	226	10	223	6.6e-40	166.4
SRR10507666|k141_2576_3	nagA|nagA_14412_bv	100.0	401	0	0	1	401	1	401	8.7e-229	794.7
SRR10507666|k141_2576_7	nagB|nagB_77352_bv	99.6	250	1	0	1	250	1	250	7.3e-141	501.9
SRR10507666|k141_30430_3	SIAE|SIAE_20039_refseq	100.0	519	0	0	1	519	1	519	0.0e+00	1088.6
SRR10507666|k141_17140_12	siaM|siaM_5534_bv	100.0	423	0	0	1	423	1	423	1.2e-225	784.3
SRR10507666|k141_30473_73	satB|WP_263079827.1	49.5	309	155	1	1	309	1	308	1.2e-79	298.9
SRR10507666|k141_42795_102	siaT|siaT_258_uniprot	100.0	427	0	0	1	427	1	427	4.8e-209	729.2
SRR10507666|k141_42795_103	siaQ|siaQ_1387_bv	100.0	210	0	0	1	210	1	210	5.4e-113	409.1
SRR10507666|k141_42795_104	siaP|siaP_310469_bv	96.2	266	10	0	66	331	1	266	2.1e-143	510.8
SRR10507666|k141_42795_200	satD|WP_290245837.1	40.1	232	134	4	14	240	32	263	1.2e-34	149.1
SRR10507666|k141_42795_370	nanR|nanR_525_uniprot	99.6	237	1	0	1	237	1	237	1.1e-125	451.4
SRR10507666|k141_17155_14	siaP|siaP_126597_bv	56.7	240	104	0	86	325	1	240	5.5e-80	300.1
SRR10507666|k141_17155_15	siaQ|siaQ_11754_bv	100.0	165	0	0	1	165	1	165	7.6e-86	318.5
SRR10507666|k141_17155_16	siaM|siaM_103130_bv	100.0	435	0	0	1	435	1	435	1.5e-213	744.2
SRR10507666|k141_42806_21	nanR|nanR_5163_uniprot	66.1	224	76	0	17	240	2	225	1.1e-77	292.0
SRR10507666|k141_17194_5	kpsT|kpsT_10521_bv	46.6	238	126	1	6	242	1	238	1.1e-61	238.8
SRR10507666|k141_2669_8	satD|WP_039689623.1	45.2	270	136	4	3	262	24	291	4.1e-56	220.7
SRR10507666|k141_2669_9	satD|WP_444532668.1	40.4	265	144	5	2	260	14	270	5.6e-48	193.7
SRR10507666|k141_2669_11	satB|MDR1520311.1	40.8	311	184	0	1	311	1	311	2.5e-66	254.6
SRR10507666|k141_30667_2	satD|WP_286346181.1	50.2	259	126	2	4	262	8	263	3.3e-59	230.7
SRR10507666|k141_30681_1	nanH|nanH_7325_bv	100.0	403	0	0	1	403	1	403	8.2e-243	841.3
SRR10507666|k141_30681_2	SIAE|SIAE_12297_uniprot	98.2	448	8	0	1	448	1	448	6.4e-265	914.8
SRR10507666|k141_42988_1	nanE|nanE_14997_bv	100.0	188	0	0	1	188	1	188	7.7e-103	375.2
SRR10507666|k141_17497_2	satD|WP_227924124.1	43.4	258	140	1	3	254	11	268	7.5e-58	226.5
SRR10507666|k141_17497_3	satD|MDR2257110.1	41.4	268	143	4	10	270	18	278	1.2e-50	202.6
SRR10507666|k141_17497_5	satB|MDR1520311.1	47.6	317	163	2	1	315	1	316	2.3e-75	284.6
SRR10507666|k141_17548_74	siaM|siaM_246743_bv	100.0	424	0	0	1	424	1	424	8.7e-211	734.9
SRR10507666|k141_31218_1	nanK|nanK_2882_bv	45.5	77	42	0	2	78	30	106	1.1e-14	81.3
SRR10507666|k141_43293_2	SIAE|SIAE_45345_bv	48.4	548	107	1	92	639	1	372	2.9e-141	504.6
SRR10507666|k141_31278_9	nagA|nagA_16993_bv	99.5	376	2	0	1	376	1	376	2.7e-216	753.1
SRR10507666|k141_43387_12	nanU|nanU_273398_bv	99.8	543	1	0	1	543	1	543	0.0e+00	1125.5
SRR10507666|k141_31396_5	nanQ|nanQ_124_uniprot	100.0	152	0	0	1	152	1	152	4.8e-87	322.4
SRR10507666|k141_2951_55	satD|WP_373777344.1	40.9	225	125	7	23	240	39	262	3.1e-35	151.0
SRR10507666|k141_43449_7	satB|MDZ7704265.1	42.6	312	179	0	1	312	1	312	1.1e-61	239.2
SRR10507666|k141_43449_10	satD|WP_412956920.1	44.6	260	142	2	2	261	3	260	1.0e-55	219.2
SRR10507666|k141_31426_82	nanU|nanU_619410_bv	99.8	491	1	0	1	491	2	492	8.6e-287	987.6
SRR10507666|k141_2995_4	nanR|nanR_1299_uniprot	48.4	225	115	1	1	225	1	224	3.6e-54	213.8
SRR10507666|k141_43508_27	nanU|nanU_340562_bv	44.6	531	275	10	12	540	14	527	7.4e-122	439.9
SRR10507666|k141_18047_1	nanH|nanH_62705_bv	94.9	175	9	0	1	175	42	216	2.0e-97	357.1
SRR10507666|k141_31508_1	siaP|siaP_31480_uniprot	40.2	229	137	0	3	231	96	324	5.6e-42	173.3
SRR10507666|k141_3065_34	nanR|nanR_1411_uniprot	41.2	485	280	2	1	482	1	483	2.7e-99	364.8
SRR10507666|k141_31553_3	satD|WP_136640697.1	40.1	252	149	1	7	258	8	257	5.0e-47	190.3
SRR10507666|k141_31553_6	satB|HMA59673.1	40.4	314	175	3	6	311	3	312	1.0e-51	206.1
SRR10507666|k141_18130_7	nanU|nanU_441088_bv	40.7	624	336	14	3	612	2	605	2.6e-123	444.9
SRR10507666|k141_3070_8	siaM|siaM_2672_bv	100.0	427	0	0	1	427	1	427	8.7e-227	788.1
SRR10507666|k141_3070_53	siaM|siaM_5787_bv	100.0	430	0	0	1	430	1	430	7.2e-213	741.9
SRR10507666|k141_3070_54	siaQ|siaQ_282843_bv	48.9	176	88	1	2	175	1	176	5.3e-45	183.0
SRR10507666|k141_3070_55	siaP|siaP_142457_bv	97.8	268	6	0	106	373	1	268	4.9e-149	529.6
SRR10507666|k141_18184_16	satB|MDY5021696.1	44.0	316	165	2	1	308	1	312	1.8e-59	231.9
SRR10507666|k141_18185_4	nagA|nagA_154819_bv	100.0	389	0	0	1	389	1	389	1.6e-211	737.3
SRR10507666|k141_3215_2	satD|WP_321115337.1	40.7	199	107	4	23	213	35	230	3.1e-31	137.5
SRR10507666|k141_31688_29	nanQ|nanQ_662_uniprot	100.0	159	0	0	1	159	1	159	9.5e-94	344.7
SRR10507666|k141_43733_1	nanA|nanA_10102_uniprot	50.8	132	65	0	1	132	15	146	1.1e-31	138.3
SRR10507666|k141_43737_1	nanE|nanE_8762_bv	100.0	176	0	0	1	176	53	228	1.6e-94	347.4
SRR10507666|k141_43808_10	nanA|nanA_80186_refseq	100.0	301	0	0	1	301	1	301	4.8e-171	602.4
SRR10507666|k141_31730_21	siaQ|siaQ_39005_bv	100.0	158	0	0	1	158	1	158	6.3e-82	305.4
SRR10507666|k141_31730_22	siaM|siaM_195279_bv	100.0	435	0	0	1	435	2	436	7.0e-224	778.5
SRR10507666|k141_31730_23	siaP|siaP_30056_bv	91.6	334	28	0	1	334	1	334	3.5e-175	616.3
SRR10507666|k141_18303_2	nanU|nanU_10752_bv	99.5	553	3	0	1	553	1	553	0.0e+00	1130.2
SRR10507666|k141_18311_13	ompF|ompF_42_uniprot	98.4	366	6	0	1	366	1	366	2.8e-210	733.0
SRR10507666|k141_18311_25	satD|WP_022922052.1	47.9	257	121	2	5	249	20	275	2.5e-58	228.0
SRR10507666|k141_18311_28	satB|MFN4189717.1	43.8	324	152	2	14	337	12	305	1.8e-65	251.9
SRR10507666|k141_31756_47	satD|WP_062009075.1	41.1	231	135	1	3	232	14	244	1.5e-43	178.7
SRR10507666|k141_31756_50	satB|MBM3693078.1	40.0	315	179	2	1	307	1	313	1.2e-55	219.2
SRR10507666|k141_3278_49	satD|WP_129315695.1	41.3	252	145	2	3	251	10	261	6.6e-47	189.9
SRR10507666|k141_3278_103	ompF|ompF_307_bv	68.1	392	104	6	1	377	1	386	1.9e-145	517.7
SRR10507666|k141_18342_13	kpsM|kpsM_209_bv	47.6	271	133	2	7	271	10	277	8.3e-66	252.7
SRR10507666|k141_18364_1	satD|WP_314425656.1	40.1	197	115	2	1	195	39	234	4.5e-28	127.1
SRR10507666|k141_44020_5	nagB|nagB_17718_bv	100.0	253	0	0	1	253	1	253	5.8e-146	518.8
SRR10507666|k141_44020_11	nagA|nagA_15549_bv	100.0	390	0	0	1	390	1	390	4.1e-231	802.4
SRR10507666|k141_3488_22	nanU|nanU_643356_bv	83.6	616	100	1	1	615	1	616	1.3e-311	1070.5
SRR10507666|k141_18488_8	satD|WP_373777344.1	40.0	240	128	8	11	244	32	261	3.3e-32	141.0
SRR10507666|k141_18488_53	ompF|ompF_6607_bv	100.0	371	0	0	1	371	11	381	3.2e-217	756.1
SRR10507666|k141_18513_43	nanK|nanK_7216_bv	40.5	309	172	4	12	317	4	303	3.8e-57	224.2
SRR10507666|k141_32084_12	nanK|nanK_4445_bv	58.8	294	120	1	1	294	1	293	1.9e-95	351.3
SRR10507666|k141_44272_105	nanK|nanK_28066_bv	44.3	305	156	4	6	310	4	294	9.0e-64	246.1
SRR10507666|k141_18550_5	SIAE|SIAE_85672_bv	43.6	652	295	6	1	648	1	583	4.8e-152	540.4
SRR10507666|k141_32154_28	siaQ|siaQ_407971_bv	81.6	158	29	0	1	158	1	158	4.1e-73	276.2
SRR10507666|k141_32154_29	siaM|siaM_40293_bv	100.0	428	0	0	1	428	1	428	1.4e-221	770.8
SRR10507666|k141_32160_1	siaM|siaM_8714_bv	100.0	353	0	0	1	353	1	353	2.4e-174	613.6
SRR10507666|k141_44320_31	nanH|nanH_11755_bv	42.7	496	240	13	33	519	97	557	2.2e-100	368.6
SRR10507666|k141_44320_33	nanQ|nanQ_452_bv	82.1	190	34	0	12	201	1	190	1.0e-89	331.6
SRR10507666|k141_44320_35	nanH|nanH_11755_bv	44.5	501	234	13	42	530	92	560	9.5e-107	389.8
SRR10507666|k141_3618_1	siaP|siaP_12968_uniprot	57.7	78	33	0	1	78	1	78	2.0e-20	100.1
SRR10507666|k141_44412_77	siaP|siaP_549695_bv	96.1	332	13	0	1	332	1	332	1.9e-176	620.5
SRR10507666|k141_32288_6	satB|MEM7021896.1	42.9	322	175	4	1	320	1	315	1.6e-60	235.3
SRR10507666|k141_32288_9	satD|WP_299048949.1	47.1	244	126	3	29	272	29	269	3.2e-59	231.1
SRR10507666|k141_3701_8	siaP|siaP_364512_bv	76.5	340	80	0	1	340	1	340	2.9e-148	526.9
SRR10507666|k141_3701_9	siaQ|siaQ_411681_bv	65.8	155	53	0	2	156	11	165	1.4e-52	208.0
SRR10507666|k141_3701_10	siaM|siaM_14009_bv	100.0	435	0	0	1	435	1	435	1.1e-221	771.2
SRR10507666|k141_32315_71	nanR|nanR_1411_uniprot	43.8	479	266	2	1	477	1	478	6.6e-114	413.3
SRR10507666|k141_3809_2	nanM|nanM_1302_bv	41.5	316	185	0	8	323	14	329	4.1e-67	257.3
SRR10507666|k141_18806_3	satD|WP_255793737.1	46.7	259	138	0	2	260	9	267	2.7e-63	244.6
SRR10507666|k141_44586_15	neuA|neuA_11023_uniprot	43.6	211	117	2	6	215	3	212	3.2e-41	171.0
SRR10507666|k141_18807_38	satB|WP_023055266.1	43.6	307	173	0	1	307	1	307	6.4e-70	266.5
SRR10507666|k141_18807_41	satD|WP_172323771.1	47.1	261	131	2	7	261	5	264	9.7e-61	236.1
SRR10507666|k141_32389_77	satD|WP_230102398.1	45.3	254	134	4	1	252	5	255	9.1e-49	196.1
SRR10507666|k141_32411_1	ompF|ompF_763_bv	100.0	162	0	0	1	162	1	162	1.1e-89	331.3
SRR10507666|k141_44649_32	nanQ|nanQ_1575_bv	100.0	150	0	0	1	150	1	150	1.2e-82	307.8
SRR10507666|k141_44649_40	nanQ|nanQ_6906_uniprot	99.4	171	1	0	1	171	1	171	1.5e-97	357.5
SRR10507666|k141_44649_43	nanK|nanK_17982_bv	80.3	234	46	0	1	234	1	234	1.1e-108	395.2
SRR10507666|k141_44649_44	nanQ|nanQ_6908_uniprot	100.0	149	0	0	1	149	1	149	9.9e-85	314.7
SRR10507666|k141_44649_46	nanA|nanA_983_bv	100.0	306	0	0	1	306	1	306	1.5e-175	617.5
SRR10507666|k141_44649_47	nanE|nanE_1473_bv	100.0	228	0	0	1	228	1	228	1.6e-123	444.1
SRR10507666|k141_18833_10	nanU|nanU_417223_bv	52.9	578	265	5	1	573	1	576	1.5e-181	638.3
SRR10507666|k141_44659_3	nanQ|nanQ_6909_uniprot	100.0	148	0	0	1	148	1	148	8.3e-84	311.6
SRR10507666|k141_3934_23	nanU|nanU_38453_bv	54.6	577	244	6	17	581	25	595	2.3e-174	614.4
SRR10507666|k141_3934_27	nanU|nanU_430414_bv	46.8	628	294	9	1	611	5	609	9.4e-158	559.3
SRR10507666|k141_32484_2	nanU|nanU_353922_bv	64.6	537	187	3	1	537	1	534	1.1e-210	734.9
SRR10507666|k141_32484_5	nanU|nanU_1469_bv	100.0	520	0	0	1	520	1	520	2.0e-310	1066.2
SRR10507666|k141_32484_6	nanU|nanU_6460_bv	100.0	523	0	0	8	530	1	523	4.6e-310	1065.1
SRR10507666|k141_32484_10	nanU|nanU_378455_bv	55.7	542	226	11	1	532	1	538	1.3e-166	588.6
SRR10507666|k141_3970_4	kpsM|kpsM_890_bv	65.0	260	88	1	1	260	1	257	2.2e-92	340.9
SRR10507666|k141_44781_2	siaM|siaM_150795_bv	100.0	189	0	0	1	189	1	189	2.0e-90	334.0
SRR10507666|k141_3989_19	siaQ|siaQ_462458_bv	69.9	153	46	0	1	153	1	153	1.1e-51	205.3
SRR10507666|k141_3989_20	siaM|siaM_11738_bv	100.0	435	0	0	1	435	1	435	2.1e-228	793.5
SRR10507666|k141_3989_85	siaP|siaP_99094_bv	99.6	253	1	0	97	349	1	253	6.0e-141	502.7
SRR10507666|k141_3989_86	siaQ|siaQ_90500_bv	100.0	167	0	0	1	167	1	167	1.0e-85	318.2
SRR10507666|k141_3989_87	siaM|siaM_259020_bv	93.9	462	1	1	1	435	1	462	1.8e-219	763.8
SRR10507666|k141_32752_1	nanA|nanA_10102_uniprot	47.3	150	79	0	6	155	6	155	1.1e-37	158.7
SRR10507666|k141_44921_1	siaM|siaM_19040_bv	100.0	275	0	0	1	275	1	275	5.5e-142	505.8
SRR10507666|k141_44921_2	siaQ|siaQ_2329_bv	53.7	147	68	0	1	147	1	147	1.4e-36	154.8
SRR10507666|k141_44925_1	nagB|nagB_76687_bv	42.9	245	133	3	43	284	4	244	3.8e-49	197.6
SRR10507666|k141_32812_2	kpsM|kpsM_245_uniprot	47.0	270	128	5	5	272	15	271	1.6e-53	211.8
SRR10507666|k141_32812_3	kpsT|kpsT_10521_bv	48.1	239	123	1	3	240	2	240	2.0e-61	238.0
SRR10507666|k141_32850_1	siaM|siaM_29706_bv	100.0	125	0	0	1	125	24	148	7.8e-59	228.4
SRR10507666|k141_32850_2	siaP|siaP_122941_bv	100.0	132	0	0	1	132	1	132	5.1e-69	262.3
SRR10507666|k141_18999_9	nagB|nagB_74529_bv	99.6	263	1	0	1	263	1	263	1.3e-151	537.7
SRR10507666|k141_18999_17	nanU|nanU_536296_bv	98.9	529	6	0	1	529	1	529	0.0e+00	1098.2
SRR10507666|k141_4044_54	siaP|siaP_449607_bv	63.5	307	111	1	65	371	33	338	4.0e-111	403.7
SRR10507666|k141_4044_56	siaM|siaM_59856_bv	100.0	428	0	0	1	428	1	428	4.6e-228	792.3
SRR10507666|k141_4044_58	nagB|nagB_83351_bv	94.3	246	14	0	1	246	1	246	3.1e-128	459.9
SRR10507666|k141_4044_59	nagA|nagA_50148_bv	100.0	391	0	0	1	391	1	391	1.6e-227	790.4
SRR10507666|k141_4057_2	nanU|nanU_590899_bv	60.7	354	130	3	1	352	140	486	2.7e-125	450.7
SRR10507666|k141_4086_1	nanK|nanK_28070_bv	61.1	216	83	1	1	215	8	223	8.4e-70	265.8
SRR10507666|k141_32975_1	siaP|siaP_590724_bv	99.5	186	1	0	1	186	25	210	5.5e-101	369.0
SRR10507666|k141_4098_68	nanU|nanU_261372_bv	63.9	527	183	2	18	538	3	528	5.5e-202	706.1
SRR10507666|k141_19071_2	nanA|nanA_9527_bv	100.0	251	0	0	1	251	55	305	1.5e-138	494.2
SRR10507666|k141_19219_1	nanU|nanU_97494_bv	40.7	523	277	15	1	514	55	553	2.0e-97	358.6
SRR10507666|k141_4242_2	kpsD|kpsD_12088_bv	59.7	623	249	2	1	623	212	832	2.6e-216	753.8
SRR10507666|k141_4266_6	nanA|nanA_5837_bv	100.0	307	0	0	1	307	1	307	2.1e-174	613.6
SRR10507666|k141_45268_34	nanU|nanU_577241_bv	51.1	374	174	7	109	475	5	376	1.0e-98	362.8
SRR10507666|k141_45268_51	nanU|nanU_192445_bv	70.2	537	160	0	1	537	1	537	3.3e-239	829.7
SRR10507666|k141_45268_60	nanU|nanU_114568_bv	44.1	612	318	15	10	609	39	638	4.2e-142	507.3
SRR10507666|k141_33053_2	satD|WP_049168700.1	43.2	222	115	4	6	220	19	236	4.7e-43	176.8
SRR10507666|k141_19329_18	nanQ|nanQ_32_uniprot	100.0	146	0	0	1	146	1	146	3.9e-78	292.7
SRR10507666|k141_33141_9	nanU|nanU_601173_bv	99.1	562	5	0	1	562	12	573	0.0e+00	1148.3
SRR10507666|k141_33141_32	nanK|nanK_7216_bv	41.7	309	168	4	12	317	4	303	4.0e-59	230.7
SRR10507666|k141_45433_1	nanK|nanK_299_bv	42.3	241	118	6	77	301	70	305	9.7e-39	162.9
SRR10507666|k141_19462_1	lst|lst_332_bv	100.0	292	0	0	61	352	1	292	6.2e-170	599.0
SRR10507666|k141_45437_2	satD|WP_334211665.1	45.3	236	128	1	21	256	29	263	1.8e-56	221.9
SRR10507666|k141_4433_2	siaQ|siaQ_461113_bv	100.0	174	0	0	1	174	1	174	1.1e-95	351.3
SRR10507666|k141_4433_3	siaM|siaM_12282_bv	100.0	424	0	0	1	424	1	424	6.0e-228	792.0
SRR10507666|k141_45440_26	satD|WP_311358684.1	49.2	264	126	4	3	263	12	270	1.7e-65	251.9
SRR10507666|k141_45440_30	satB|HMA59673.1	42.9	315	177	2	3	317	2	313	7.5e-66	253.1
SRR10507666|k141_19515_13	kpsM|kpsM_209_bv	48.1	270	135	1	5	269	8	277	2.0e-72	274.6
SRR10507666|k141_45506_7	satD|CEA06890.1	46.0	261	136	2	12	272	10	265	7.4e-59	229.9
SRR10507666|k141_19524_27	nagA|nagA_2756_bv	100.0	387	0	0	1	387	1	387	9.6e-225	781.2
SRR10507666|k141_4490_41	nanU|nanU_474887_bv	99.8	465	1	0	103	567	3	467	2.8e-281	969.5
SRR10507666|k141_4522_4	nanU|nanU_590222_bv	58.1	570	222	8	1	561	1	562	1.4e-187	658.3
SRR10507666|k141_4522_6	nanU|nanU_179674_bv	40.3	632	309	18	17	630	19	600	2.7e-115	418.3
SRR10507666|k141_19600_1	nanU|nanU_295025_bv	99.8	508	1	0	22	529	1	508	6.0e-302	1038.1
SRR10507666|k141_33449_28	nanU|nanU_115339_bv	56.1	642	269	5	4	644	3	632	2.5e-209	730.7
SRR10507666|k141_33449_31	nanU|nanU_607705_bv	75.9	635	150	2	1	635	1	632	5.1e-300	1031.9
SRR10507666|k141_33449_65	nanU|nanU_413174_bv	40.0	577	291	12	16	570	11	554	3.1e-94	348.2
SRR10507666|k141_19681_1	kpsD|kpsD_5764_bv	98.2	278	5	0	1	278	1	278	3.3e-148	526.9
SRR10507666|k141_19681_15	nanU|nanU_9425_bv	72.5	553	152	0	1	553	1	553	1.7e-246	854.0
SRR10507666|k141_19748_76	nanU|nanU_430973_bv	40.3	583	294	15	16	591	8	543	9.0e-105	383.3
SRR10507666|k141_4628_10	nanK|nanK_26501_bv	50.0	304	145	3	1	304	1	297	1.3e-78	295.4
SRR10507666|k141_45739_4	nanU|nanU_103938_bv	100.0	561	0	0	1	561	1	561	0.0e+00	1141.3
SRR10507666|k141_33591_9	siaQ|siaQ_82755_bv	100.0	168	0	0	1	168	1	168	2.2e-85	317.0
SRR10507666|k141_33591_10	siaT|siaT_73314_uniprot	100.0	428	0	0	1	428	1	428	4.6e-228	792.3
SRR10507666|k141_19885_7	nanR|nanR_6069_uniprot	55.6	232	103	0	5	236	2	233	2.2e-70	267.7
SRR10507666|k141_33725_3	satD|WP_105569089.1	41.1	241	136	4	27	261	19	259	1.3e-39	165.6
SRR10507666|k141_33835_2	nanE|nanE_3127_bv	100.0	234	0	0	1	234	1	234	8.1e-134	478.4
SRR10507666|k141_45943_6	nagA|nagA_61378_bv	100.0	387	0	0	1	387	57	443	1.5e-225	783.9
SRR10507666|k141_45943_10	nanM|nanM_3259_bv	42.4	363	193	6	44	406	6	352	2.6e-71	271.6
SRR10507666|k141_45943_13	SIAE|SIAE_4538_bv	100.0	687	0	0	1	687	1	687	0.0e+00	1438.3
SRR10507666|k141_45943_17	nanU|nanU_574902_bv	99.8	500	1	0	1	500	2	501	5.8e-299	1028.1
SRR10507666|k141_4806_34	kpsM|kpsM_209_bv	50.9	269	126	2	7	270	10	277	1.1e-70	268.9
SRR10507666|k141_4806_58	siaM|siaM_66412_bv	100.0	424	0	0	1	424	1	424	3.8e-214	746.1
SRR10507666|k141_4806_59	siaQ|siaQ_269984_bv	43.3	141	80	0	11	151	15	155	1.8e-20	101.3
SRR10507666|k141_4806_69	nanE|nanE_1616_bv	100.0	234	0	0	1	234	1	234	8.1e-134	478.4
SRR10507666|k141_4806_70	nanQ|nanQ_442_bv	100.0	154	0	0	1	154	1	154	4.9e-87	322.4
SRR10507666|k141_4806_71	nanA|nanA_5494_bv	99.7	307	1	0	1	307	1	307	7.2e-175	615.1
SRR10507666|k141_4806_91	satD|WP_136640697.1	49.2	262	130	1	18	276	2	263	3.3e-64	247.7
SRR10507666|k141_4806_109	satB|WP_371146800.1	41.0	315	183	2	1	314	1	313	9.7e-58	226.1
SRR10507666|k141_4806_110	satD|WP_191808624.1	46.9	262	138	1	3	264	5	265	4.7e-66	253.8
SRR10507666|k141_4806_140	siaM|siaM_113733_bv	100.0	423	0	0	1	423	1	423	2.1e-220	766.9
SRR10507666|k141_4806_141	siaQ|siaQ_957_uniprot	100.0	160	0	0	1	160	1	160	6.4e-90	332.0
SRR10507666|k141_4806_142	siaP|siaP_237435_bv	99.6	255	1	0	85	339	1	255	2.0e-149	530.8
SRR10507666|k141_33889_4	satD|WP_108430850.1	46.9	258	136	1	3	260	16	272	3.4e-64	247.3
SRR10507666|k141_33933_3	nanU|nanU_538776_bv	65.9	455	146	3	1	446	55	509	1.9e-176	620.9
SRR10507666|k141_4939_1	nagB|nagB_174189_bv	98.3	117	2	0	1	117	7	123	9.1e-62	238.0
SRR10507666|k141_46000_15	nanU|nanU_159873_bv	67.3	575	180	5	1	571	1	571	2.6e-226	786.9
SRR10507666|k141_4998_4	siaP|siaP_690391_bv	49.5	307	155	0	68	374	25	331	9.4e-84	312.8
SRR10507666|k141_4998_5	siaQ|siaQ_184336_bv	94.1	169	10	0	1	169	1	169	1.1e-84	314.7
SRR10507666|k141_4998_6	siaM|siaM_47611_bv	100.0	433	0	0	1	433	1	433	4.9e-185	649.4
SRR10507666|k141_46052_61	satD|WP_227924124.1	43.7	268	146	3	5	272	4	266	8.3e-58	226.5
SRR10507666|k141_46052_66	nanK|nanK_20513_bv	71.9	224	63	0	64	287	1	224	8.3e-91	335.9
SRR10507666|k141_46052_67	nanE|nanE_28416_bv	100.0	227	0	0	1	227	3	229	9.9e-129	461.5
SRR10507666|k141_46052_68	nanA|nanA_2279_bv	100.0	305	0	0	1	305	1	305	7.4e-180	631.7
SRR10507666|k141_20386_1	nanU|nanU_657431_bv	49.6	409	167	8	2	408	99	470	1.2e-97	359.0
SRR10507666|k141_46155_4	SIAE|SIAE_10794_bv	100.0	491	0	0	1	491	1	491	3.9e-287	988.8
SRR10507666|k141_46178_2	kpsD|kpsD_3476_bv	56.1	198	78	4	1	197	1	190	1.5e-45	184.9
SRR10507666|k141_46202_1	nanU|nanU_502776_bv	99.6	480	2	0	13	492	1	480	4.4e-283	975.3
SRR10507666|k141_34128_4	satB|HUX88249.1	44.1	313	172	2	1	312	1	311	1.4e-61	238.8
SRR10507666|k141_34128_5	satD|WP_252575097.1	47.0	266	137	2	1	266	5	266	8.2e-63	243.0
SRR10507666|k141_34196_1	siaP|siaP_696019_bv	43.4	242	132	2	5	246	3	239	9.6e-53	209.1
SRR10507666|k141_46327_46	nagA|nagA_1968_bv	100.0	388	0	0	1	388	1	388	1.3e-226	787.3
SRR10507666|k141_46327_64	nanH|nanH_65800_bv	92.2	562	44	0	2	563	1	562	0.0e+00	1105.9
SRR10507666|k141_34257_2	nanK|nanK_26250_bv	40.4	302	169	5	7	308	6	296	3.4e-58	227.6
SRR10507666|k141_34257_127	nanU|nanU_555597_bv	53.6	545	235	8	15	553	4	536	3.1e-160	567.4
SRR10507666|k141_5253_15	satD|WP_264962879.1	43.9	262	145	2	2	263	7	266	2.2e-60	235.0
SRR10507666|k141_5256_1	nagA|nagA_175195_bv	99.7	391	1	0	1	391	1	391	2.2e-221	770.0
SRR10507666|k141_5298_1	nanA|nanA_18148_bv	79.3	121	25	0	1	121	1	121	4.0e-52	206.1
SRR10507666|k141_5356_17	neuD|neuD_4195_uniprot	57.8	204	85	1	30	233	1	203	1.3e-54	215.3
SRR10507666|k141_46395_45	satD|WP_221652614.1	45.2	252	134	2	4	252	17	267	3.4e-56	220.7
SRR10507666|k141_46395_48	satB|MCB1069314.1	43.1	313	167	3	6	311	4	312	7.2e-61	236.5
SRR10507666|k141_46395_75	satD|WP_294441299.1	41.4	268	148	3	3	262	14	280	7.9e-55	216.5
SRR10507666|k141_46395_78	satB|MCD6321403.1	46.6	309	164	1	1	309	1	308	1.2e-76	288.9
SRR10507666|k141_46429_2	siaP|siaP_235938_bv	91.9	236	19	0	98	333	1	236	3.6e-119	430.3
SRR10507666|k141_46507_4	siaQ|siaQ_989_uniprot	73.1	171	46	0	1	171	1	171	1.5e-68	261.2
SRR10507666|k141_46507_5	siaM|siaM_487827_bv	100.0	431	0	0	1	431	4	434	1.1e-226	787.7
SRR10507666|k141_20606_29	nanU|nanU_467650_bv	99.0	510	5	0	1	510	3	512	8.0e-304	1044.3
SRR10507666|k141_20606_48	nagB|nagB_35637_bv	100.0	254	0	0	1	254	1	254	8.2e-148	525.0
SRR10507666|k141_20606_49	nagA|nagA_23987_refseq	100.0	398	0	0	1	398	1	398	4.6e-230	798.9
SRR10507666|k141_20606_53	nanU|nanU_55123_bv	50.0	476	227	7	1	469	1	472	3.6e-125	450.7
SRR10507666|k141_20641_20	SIAE|SIAE_26822_refseq	88.5	278	32	0	1	278	1	278	2.5e-145	516.9
SRR10507666|k141_34645_2	nanR|nanR_1411_uniprot	49.7	479	238	2	1	478	1	477	2.5e-121	438.0
SRR10507666|k141_46681_20	nanU|nanU_501683_bv	99.2	506	4	0	1	506	3	508	8.0e-296	1017.7
SRR10507666|k141_46681_27	nanU|nanU_138882_bv	100.0	487	0	0	1	487	1	487	2.1e-293	1009.6
SRR10507666|k141_5690_6	nanU|nanU_329186_bv	70.8	558	162	1	1	558	1	557	2.7e-244	846.7
SRR10507666|k141_5690_12	SIAE|SIAE_3506_bv	100.0	497	0	0	1	497	1	497	1.2e-304	1047.0
SRR10507666|k141_5690_14	nagB|nagB_9212_bv	100.0	263	0	0	1	263	1	263	8.7e-153	541.6
SRR10507666|k141_46735_2	nanK|nanK_15625_bv	74.7	293	8	1	1	293	1	227	3.0e-117	423.7
SRR10507666|k141_5705_16	kpsD|kpsD_13695_bv	55.4	686	303	2	37	720	137	821	1.7e-222	774.6
SRR10507666|k141_34876_2	neuA|neuA_16147_bv	100.0	232	0	0	1	232	1	232	1.5e-127	457.6
SRR10507666|k141_5784_38	nanU|nanU_263213_bv	62.0	513	191	3	5	513	1	513	2.6e-185	650.6
SRR10507666|k141_20939_1	nanT|nanT_1111_uniprot	67.9	349	112	0	1	349	77	425	4.9e-135	483.0
SRR10507666|k141_46882_26	nanU|nanU_390449_bv	99.0	494	5	0	50	543	19	512	1.1e-298	1027.3
SRR10507666|k141_20985_65	kpsD|kpsD_3569_bv	52.5	687	322	3	74	758	113	797	1.1e-213	745.3
SRR10507666|k141_20995_2	nanQ|nanQ_55_uniprot	100.0	148	0	0	1	148	1	148	2.9e-81	303.1
SRR10507666|k141_5835_2	nanQ|nanQ_69_uniprot	100.0	148	0	0	1	148	1	148	7.0e-83	308.5
SRR10507666|k141_5835_10	kpsD|kpsD_12100_bv	53.2	849	379	2	1	849	2	832	2.6e-259	897.1
SRR10507666|k141_5835_95	nanU|nanU_18198_bv	100.0	530	0	0	1	530	1	530	0.0e+00	1096.3
SRR10507666|k141_5861_29	nanU|nanU_235265_bv	44.8	464	235	6	1	448	1	459	9.1e-102	372.9
SRR10507666|k141_5861_37	nanU|nanU_575682_bv	61.9	430	154	6	1	430	104	523	5.4e-144	513.1
SRR10507666|k141_35051_1	satD|MDO4917719.1	40.4	228	91	8	1	218	31	223	1.9e-23	111.7
SRR10507666|k141_21182_1	kpsD|kpsD_12642_bv	70.9	179	50	2	1	177	1	179	3.3e-63	243.4
SRR10507666|k141_21240_8	nagA|nagA_2770_bv	100.0	398	0	0	1	398	1	398	2.7e-230	799.7
SRR10507666|k141_21240_9	nagB|nagB_2062_bv	100.0	188	0	0	1	188	1	188	3.9e-107	389.4
SRR10507666|k141_5940_28	satD|WP_129626403.1	40.5	220	126	4	18	234	35	252	8.5e-31	136.3
SRR10507666|k141_5989_10	nanQ|nanQ_480_bv	100.0	154	0	0	1	154	2	155	3.7e-87	322.8
SRR10507666|k141_47253_2	nanR|nanR_6423_uniprot	47.9	215	111	1	2	215	3	217	7.7e-46	186.0
SRR10507666|k141_21360_48	nanE|nanE_9067_bv	100.0	237	0	0	1	237	1	237	6.1e-129	462.2
SRR10507666|k141_21367_2	nanU|nanU_415551_bv	61.8	325	124	0	1	325	112	436	2.1e-111	404.4
SRR10507666|k141_6051_24	neuB|neuB_19920_bv	48.1	341	167	1	5	335	19	359	9.3e-91	335.9
SRR10507666|k141_6051_28	neuA|neuA_36635_bv	50.8	250	99	1	1	226	2	251	2.4e-61	237.7
SRR10507666|k141_6051_62	nanU|nanU_143700_bv	97.6	501	12	0	46	546	1	501	5.6e-295	1015.0
SRR10507666|k141_6051_133	nagB|nagB_191421_bv	100.0	270	0	0	1	270	2	271	3.0e-156	553.1
SRR10507666|k141_47291_85	satD|WP_010849243.1	40.4	198	107	4	23	209	32	229	1.6e-29	132.1
SRR10507666|k141_47292_2	satB|MFC2030935.1	40.8	316	182	2	1	312	1	315	5.2e-59	230.3
SRR10507666|k141_6092_5	satD|WP_056650711.1	48.1	233	120	1	29	261	30	261	5.9e-58	226.9
SRR10507666|k141_6092_8	satB|HUX88249.1	40.8	311	176	1	1	303	1	311	6.8e-64	246.5
SRR10507666|k141_21474_1	nagA|nagA_7160_bv	100.0	373	0	0	1	373	1	373	3.7e-213	742.7
SRR10507666|k141_21474_2	nagB|nagB_2328_bv	100.0	250	0	0	1	250	1	250	3.5e-143	509.6
SRR10507666|k141_21474_3	nanA|nanA_23184_bv	90.0	301	30	0	1	301	1	301	8.7e-157	555.1
SRR10507666|k141_21514_1	nagB|nagB_173970_bv	100.0	161	0	0	1	161	1	161	1.7e-87	323.9
SRR10507666|k141_35598_2	nanU|nanU_628049_bv	62.2	510	189	2	1	508	1	508	2.5e-188	660.6
SRR10507666|k141_47361_10	nagB|nagB_132563_bv	100.0	270	0	0	1	270	2	271	9.6e-155	548.1
SRR10507666|k141_47361_32	nanU|nanU_291680_bv	60.5	488	190	2	1	485	1	488	4.8e-173	609.8
SRR10507666|k141_47361_55	nanU|nanU_362186_bv	100.0	518	0	0	1	518	1	518	0.0e+00	1079.7
SRR10507666|k141_47361_60	nagB|nagB_15151_bv	100.0	256	0	0	1	256	1	256	1.7e-145	517.3
SRR10507666|k141_47361_63	nagA|nagA_47231_bv	100.0	397	0	0	1	397	1	397	2.8e-227	789.6
SRR10507666|k141_47361_76	nanU|nanU_447037_bv	75.0	492	121	2	1	490	1	492	1.4e-225	784.3
SRR10507666|k141_47361_79	nanU|nanU_276468_bv	99.6	494	2	0	1	494	3	496	6.0e-288	991.5
SRR10507666|k141_47367_8	nanE|nanE_946_bv	100.0	225	0	0	1	225	1	225	2.8e-123	443.4
SRR10507666|k141_21530_18	neuB|neuB_19920_bv	47.8	341	168	1	5	335	19	359	3.4e-88	327.4
SRR10507666|k141_21554_21	kpsT|kpsT_10521_bv	48.5	239	122	1	1	238	2	240	1.5e-63	245.0
SRR10507666|k141_21554_22	kpsM|kpsM_999_bv	59.5	481	194	1	1	481	12	491	5.1e-151	536.6
SRR10507666|k141_35682_7	siaM|siaM_8090_bv	100.0	437	0	0	1	437	1	437	8.6e-230	798.1
SRR10507666|k141_35682_8	siaQ|siaQ_562825_bv	99.4	158	1	0	1	158	1	158	1.8e-84	313.9
SRR10507666|k141_47475_49	nanU|nanU_555597_bv	94.0	536	32	0	15	550	1	536	3.8e-307	1055.4
SRR10507666|k141_6210_47	siaQ|siaQ_140848_bv	51.2	166	80	1	1	165	4	169	6.5e-40	166.0
SRR10507666|k141_6210_48	siaT|siaT_55820_uniprot	100.0	428	0	0	1	428	1	428	1.5e-231	803.9
SRR10507666|k141_6210_60	siaM|siaM_46120_bv	100.0	427	0	0	1	427	1	427	6.2e-225	781.9
SRR10507666|k141_6210_110	satD|WP_400504934.1	40.9	264	156	0	1	264	1	264	2.4e-59	231.5
SRR10507666|k141_6210_138	satB|MFN4189717.1	47.4	304	159	1	1	304	1	303	6.3e-78	293.1
SRR10507666|k141_6210_141	satD|WP_066299715.1	47.7	256	133	1	5	260	11	265	8.0e-63	243.0
SRR10507666|k141_21662_2	nanA|nanA_10102_uniprot	47.3	146	77	0	1	146	13	158	5.8e-35	149.4
SRR10507666|k141_21680_1	nanK|nanK_23662_bv	68.5	89	28	0	1	89	34	122	7.3e-30	131.7
SRR10507666|k141_47520_21	siaM|siaM_166405_bv	100.0	435	0	0	1	435	1	435	1.6e-223	777.3
SRR10507666|k141_47520_22	siaQ|siaQ_21193_bv	100.0	167	0	0	1	167	1	167	5.9e-86	318.9
SRR10507666|k141_47520_23	siaP|siaP_26827_bv	88.6	245	28	0	91	335	1	245	7.8e-122	439.1
SRR10507666|k141_35787_20	nanQ|nanQ_3051_bv	99.3	151	1	0	1	151	1	151	4.2e-83	309.3
SRR10507666|k141_47555_86	nanQ|nanQ_1260_bv	100.0	157	0	0	1	157	1	157	1.5e-88	327.4
SRR10507666|k141_6330_83	satD|WP_342100215.1	40.2	209	120	3	20	223	41	249	6.8e-29	129.8
SRR10507666|k141_21964_2	neuA|neuA_13202_uniprot	84.7	215	33	0	1	215	1	215	1.7e-101	370.9
SRR10507666|k141_47602_3	nanH|nanH_54983_bv	67.0	370	117	3	19	386	14	380	2.0e-150	534.3
SRR10507666|k141_47602_4	nanU|nanU_5215_bv	100.0	484	0	0	1	484	1	484	1.6e-285	983.4
SRR10507666|k141_47602_7	nanH|nanH_22409_bv	97.8	454	10	0	93	546	1	454	6.4e-267	921.8
SRR10507666|k141_47602_9	nanM|nanM_1494_uniprot	99.7	338	1	0	1	338	18	355	6.3e-204	711.8
SRR10507666|k141_36172_2	siaQ|siaQ_1167_uniprot	100.0	160	0	0	1	160	1	160	1.9e-89	330.5
SRR10507666|k141_36172_3	siaP|siaP_237435_bv	94.9	254	13	0	85	338	1	254	6.2e-143	509.2
SRR10507666|k141_47641_7	nanU|nanU_119814_bv	68.7	457	143	0	16	472	25	481	1.6e-181	637.9
SRR10507666|k141_36249_23	kpsM|kpsM_604_bv	50.0	284	136	4	6	289	2	279	1.8e-74	281.6
SRR10507666|k141_21987_9	kpsM|kpsM_873_bv	44.4	248	137	1	1	247	25	272	1.3e-52	208.8
SRR10507666|k141_6483_2	neuB|neuB_10601_bv	62.5	120	45	0	1	120	39	158	7.5e-38	158.7
SRR10507666|k141_21999_16	satD|WP_108832684.1	45.7	269	135	3	2	269	12	270	8.7e-60	233.0
SRR10507666|k141_21999_23	nanQ|nanQ_4393_uniprot	100.0	150	0	0	1	150	17	166	9.3e-83	308.1
SRR10507666|k141_36345_4	nanH|nanH_36702_bv	41.6	315	174	4	47	352	44	357	9.2e-68	259.6
SRR10507666|k141_6496_13	nanE|nanE_910_bv	100.0	224	0	0	1	224	1	224	3.8e-125	449.5
SRR10507666|k141_22049_6	nanU|nanU_124334_bv	56.7	550	223	7	23	562	9	553	2.0e-175	617.8
SRR10507666|k141_36454_1	nanK|nanK_30968_bv	50.0	100	38	1	1	88	24	123	8.9e-20	98.2
SRR10507666|k141_36460_8	satD|WP_009277834.1	40.4	213	120	6	21	227	31	242	1.8e-30	135.2
SRR10507666|k141_6542_1	nanQ|nanQ_2042_uniprot	90.3	154	15	0	1	154	6	159	1.7e-76	287.3
SRR10507666|k141_22081_5	nanU|nanU_147127_bv	41.6	534	282	8	19	533	21	543	1.2e-103	379.4
SRR10507666|k141_36485_4	siaP|siaP_99094_bv	90.7	247	23	0	95	341	1	247	1.0e-124	448.7
SRR10507666|k141_36485_5	siaQ|siaQ_11752_bv	100.0	165	0	0	1	165	1	165	3.4e-86	319.7
SRR10507666|k141_36485_6	siaM|siaM_26084_bv	100.0	435	0	0	1	435	1	435	3.1e-224	779.6
SRR10507666|k141_6552_7	satB|WP_209510972.1	40.3	305	179	2	1	303	1	304	2.3e-56	221.5
SRR10507666|k141_6552_10	satD|WP_271417843.1	43.4	267	124	3	18	284	30	269	1.2e-56	222.6
SRR10507666|k141_6588_12	satB|OPL08662.1	58.0	312	126	2	1	312	1	307	5.6e-93	343.2
SRR10507666|k141_6588_15	satD|WP_204878079.1	45.3	258	132	2	6	257	17	271	2.3e-62	241.5
SRR10507666|k141_36604_1	nagB|nagB_23399_bv	100.0	181	0	0	1	181	53	233	5.9e-100	365.5
SRR10507666|k141_47804_1	nanH|nanH_20964_bv	90.0	399	40	0	143	541	1	399	1.1e-213	745.0
SRR10507666|k141_47804_6	nanU|nanU_403585_bv	94.0	579	17	1	1	579	1	561	0.0e+00	1101.7
SRR10507666|k141_36803_1	nanA|nanA_10298_bv	100.0	189	0	0	1	189	19	207	3.7e-105	382.9
SRR10507666|k141_36875_4	nanU|nanU_387551_bv	95.6	518	23	0	22	539	1	518	7.2e-303	1041.2
SRR10507666|k141_36875_70	neuA|neuA_18408_uniprot	100.0	223	0	0	1	223	1	223	2.6e-129	463.4
SRR10507666|k141_47890_93	siaM|siaM_20245_bv	99.8	400	1	0	28	427	28	427	1.3e-198	694.5
SRR10507666|k141_47890_94	siaQ|siaQ_76598_bv	100.0	212	0	0	1	212	13	224	2.4e-113	410.2
SRR10507666|k141_47890_95	siaP|siaP_378868_bv	98.5	262	4	0	70	331	1	262	4.9e-145	516.2
SRR10507666|k141_6853_1	SIAE|SIAE_94465_bv	100.0	306	0	0	1	306	106	411	7.9e-185	648.3
SRR10507666|k141_47930_44	nanQ|nanQ_7779_uniprot	99.3	146	1	0	1	146	1	146	3.0e-78	293.1
SRR10507666|k141_22536_1	siaM|siaM_375602_bv	98.7	154	2	0	1	154	32	185	4.4e-72	272.7
SRR10507666|k141_48052_2	nanH|nanH_15405_bv	99.0	204	2	0	1	204	77	280	9.2e-118	424.9
SRR10507666|k141_48084_6	satD|HJC70536.1	40.0	235	126	7	18	247	9	233	1.8e-30	135.2
SRR10507666|k141_37369_1	kpsT|kpsT_42_uniprot	48.1	183	95	0	2	184	3	185	2.8e-49	197.2
SRR10507666|k141_7348_1	nanU|nanU_580765_bv	64.0	450	161	1	1	450	47	495	5.6e-168	592.8
SRR10507666|k141_22928_1	nanK|nanK_539_uniprot	100.0	257	0	0	1	257	1	257	1.3e-148	527.7
SRR10507666|k141_37492_38	kpsM|kpsM_119_bv	100.0	258	0	0	1	258	1	258	2.4e-139	496.9
SRR10507666|k141_37492_39	kpsT|kpsT_265_bv	100.0	222	0	0	1	222	1	222	4.2e-124	446.0
SRR10507666|k141_22992_2	nanK|nanK_10863_bv	42.3	310	167	6	4	311	3	302	9.9e-63	242.7
SRR10507666|k141_48377_2	nanK|nanK_22122_bv	97.3	255	7	0	1	255	1	255	1.1e-135	485.0
SRR10507666|k141_7466_7	satB|MCD6321403.1	41.7	314	173	2	1	314	1	304	1.2e-63	245.7
SRR10507666|k141_7466_11	satD|WP_445507519.1	48.7	199	101	1	1	199	1	198	4.9e-47	189.9
SRR10507666|k141_37574_4	nanU|nanU_453965_bv	41.9	566	315	8	1	558	2	561	3.4e-130	467.6
SRR10507666|k141_23155_7	neuD|neuD_9286_uniprot	98.6	282	4	0	1	282	1	282	1.2e-163	578.2
SRR10507666|k141_23169_1	nanC|nanC_214_bv	100.0	238	0	0	1	238	4	241	2.8e-142	506.5
SRR10507666|k141_23169_2	nanM|nanM_30_bv	100.0	368	0	0	1	368	1	368	5.4e-217	755.4
SRR10507666|k141_23169_3	SIAE|SIAE_26913_refseq	100.0	326	0	0	1	326	1	326	3.7e-201	702.6
SRR10507666|k141_37585_69	nanE|nanE_554_bv	100.0	228	0	0	1	228	1	228	8.7e-125	448.4
SRR10507666|k141_37585_70	nanA|nanA_30477_bv	99.7	305	1	0	1	305	1	305	3.0e-173	609.8
SRR10507666|k141_37585_72	nanQ|nanQ_3299_uniprot	100.0	151	0	0	1	151	1	151	1.3e-87	324.3
SRR10507666|k141_37585_73	nanK|nanK_17982_bv	99.6	234	1	0	1	234	1	234	5.1e-133	476.1
SRR10507666|k141_23232_9	satD|WP_069102428.1	44.4	266	143	3	4	269	9	269	1.4e-59	232.3
SRR10507666|k141_37599_7	nanE|nanE_960_bv	100.0	237	0	0	1	237	1	237	2.0e-132	473.8
SRR10507666|k141_23240_4	SIAE|SIAE_10656_refseq	56.3	506	201	6	1	496	1	496	1.0e-149	532.3
SRR10507666|k141_23255_38	SIAE|SIAE_27248_refseq	99.6	276	1	0	1	276	1	276	7.7e-160	565.1
SRR10507666|k141_48442_90	satD|WP_242721802.1	43.8	258	134	4	6	256	19	272	2.3e-51	204.9
SRR10507666|k141_7567_232	nanQ|nanQ_6320_uniprot	86.0	150	21	0	1	150	1	150	1.0e-73	278.1
SRR10507666|k141_37675_66	siaP|siaP_644031_bv	67.9	237	76	0	99	335	1	237	1.3e-92	342.0
SRR10507666|k141_37675_68	siaM|siaM_27576_bv	100.0	431	0	0	1	431	1	431	3.9e-227	789.3
SRR10507666|k141_37675_69	siaQ|siaQ_989_uniprot	77.8	171	38	0	1	171	1	171	1.7e-72	274.2
SRR10507666|k141_7674_4	nagB|nagB_2859_bv	100.0	249	0	0	1	249	1	249	8.0e-140	498.4
SRR10507666|k141_48576_2	nanU|nanU_378455_bv	95.8	545	23	0	1	545	1	545	0.0e+00	1083.2
SRR10507666|k141_23375_15	siaQ|siaQ_16146_bv	100.0	170	0	0	1	170	1	170	1.6e-86	320.9
SRR10507666|k141_23375_16	siaM|siaM_16154_bv	100.0	430	0	0	1	430	1	430	8.8e-211	734.9
SRR10507666|k141_7773_21	nanU|nanU_347512_bv	100.0	482	0	0	60	541	14	495	1.4e-285	983.8
SRR10507666|k141_7792_1	satD|CEA06890.1	41.0	195	110	3	17	211	5	194	5.9e-35	149.8
SRR10507666|k141_23380_13	satD|WP_263128115.1	42.0	269	148	3	1	266	1	264	1.3e-55	219.2
SRR10507666|k141_48608_2	neuC|neuC_2197_refseq	100.0	307	0	0	1	307	1	307	7.5e-172	605.1
SRR10507666|k141_7851_6	nagB|nagB_178655_bv	100.0	241	0	0	1	241	9	249	9.5e-138	491.5
SRR10507666|k141_37925_8	siaM|siaM_8195_bv	100.0	426	0	0	1	426	1	426	1.4e-224	780.8
SRR10507666|k141_37925_9	siaQ|siaQ_484243_bv	81.9	171	31	0	1	171	1	171	2.1e-78	293.9
SRR10507666|k141_37925_10	siaP|siaP_279185_bv	99.1	110	1	0	9	118	1	110	1.9e-54	213.8
SRR10507666|k141_37930_2	nanK|nanK_7216_bv	40.4	324	168	7	7	328	4	304	4.1e-54	214.2
SRR10507666|k141_7884_45	nagA|nagA_39046_bv	100.0	381	0	0	1	381	1	381	2.3e-226	786.6
SRR10507666|k141_23592_27	SIAE|SIAE_14671_refseq	97.1	448	13	0	52	499	1	448	2.3e-260	900.2
SRR10507666|k141_38223_1	satD|WP_306233816.1	45.8	249	130	3	2	249	27	271	1.8e-51	204.9
SRR10507666|k141_38292_44	neuD|neuD_1094_uniprot	99.0	208	2	0	1	208	1	208	3.6e-77	290.0
SRR10507666|k141_8097_39	kpsM|kpsM_62_bv	100.0	265	0	0	1	265	1	265	3.3e-144	513.1
SRR10507666|k141_8097_90	satD|MDO5656719.1	40.6	254	142	3	1	245	6	259	3.6e-42	174.5
SRR10507666|k141_48913_25	nanH|nanH_15173_bv	86.0	393	55	0	146	538	1	393	2.9e-203	710.3
SRR10507666|k141_48913_64	nanU|nanU_312230_bv	54.5	519	226	7	8	522	10	522	2.5e-159	564.3
SRR10507666|k141_38461_2	nanA|nanA_10812_bv	41.9	203	115	3	6	207	3	203	1.1e-38	162.2
SRR10507666|k141_23869_7	siaP|siaP_590789_bv	61.4	308	119	0	35	342	22	329	1.8e-102	374.8
SRR10507666|k141_23869_8	siaM|siaM_26847_bv	100.0	376	0	0	1	376	50	425	7.5e-198	691.8
SRR10507666|k141_38594_2	satD|XCB29287.1	47.1	257	129	2	7	257	16	271	1.5e-58	228.8
SRR10507666|k141_49035_1	nagA|nagA_26258_refseq	95.5	200	9	0	1	200	61	260	9.4e-107	388.3
SRR10507666|k141_8118_92	satB|WP_062515624.1	44.2	303	156	3	16	310	15	312	6.3e-65	250.0
SRR10507666|k141_8118_96	satD|WP_157242448.1	42.6	251	139	1	27	272	9	259	4.0e-49	197.6
SRR10507666|k141_38723_1	nagA|nagA_14991_bv	99.7	380	1	0	1	380	1	380	3.6e-224	779.2
SRR10507666|k141_8207_32	nanR|nanR_1411_uniprot	44.8	480	261	2	1	478	1	478	9.8e-110	399.4
SRR10507666|k141_8243_4	nanU|nanU_412311_bv	99.6	543	2	0	4	546	3	545	0.0e+00	1125.5
SRR10507666|k141_49118_10	nanU|nanU_371050_bv	49.1	582	282	6	26	607	19	586	5.5e-166	586.6
SRR10507666|k141_49118_138	SIAE|SIAE_54428_bv	42.2	633	192	4	4	631	10	473	4.4e-142	507.3
SRR10507666|k141_49124_2	siaM|siaM_199948_bv	100.0	428	0	0	1	428	1	428	2.1e-228	793.5
SRR10507666|k141_8250_11	nanU|nanU_461825_bv	41.5	614	305	11	19	629	3	565	4.7e-120	434.1
SRR10507666|k141_8259_2	nagB|nagB_3949_bv	100.0	243	0	0	1	243	1	243	6.9e-136	485.3
SRR10507666|k141_49162_10	nanU|nanU_24278_bv	43.8	518	256	16	1	504	1	497	1.2e-110	402.5
SRR10507666|k141_8388_1	nanK|nanK_16022_bv	96.2	209	8	0	26	234	1	209	6.0e-113	409.1
SRR10507666|k141_8402_4	kpsM|kpsM_889_bv	63.0	262	97	0	1	262	1	262	8.3e-87	322.4
SRR10507666|k141_8402_5	kpsT|kpsT_10521_bv	44.5	238	131	1	7	243	1	238	2.9e-60	234.2
SRR10507666|k141_24317_11	nagA|nagA_3475_bv	100.0	387	0	0	1	387	1	387	1.3e-224	780.8
SRR10507666|k141_8447_57	nanU|nanU_513643_bv	99.6	534	2	0	1	534	3	536	0.0e+00	1099.3
SRR10507666|k141_24402_1	nagB|nagB_170_bv	98.6	222	3	0	1	222	14	235	1.7e-120	434.1
SRR10507666|k141_8458_56	SIAE|SIAE_78326_bv	100.0	477	0	0	1	477	3	479	6.6e-284	978.0
SRR10507666|k141_49433_28	SIAE|SIAE_31754_bv	99.6	467	2	0	11	477	1	467	1.2e-282	973.8
SRR10507666|k141_24554_18	nagA|nagA_50808_bv	100.0	374	0	0	1	374	1	374	1.2e-216	754.2
SRR10507666|k141_8503_13	nanU|nanU_700_bv	100.0	529	0	0	1	529	1	529	0.0e+00	1101.7
SRR10507666|k141_8503_105	SIAE|SIAE_19013_uniprot	98.9	357	4	0	4	360	1	357	1.6e-208	727.6
SRR10507666|k141_24744_3	siaM|siaM_116944_bv	99.8	426	1	0	1	426	1	426	8.4e-214	745.0
SRR10507666|k141_49435_296	nanU|nanU_114568_bv	41.2	617	323	16	17	620	49	638	4.3e-118	427.6
SRR10507666|k141_49435_326	nanU|nanU_430414_bv	46.6	631	294	9	1	614	5	609	1.9e-158	561.6
SRR10507666|k141_49435_333	nanU|nanU_587387_bv	99.6	506	2	0	1	506	1	506	8.2e-301	1034.2
SRR10507666|k141_8541_162	nagA|nagA_2076_bv	100.0	388	0	0	1	388	1	388	1.1e-223	777.7
SRR10507666|k141_8541_163	nagA|nagA_191131_bv	100.0	390	0	0	1	390	1	390	1.9e-228	793.5
SRR10507666|k141_8541_175	satD|WP_162320857.1	40.5	195	108	6	10	199	25	216	7.7e-25	116.3
SRR10507666|k141_49462_6	satD|HJC70536.1	40.2	209	115	7	20	221	7	212	4.2e-26	120.6
SRR10507666|k141_24855_3	nanA|nanA_1082_bv	100.0	292	0	0	1	292	1	292	1.6e-168	594.0
SRR10507666|k141_49475_4	nagA|nagA_1145_bv	100.0	379	0	0	1	379	1	379	1.0e-223	777.7
SRR10507666|k141_49475_9	nagB|nagB_2725_bv	100.0	240	0	0	1	240	1	240	2.8e-134	479.9
SRR10507666|k141_49573_1	siaQ|siaQ_1878_bv	100.0	117	0	0	1	117	35	151	2.9e-60	233.0
SRR10507666|k141_49634_1	nanQ|nanQ_2301_uniprot	100.0	119	0	0	1	119	30	148	5.9e-64	245.4
SRR10507666|k141_25010_23	satD|WP_141820517.1	40.5	222	128	3	25	242	44	265	1.7e-33	145.2
SRR10507666|k141_25027_53	nanQ|nanQ_1747_bv	100.0	154	0	0	1	154	1	154	6.8e-89	328.6
SRR10507666|k141_49828_1	nanK|nanK_29398_bv	40.0	235	135	3	1	229	51	285	2.2e-38	161.4
SRR10507666|k141_25067_3	nanR|nanR_6423_uniprot	44.4	214	119	0	9	222	4	217	1.8e-45	184.9
SRR10507666|k141_9138_16	siaM|siaM_21348_bv	100.0	429	0	0	1	429	1	429	9.2e-160	565.5
SRR10507666|k141_25146_2	nanQ|nanQ_6198_uniprot	100.0	149	0	0	1	149	1	149	1.3e-84	314.3
SRR10507666|k141_25184_37	satD|WP_060565526.1	41.3	225	124	3	34	258	47	263	2.5e-38	161.4
SRR10507666|k141_25184_38	satD|MBM6620729.1	43.6	234	131	1	21	253	36	269	4.1e-46	187.2
SRR10507666|k141_50033_2	nagA|nagA_2688_bv	100.0	379	0	0	1	379	1	379	8.3e-213	741.5
SRR10507666|k141_9265_11	siaQ|siaQ_989_uniprot	77.2	171	39	0	1	171	1	171	4.2e-71	269.6
SRR10507666|k141_9265_12	siaM|siaM_21450_bv	100.0	434	0	0	1	434	1	434	4.5e-231	802.4
SRR10507666|k141_9265_13	nagB|nagB_15643_bv	100.0	257	0	0	1	257	1	257	7.5e-149	528.5
SRR10507666|k141_9265_14	nagB|nagB_52961_bv	100.0	246	0	0	1	246	1	246	8.2e-137	488.4
SRR10507666|k141_9265_15	nagA|nagA_159815_bv	100.0	394	0	0	1	394	2	395	6.8e-234	811.6
SRR10507666|k141_9265_18	siaQ|siaQ_109590_bv	40.4	161	96	0	1	161	1	161	3.9e-26	120.2
SRR10507666|k141_9265_19	siaM|siaM_4128_bv	100.0	434	0	0	1	434	1	434	6.1e-220	765.4
SRR10507666|k141_9342_16	satD|WP_278012708.1	41.0	212	109	6	20	220	28	234	1.1e-28	129.0
SRR10507666|k141_9356_7	nanU|nanU_311719_bv	55.9	494	208	3	1	491	1	487	2.4e-156	554.3
SRR10507666|k141_9401_3	SIAE|SIAE_626_uniprot	100.0	474	0	0	1	474	7	480	2.2e-287	989.6
SRR10507666|k141_25502_13	nanA|nanA_85763_refseq	100.0	292	0	0	1	292	1	292	2.6e-166	586.6
SRR10507666|k141_50312_2	satD|WP_166414582.1	47.5	257	128	4	4	255	8	262	3.6e-60	234.2
SRR10507666|k141_25642_2	satD|WP_144591788.1	41.5	207	113	6	17	216	30	235	1.6e-25	118.6
SRR10507666|k141_50350_40	nanU|nanU_170163_bv	48.6	578	280	9	3	579	2	563	5.1e-145	516.9
SRR10507666|k141_9617_35	nanU|nanU_303156_bv	96.2	422	16	0	24	445	1	422	8.2e-236	818.1
SRR10507666|k141_25650_34	nanR|nanR_6051_uniprot	55.2	210	93	1	5	214	8	216	8.7e-58	225.7
SRR10507666|k141_50431_10	satB|MFW5786653.1	40.4	314	174	5	1	303	1	312	7.5e-55	216.5
SRR10507666|k141_50431_13	satD|MDO4917719.1	53.7	216	99	1	1	216	27	241	9.3e-60	232.3
SRR10507666|k141_50486_2	neuD|neuD_1100_uniprot	100.0	195	0	0	1	195	4	198	7.1e-67	255.8
SRR10507666|k141_25690_13	siaT|siaT_73311_uniprot	99.3	453	3	0	1	453	1	453	1.5e-245	850.5
SRR10507666|k141_25761_50	nanK|nanK_7216_bv	40.5	311	171	5	8	315	4	303	1.9e-56	221.9
SRR10507666|k141_25761_64	nanU|nanU_527438_bv	55.1	575	249	8	1	570	32	602	6.9e-179	629.4
SRR10507666|k141_25761_71	nanU|nanU_313103_bv	50.1	569	244	11	3	568	2	533	5.3e-155	550.1
SRR10507666|k141_25819_1	kpsM|kpsM_531_bv	54.8	208	94	0	1	208	57	264	5.6e-62	239.6
SRR10507666|k141_9939_72	nanU|nanU_196140_bv	44.3	544	278	9	21	564	16	534	1.4e-123	445.7
SRR10507666|k141_9939_92	nanU|nanU_353704_bv	81.8	511	90	2	1	510	1	509	5.6e-257	888.6
SRR10507666|k141_9939_153	nanU|nanU_28472_bv	72.3	567	156	1	1	567	1	566	2.8e-249	863.2
SRR10507666|k141_10127_15	satD|WP_124091719.1	48.5	260	133	1	1	260	1	259	7.6e-66	253.1
SRR10507666|k141_10134_2	nanQ|nanQ_17_uniprot	100.0	135	0	0	1	135	16	150	1.2e-76	287.7
SRR10507666|k141_10231_1	nanU|nanU_534055_bv	45.5	453	223	12	1	439	132	574	1.1e-96	355.9
SRR10507666|k141_10263_2	SIAE|SIAE_11657_bv	100.0	469	0	0	1	469	2	470	1.3e-287	990.3
SRR10507666|k141_10289_2	siaP|siaP_333219_bv	98.8	84	1	0	1	84	32	115	1.6e-39	163.7
SRR10507666|k141_51130_39	ompF|ompF_6268_bv	65.9	361	112	4	1	351	1	360	3.8e-135	483.4
SRR10507666|k141_10600_40	nanU|nanU_186766_bv	98.4	516	8	0	1	516	4	519	8.1e-304	1044.3
SRR10507666|k141_51285_2	nanU|nanU_259305_bv	55.9	547	232	5	13	559	6	543	4.1e-176	620.2
SRR10507666|k141_10682_13	nanU|nanU_24278_bv	85.1	497	74	0	1	497	1	497	1.4e-260	900.6
SRR10507666|k141_10900_2	nagB|nagB_1815_bv	100.0	240	0	0	1	240	1	240	1.3e-134	481.1
SRR10507666|k141_51493_1	satD|WP_075379571.1	49.8	235	113	3	12	245	40	270	6.5e-58	226.5
SRR10507666|k141_10955_1	neuA|neuA_18155_bv	99.5	190	1	0	1	190	1	190	1.6e-103	377.5
SRR10507666|k141_11000_2	nanK|nanK_23258_bv	100.0	61	0	0	1	61	1	61	1.1e-29	130.6
SRR10507666|k141_11070_1	satD|WP_022922052.1	47.4	249	118	2	1	237	26	273	3.3e-55	217.6
SRR10507666|k141_51703_3	nanU|nanU_214804_bv	46.6	545	258	12	20	546	11	540	1.7e-126	455.3
SRR10507666|k141_51703_20	nanU|nanU_276196_bv	59.8	523	199	7	13	527	9	528	1.2e-185	651.7
SRR10507666|k141_11083_183	nagA|nagA_665_bv	100.0	363	0	0	1	363	1	363	3.7e-210	732.6
SRR10507666|k141_11083_205	siaP|siaP_427460_bv	61.4	342	126	2	2	343	5	340	2.5e-115	417.5
SRR10507666|k141_11083_206	siaQ|siaQ_522331_bv	100.0	164	0	0	1	164	1	164	2.4e-84	313.5
SRR10507666|k141_11083_207	siaM|siaM_18254_bv	100.0	426	0	0	1	426	1	426	1.0e-219	764.6
SRR10507666|k141_11199_3	kpsM|kpsM_539_bv	44.3	465	258	1	10	473	7	471	2.9e-106	387.9
SRR10507666|k141_11199_4	kpsT|kpsT_10521_bv	49.5	220	110	1	13	231	22	241	3.5e-60	233.8
SRR10507666|k141_11238_3	kpsM|kpsM_539_bv	43.5	480	255	5	1	473	1	471	6.5e-98	360.1
SRR10507666|k141_11238_4	kpsT|kpsT_10521_bv	46.7	240	127	1	1	239	2	241	4.2e-61	236.9
SRR10507666|k141_11260_11	nanU|nanU_258096_bv	61.7	517	188	2	1	511	1	513	2.0e-185	651.0
SRR10507666|k141_11286_13	nanU|nanU_14675_bv	52.3	639	273	15	9	646	4	611	1.2e-179	632.1
SRR10507666|k141_11380_1	nanR|nanR_1299_uniprot	45.3	223	122	0	1	223	1	223	1.2e-46	188.7
SRR10507666|k141_11380_4	siaQ|siaQ_85127_bv	49.7	173	87	0	1	173	1	173	8.2e-39	162.5
SRR10507666|k141_11380_5	siaM|siaM_80307_bv	100.0	427	0	0	1	427	1	427	8.7e-219	761.5
SRR10507666|k141_11637_14	satB|WP_371146800.1	41.3	315	182	2	1	314	1	313	4.8e-57	223.8
SRR10507666|k141_11962_3	nanR|nanR_2828_uniprot	100.0	245	0	0	1	245	5	249	4.2e-133	476.1
SRR10507666|k141_12115_7	siaP|siaP_686519_bv	67.6	312	101	0	43	354	20	331	3.2e-126	453.8
SRR10507666|k141_12115_15	siaM|siaM_38540_bv	99.8	437	1	0	1	437	1	437	4.7e-212	739.2
SRR10507666|k141_12115_16	siaQ|siaQ_662_uniprot	56.3	158	69	0	3	160	5	162	5.9e-43	176.0
SRR10507666|k141_12311_66	satD|WP_121660542.1	40.2	219	112	8	4	208	3	216	4.6e-25	117.1
SRR10507666|k141_12471_56	nanR|nanR_8_bv	100.0	263	0	0	1	263	1	263	4.1e-126	453.0
SRR10507666|k141_12471_57	nanA|nanA_5472_bv	100.0	297	0	0	1	297	1	297	5.4e-167	589.0
SRR10507666|k141_12471_58	nanT|nanT_4300_bv	100.0	496	0	0	1	496	11	506	1.2e-283	977.2
SRR10507666|k141_12471_59	nanE|nanE_8421_bv	100.0	229	0	0	1	229	33	261	8.8e-125	448.4
SRR10507666|k141_12471_60	nanK|nanK_717_bv	100.0	291	0	0	1	291	1	291	3.4e-158	559.7
SRR10507666|k141_12471_61	nanQ|nanQ_4_bv	100.0	154	0	0	1	154	1	154	6.0e-85	315.5
SRR10507666|k141_12471_129	nagB|nagB_62438_bv	44.0	225	124	2	14	237	24	247	2.8e-49	197.6
SRR10507666|k141_12471_135	nagA|nagA_31930_refseq	98.4	377	6	0	1	377	1	377	7.7e-211	734.9
SRR10507666|k141_12523_41	siaP|siaP_733330_bv	100.0	239	0	0	1	239	1	239	1.5e-130	468.0
SRR10507666|k141_12523_42	siaQ|siaQ_388033_bv	100.0	167	0	0	1	167	5	171	1.1e-81	304.7
SRR10507666|k141_12523_43	siaM|siaM_3328_bv	100.0	433	0	0	1	433	1	433	1.8e-227	790.4
SRR10507666|k141_12595_2	satD|MFR4999822.1	40.8	223	130	2	1	223	9	229	1.0e-45	185.7
SRR10507666|k141_12737_2	siaQ|siaQ_562869_bv	90.6	159	15	0	1	159	1	159	8.1e-77	288.5
SRR10507666|k141_12737_3	siaM|siaM_9008_bv	100.0	423	0	0	1	423	1	423	2.0e-223	776.9
SRR10507666|k141_12737_6	nanR|nanR_1299_uniprot	42.2	223	129	0	1	223	1	223	1.2e-41	172.2
SRR10507666|k141_12798_1	nanH|nanH_1724_bv	100.0	256	0	0	1	256	42	297	1.3e-158	560.8
SRR10507666|k141_12809_2	nagB|nagB_203151_bv	100.0	243	0	0	24	266	1	243	1.0e-137	491.5
